Label,File,Jf,Ja,Bandwidth,Power_dB,SubDataset,P2Median
AUV: Field Trials,leg1_straight_line_2_8m_s_6922_827-837.wav,0.4777072369530639,0.9497318822768328,2.0,-62.159714,,151.90660095214844
AUV: Field Trials,leg2_straight_line_1_8m_s_6922_840-857.wav,1.0,0.994285854075111,2.0,-62.575638,,7.202319622039795
AUV: Field Trials,leg3_straight_line_1_112m_s_6922_900-910.wav,0.999987358868419,0.9923374146961392,2.0,-62.221405,,5.89563512802124
AUV: Field Trials,leg1_straight_line_2_8m_s_6695_827-837.wav,0.9480654987982584,0.7380045091278357,5.0,-37.931385,,10.001806259155272
AUV: Field Trials,leg2_straight_line_1_8m_s_6695_840-857.wav,0.7831777795913321,0.731611595379469,3.0,-38.93253,,8.114173889160156
AUV: Field Trials,leg3_straight_line_1_112m_s_6695_900-910.wav,0.6038456025220059,0.6674236731050144,1.0,-38.64444,,4.436920166015625
AUV: Field Trials,leg1_Polygon_6922_921-929.wav,1.0,0.996939425210296,2.0,-56.16837,,2.405614137649536
AUV: Field Trials,leg2_Polygon_6922_934-955.wav,1.0,0.9963203791506716,2.0,-55.732468,,1.8594073057174685
AUV: Field Trials,leg1_Polygon_6695_921-929.wav,0.6853929598743544,0.8357324842968371,2.0,-38.384594,,3.4569430351257324
AUV: Field Trials,leg2_Polygon_6695_934-955.wav,0.5850844345450539,0.6348313756050571,1.0,-38.2645,,2.37058424949646
AUV: Field Trials,array_6ch.wav,0.7640578822102284,0.8938307243172088,2.0,-23.576427,,28.118328094482425
AUV: Field Trials,array_ch1.wav,0.7640578822102284,0.8938307243172088,2.0,-23.576427,,28.118328094482425
AUV: Field Trials,array_ch2.wav,0.975028423333336,0.9324364233224488,2.0,-27.297104,,22.349822998046875
AUV: Field Trials,array_ch3.wav,0.934991826578027,0.9134240569512156,3.0,-24.293674,,30.89318084716797
AUV: Field Trials,array_ch4.wav,0.8433114910496353,0.8652672948648097,22.0,-22.860289,,25.3070125579834
AUV: Field Trials,array_ch5.wav,0.859933208626295,0.919540998093738,3.0,-28.156036,,30.07286834716797
AUV: Field Trials,array_ch6.wav,0.763035745314029,0.7255476789494614,8.0,-20.010471,,19.383358001708984
AUV: Field Trials,array_6ch.wav,0.93914503236828,0.6265984053338395,26.0,-29.635822,,28.118328094482425
AUV: Field Trials,array_ch1.wav,0.93914503236828,0.6265984053338395,26.0,-29.635822,,28.118328094482425
AUV: Field Trials,array_ch2.wav,0.7147486774040499,0.8876235810835421,3.0,-29.446344,,22.349822998046875
AUV: Field Trials,array_ch3.wav,1.0,0.9955555316441864,2.0,-33.698566,,30.89318084716797
AUV: Field Trials,array_ch4.wav,0.7766022810694283,0.8460664280513258,5.0,-30.629446,,25.3070125579834
AUV: Field Trials,array_ch5.wav,0.8583861229246527,0.9378551770955575,2.0,-37.658066,,30.07286834716797
AUV: Field Trials,array_ch6.wav,0.7283621067271491,0.6599105382779502,11.0,-25.621315,,19.383358001708984
AUV: Field Trials,array_6ch.wav,0.889278082813285,0.7870719120541944,4.0,-28.632263,,28.118328094482425
AUV: Field Trials,array_ch1.wav,0.889278082813285,0.7870719120541944,4.0,-28.632263,,28.118328094482425
AUV: Field Trials,array_ch2.wav,0.8124739200619596,0.7727543692771371,2.0,-29.979774,,22.349822998046875
AUV: Field Trials,array_ch3.wav,0.9484750631659166,0.988825745429469,2.0,-30.820047,,30.89318084716797
AUV: Field Trials,array_ch4.wav,0.7464281392174016,0.8717411305093495,6.0,-28.764746,,25.3070125579834
AUV: Field Trials,array_ch5.wav,0.8909313263005819,0.8895482054181348,2.0,-35.73982,,30.07286834716797
AUV: Field Trials,array_ch6.wav,0.6782774900443519,0.681690311466406,24.0,-24.706774,,19.383358001708984
AUV: Field Trials,array_6ch.wav,0.9295332703023266,0.7132364595080043,9.0,-25.27671,,28.118328094482425
AUV: Field Trials,array_ch1.wav,0.9295332703023266,0.7132364595080043,9.0,-25.27671,,28.118328094482425
AUV: Field Trials,array_ch2.wav,0.8473819604928979,0.8943998084506787,3.0,-26.481335,,22.349822998046875
AUV: Field Trials,array_ch3.wav,0.9787114845938376,0.9915821117141422,2.0,-28.003952,,30.89318084716797
AUV: Field Trials,array_ch4.wav,0.8381976476924882,0.8611977719690502,3.0,-25.977016,,25.3070125579834
AUV: Field Trials,array_ch5.wav,0.9516654027190228,0.977607718389157,2.0,-32.8444,,30.07286834716797
AUV: Field Trials,array_ch6.wav,0.7555807152178041,0.5718828566144732,4.0,-22.259552,,19.383358001708984
AUV: Field Trials,array_6ch.wav,0.9289030901848316,0.9176650874474448,3.0,-31.614273,,28.118328094482425
AUV: Field Trials,array_ch1.wav,0.9289030901848316,0.9176650874474448,3.0,-31.614273,,28.118328094482425
AUV: Field Trials,array_ch2.wav,0.8752340342826637,0.8000956644015899,2.0,-33.832165,,22.349822998046875
AUV: Field Trials,array_ch3.wav,0.947522884417186,0.993216274208011,2.0,-33.320034,,30.89318084716797
AUV: Field Trials,array_ch4.wav,0.7797371410982299,0.868193007071045,2.0,-31.653242,,25.3070125579834
AUV: Field Trials,array_ch5.wav,0.9508644567235406,0.9860922095752578,2.0,-38.378994,,30.07286834716797
AUV: Field Trials,array_ch6.wav,0.7230919148096389,0.6899199543877335,64.0,-27.515238,,19.383358001708984
AUV: Field Trials,array_6ch.wav,0.8647662534124535,0.7132274379500726,18.0,-24.053791,,28.118328094482425
AUV: Field Trials,array_ch1.wav,0.8647662534124535,0.7132274379500726,18.0,-24.053791,,28.118328094482425
AUV: Field Trials,array_ch2.wav,0.989885764683648,0.9896437923976644,2.0,-28.9887,,22.349822998046875
AUV: Field Trials,array_ch3.wav,0.9077443025083975,0.9922425525438924,2.0,-25.89163,,30.89318084716797
AUV: Field Trials,array_ch4.wav,0.797439205448773,0.929716298381893,2.0,-24.94519,,25.3070125579834
AUV: Field Trials,array_ch5.wav,0.9796735146816185,0.9872205680635598,2.0,-30.034449,,30.07286834716797
AUV: Field Trials,array_ch6.wav,0.7216277082295542,0.6927364600730826,5.0,-21.27261,,19.383358001708984
AUV: Field Trials,array_6ch.wav,0.991447311549219,0.9802476898211177,2.0,-26.476845,,28.118328094482425
AUV: Field Trials,array_ch1.wav,0.991447311549219,0.9802476898211177,2.0,-26.476845,,28.118328094482425
AUV: Field Trials,array_ch2.wav,0.9787610619469026,0.9936537731048884,2.0,-31.88174,,22.349822998046875
AUV: Field Trials,array_ch3.wav,1.0,0.9972535101375144,2.0,-29.664604,,30.89318084716797
AUV: Field Trials,array_ch4.wav,0.970086637694188,0.9843011827588626,2.0,-28.116827,,25.3070125579834
AUV: Field Trials,array_ch5.wav,1.0,0.9940287279720604,2.0,-35.250305,,30.07286834716797
AUV: Field Trials,array_ch6.wav,0.8858014712535619,0.7315857691120368,5.0,-23.469398,,19.383358001708984
AUV: Field Trials,array_6ch.wav,0.9308660743978336,0.8049494374254704,12.0,-22.914593,,28.118328094482425
AUV: Field Trials,array_ch1.wav,0.9308660743978336,0.8049494374254704,12.0,-22.914593,,28.118328094482425
AUV: Field Trials,array_ch2.wav,0.4399235912129895,0.8432118213062931,2.0,-23.67186,,22.349822998046875
AUV: Field Trials,array_ch3.wav,1.0,0.9946515766557348,2.0,-26.810045,,30.89318084716797
AUV: Field Trials,array_ch4.wav,0.6829689256318213,0.8459935946501466,3.0,-24.642715,,25.3070125579834
AUV: Field Trials,array_ch5.wav,0.8828089752199894,0.9608172153823432,2.0,-32.028477,,30.07286834716797
AUV: Field Trials,array_ch6.wav,0.5797441811700567,0.7478407873984838,2.0,-20.73355,,19.383358001708984
Garda: Petrol Craft,1006.wav,0.5755993778338558,0.8061271057034861,4.0,-57.327835,,2.883711099624634
Garda: Petrol Craft,1008.wav,0.9241581520982124,0.955160410146188,4.0,-59.534725,,2.1951913833618164
Garda: Petrol Craft,1014.wav,0.9839033801153082,0.9184736208647638,3.0,-59.85163,,10.004947662353516
Garda: Petrol Craft,1028.wav,0.8140423773239025,0.8583464613002169,3.0,-57.69604,,6.946635723114014
Garda: Petrol Craft,1033.wav,0.9086000031238474,0.8219005605941166,12.0,-58.88022,,11.366342544555664
Garda: Petrol Craft,1037.wav,0.8558488419656193,0.8625047620633189,16.0,-57.951538,,19.73660659790039
Garda: Petrol Craft,1040.wav,0.8494784212777352,0.8738726949693311,22.0,-58.22438,,4.163692474365234
Garda: Petrol Craft,1044.wav,0.7780859858376684,0.8504534376588451,4.0,-54.217953,,6.065722465515137
Hear My Ship: Tour Boats,Tourboat_1_01.09.23_183403_20secCPA.wav,0.7107040985750169,0.912302625662406,3.0,-46.19196,,19.32367522068826
Hear My Ship: Tour Boats,Tourboat_1_02.09.23_073045_20secCPA.wav,1.0,0.9348164107437984,3.0,-51.61642,,10.802646524654262
Hear My Ship: Tour Boats,Tourboat_1_03.08.23_123640_20secCPA.wav,1.0,0.9313236931943788,3.0,-53.034805,,7.814227893814096
Hear My Ship: Tour Boats,Tourboat_1_03.09.23_093846_20secCPA.wav,1.0,0.9360932298652022,2.0,-52.2807,,12.795173710136128
Hear My Ship: Tour Boats,Tourboat_1_03.09.23_151547_20secCPA.wav,1.0,0.9844358991384572,2.0,-52.500443,,7.90864913987493
Hear My Ship: Tour Boats,Tourboat_1_04.09.23_094010_20secCPA.wav,0.9307692307692308,0.8793607071808694,2.0,-54.904816,,8.512820459270648
Hear My Ship: Tour Boats,Tourboat_1_04.09.23_110902_20secCPA.wav,0.9307692307692308,0.9128191489135352,2.0,-45.712082,,34.94040667094453
Hear My Ship: Tour Boats,Tourboat_1_04.09.23_130712_20secCPA.wav,0.8909090909090909,0.9599079599110566,2.0,-47.17897,,15.037510887621222
Hear My Ship: Tour Boats,Tourboat_1_04.09.23_153804_20secCPA.wav,0.9307692307692308,0.960443336356398,2.0,-45.097103,,28.01199071610713
Hear My Ship: Tour Boats,Tourboat_1_04.09.23_183606_20secCPA.wav,0.9439153082442108,0.9217237139731594,2.0,-46.690002,,11.943687726230545
Hear My Ship: Tour Boats,Tourboat_1_05.09.23_130728_20secCPA.wav,0.7581711845007119,0.9711330545445954,3.0,-44.446484,,11.598922797565946
Hear My Ship: Tour Boats,Tourboat_1_05.09.23_183306_20secCPA.wav,0.9291809470518292,0.9506929590059516,3.0,-45.467102,,25.40256206532481
Hear My Ship: Tour Boats,Tourboat_1_08.08.23_144035_20secCPA.wav,0.999951521443192,0.9492532062932376,3.0,-51.052887,,13.273092283777292
Hear My Ship: Tour Boats,Tourboat_1_08.08.23_154258_20secCPA.wav,1.0,0.9723780195458668,3.0,-52.669395,,8.755644705060305
Hear My Ship: Tour Boats,Tourboat_1_16.08.23_183254_20secCPA.wav,0.784,0.9605991563158064,2.0,-47.06746,,23.20270021182251
Hear My Ship: Tour Boats,Tourboat_1_17.08.23_071711_20secCPA.wav,0.9567031998236792,0.9659313892409244,2.0,-50.27475,,15.614813219300462
Hear My Ship: Tour Boats,Tourboat_1_17.08.23_094132_20secCPA.wav,0.9999619613454817,0.9499461333144184,3.0,-53.17886,,10.27018918221568
Hear My Ship: Tour Boats,Tourboat_1_17.08.23_100802_20secCPA.wav,0.8929218226144169,0.9460986546798936,3.0,-46.784595,,19.978059726462075
Hear My Ship: Tour Boats,Tourboat_1_17.08.23_140702_20secCPA.wav,0.8946808510638298,0.9794912778349474,2.0,-47.709732,,33.38409159207675
Hear My Ship: Tour Boats,Tourboat_1_18.08.23_134144_20secCPA.wav,1.0,0.9639476405506296,2.0,-53.77937,,7.257477350443792
Hear My Ship: Tour Boats,Tourboat_1_19.08.23_110831_20secCPA.wav,0.9586956521739132,0.9205425753552784,2.0,-45.218323,,29.957270908928145
Hear My Ship: Tour Boats,Tourboat_1_22.08.23_110848_20secCPA.wav,0.8486497949950516,0.9425396804100568,2.0,-45.465855,,34.39572229971142
Hear My Ship: Tour Boats,Tourboat_1_22.08.23_130809_20secCPA.wav,0.9066520349869284,0.8766696563939487,2.0,-45.696457,,22.62316090591203
Hear My Ship: Tour Boats,Tourboat_1_22.08.23_181559_20secCPA.wav,0.7616261549943761,0.966362496230708,2.0,-51.80446,,7.22276932403321
Hear My Ship: Tour Boats,Tourboat_1_23.08.23_071652_20secCPA.wav,0.7543068713659385,0.9266028336776464,2.0,-52.226074,,19.988676807830096
Hear My Ship: Tour Boats,Tourboat_1_24.08.23_071830_20secCPA.wav,1.0,0.9809908720639084,2.0,-51.350864,,19.04690921371493
Hear My Ship: Tour Boats,Tourboat_1_24.08.23_100751_20secCPA.wav,0.876791789991978,0.9766533237386076,3.0,-47.709927,,18.893388887817792
Hear My Ship: Tour Boats,Tourboat_1_24.08.23_103817_20secCPA.wav,1.0,0.9326128031085712,3.0,-53.519066,,10.165809036507708
Hear My Ship: Tour Boats,Tourboat_1_25.08.23_144013_20secCPA.wav,1.0,0.975162866544258,2.0,-52.984215,,8.771068309687786
Hear My Ship: Tour Boats,Tourboat_1_26.08.23_181526_20secCPA.wav,0.6187183433253566,0.9464118615228057,2.0,-53.367085,,10.041499205002165
Hear My Ship: Tour Boats,Tourboat_1_31.08.23_090751_20secCPA.wav,0.9302095385010928,0.8804788546284366,3.0,-45.29632,,29.19886001003334
Hear My Ship: Tour Boats,Tourboat_1_31.08.23_100714_20secCPA.wav,0.9597381142544874,0.9188969611830956,2.0,-45.065132,,25.018723723730897
Hear My Ship: Tour Boats,Tourboat_1_31.08.23_140743_20secCPA.wav,0.959710074570444,0.9241029409152796,3.0,-44.56673,,46.86480023149802
Hear My Ship: Tour Boats,Tourboat_A_18.08.23_071749_20secCPA.wav,1.0,0.9689477762005492,3.0,-50.656982,,22.410166895428503
Hear My Ship: Tour Boats,TourBoat_2_03.08.23_151238_20secCPA.wav,0.9998866341684616,0.9644141516959098,2.0,-50.879448,,27.011796668271632
Hear My Ship: Tour Boats,TourBoat_2_05.09.23_124400_20secCPA.wav,0.5669524509630383,0.9413734008013902,3.0,-52.36408,,27.26308059633597
Hear My Ship: Tour Boats,TourBoat_2_22.08.23_174304_20secCPA.wav,0.9597040605643496,0.90999140204147,3.0,-49.232502,,7.9919931956613075
Hear My Ship: Tour Boats,TourBoat_2_23.08.23_124256_20secCPA.wav,0.5536350955797661,0.9608853888344526,3.0,-51.160934,,32.50947092601226
Hear My Ship: Tour Boats,TourBoat_2_28.08.23_101254_20secCPA.wav,0.9603586516078972,0.9710072434503664,2.0,-50.72411,,57.69729777353179
Hear My Ship: Tour Boats,TourBoat_2_28.08.23_124142_20secCPA.wav,0.9971601657120346,0.8795357338621431,18.0,-43.38498,,5.001738304752278
Hear My Ship: Tour Boats,TourBoat_2_28.08.23_151013_20secCPA.wav,1.0,0.98808886553821,2.0,-51.150406,,13.262939133125142
Hear My Ship: Tour Boats,TourBoat_2_31.08.23_124320_20secCPA.wav,0.9999057492931196,0.9615558119638772,3.0,-50.925602,,17.70382801888617
Hear My Ship: Tour Boats,TourBoat_3_White_Grey_01.09.23_102402_20secCPA.wav,0.9544625159902724,0.9554598807775182,3.0,-45.75843,,97.31530999452752
Hear My Ship: Tour Boats,TourBoat_3_White_Grey_22.08.23_170819_20secCPA.wav,0.9820793302647433,0.9162391890811996,3.0,-44.722054,,38.3969442417889
Hear My Ship: Tour Boats,TourBoat_3_White_Grey_23.08.23_143001_20secCPA.wav,0.9514940860850052,0.9668595424840124,3.0,-41.754906,,55.87724548620383
Hear My Ship: Tour Boats,TourBoat_4_White_Brown_White_Bouys_05.09.23_183055_20secCPA.wav,0.6687426426493126,0.9192239260801988,2.0,-45.037453,,8.799352362128543
Hear My Ship: Tour Boats,TourBoat_4_White_Brown_White_Bouys_09.08.23_084450_20secCPA.wav,0.9146414979961608,0.7504480930429842,2.0,-40.52707,,5.138146094833649
Hear My Ship: Tour Boats,TourBoat_5_White_WideBrown_White_Bouys_24.08.23_101218_20secCPA.wav,0.9316408954534964,0.8362133035032997,3.0,-41.70971,,5.803983707563958
Hear My Ship: Tour Boats,TourBoat_5_White_WideBrown_White_Bouys_31.08.23_100037_20secCPA.wav,0.8820990479677774,0.8544891382250143,3.0,-41.82651,,6.1958589679007225
Hear My Ship: Tour Boats,TourBoat_5_White_WideBrown_White_Bouys_026.08.23_160612_20secCPA.wav,0.5928343477859691,0.9646136955668276,3.0,-41.99987,,11.59113824983006
Hear My Ship: Tour Boats,Tourboat_unk_01.09.23_172029_20secCPA.wav,0.7999403074964815,0.932138277700364,3.0,-43.414803,,10.306237089071988
Hear My Ship: Tour Boats,TourBoat_6_White_Red_White_Bouys_01.09.23_151307_20secCPA.wav,0.8842883241525953,0.9879807113475212,2.0,-43.220844,,6.096049688317874
Hear My Ship: Tour Boats,TourBoat_6_White_Red_White_Bouys_18.08.23_101417_20secCPA.wav,0.9445221549593438,0.9796078935004542,2.0,-44.84353,,7.941587364778919
Hear My Ship: Tour Boats,TourBoat_7_White_Trimaran_01.09.23_095028_20secCPA.wav,0.4881981838377457,0.98623916107354,3.0,-46.542133,,18.34806697741458
Hear My Ship: Tour Boats,TourBoat_7_White_Trimaran_01.09.23_160357_20secCPA.wav,0.7662762913675928,0.8666613403369587,4.0,-43.156113,,53.18910821635088
Hear My Ship: Tour Boats,TourBoat_7_White_Trimaran_03.08.23_160705_20secCPA.wav,0.3014364924151762,0.9109821888458068,2.0,-35.88844,,131.7981614513516
Hear My Ship: Tour Boats,TourBoat_8_Brown_Blue_02.09.23_104550_20secCPA.wav,0.8749501532786681,0.9395422804431344,3.0,-43.147892,,11.054926000719894
Hear My Ship: Tour Boats,TourBoat_8_Brown_Blue_04.09.23_161810_20secCPA.wav,0.981740956063773,0.8821321824909463,3.0,-35.970966,,62.49315833814087
Hear My Ship: Tour Boats,TourBoat_8_Brown_Blue_31.08.23_162121_20secCPA.wav,0.9603518753171356,0.8832182450046672,3.0,-34.51365,,32.56389327657382
Hear My Ship: Tour Boats,TourBoat_8_Fast_24.08.23_100912_20secCPA.wav,0.4286010206351549,0.8349597062764735,3.0,-40.12135,,5.150334989901331
Hear My Ship: Tour Boats,TourBoat_9_Brown_White_Mast_01.09.23_101922_20secCPA.wav,0.5141276716109748,0.8647562151241843,3.0,-46.989933,,11.100083447257736
Hear My Ship: Tour Boats,TourBoat_9_Brown_White_Mast_05.09.23_170033_20secCPA.wav,0.4225848933974977,0.9705889526422226,3.0,-51.621964,,7.329741287101027
Hear My Ship: Tour Boats,TourBoat_9_Brown_White_Mast_23.08.23_102520_20secCPA.wav,0.4984331759900051,0.9236568169408595,3.0,-46.83968,,14.627114135113862
Garda: Electric Craft,0928.wav,0.9917381955556588,0.9245448319029352,4.0,-60.464706,,8.844362258911133
Garda: Electric Craft,0937.wav,0.9425851224075682,0.9487918426892592,3.0,-60.362488,,12.856629371643066
Garda: Electric Craft,0946.wav,0.7638561745363152,0.5698676873951958,6.0,-56.053204,,6.93972635269165
Garda: Electric Craft,0951.wav,0.9207220476354075,0.919332832706122,3.0,-60.06058,,9.241414070129396
Garda: Electric Craft,0958.wav,0.8208786782573739,0.9077393954595516,3.0,-58.218838,,3.90687894821167
Hear My Ship: Motor Boats,Motorboat_01.09.23_072916_20secCPA.wav,0.8800249947927515,0.9231419377657862,2.0,-52.308968,,2.488802980044928
Hear My Ship: Motor Boats,Motorboat_01.09.23_073809_20secCPA.wav,0.943331233181612,0.8995122131210066,2.0,-41.847996,,5.968069954836638
Hear My Ship: Motor Boats,Motorboat_01.09.23_085154_20secCPA.wav,0.4925588455867168,0.9215014954348976,3.0,-46.306717,,7.291752632443515
Hear My Ship: Motor Boats,Motorboat_01.09.23_085334_20secCPA.wav,0.3526193733827388,0.8834933470065347,2.0,-40.58296,,90.87088305201588
Hear My Ship: Motor Boats,Motorboat_01.09.23_085822_20secCPA.wav,0.866690884769791,0.8957433866530069,7.0,-47.46093,,4.404379234964839
Hear My Ship: Motor Boats,Motorboat_01.09.23_090454_20secCPA.wav,0.6258017357475326,0.6565134091091448,2.0,-42.98284,,46.05342349719826
Hear My Ship: Motor Boats,Motorboat_01.09.23_092242_20secCPA.wav,0.9407591895665792,0.902461672257828,10.0,-45.998886,,28.601259986568337
Hear My Ship: Motor Boats,Motorboat_01.09.23_100710_20secCPA.wav,0.8818830764067033,0.9207698295050524,3.0,-42.663803,,15.561253478025224
Hear My Ship: Motor Boats,Motorboat_01.09.23_104053_20secCPA.wav,0.7823410221731416,0.9651696908758528,3.0,-45.039066,,28.61034749231274
Hear My Ship: Motor Boats,Motorboat_01.09.23_104209_20secCPA.wav,0.8291053804458123,0.9273706329491948,7.0,-47.043644,,27.94867741052095
Hear My Ship: Motor Boats,Motorboat_01.09.23_105739_20secCPA.wav,0.9498053695797808,0.8801223748737398,3.0,-42.58209,,6.719532056065525
Hear My Ship: Motor Boats,Motorboat_01.09.23_110956_20secCPA.wav,0.9588557299157624,0.9325752910308578,3.0,-43.534798,,9.194313466458336
Hear My Ship: Motor Boats,Motorboat_01.09.23_113540_20secCPA.wav,0.8961848991121794,0.9397405887295068,2.0,-50.947495,,30.32128466403413
Hear My Ship: Motor Boats,Motorboat_01.09.23_114407_20secCPA.wav,0.8604145071334773,0.924231270312843,3.0,-46.92666,,9.18561716080667
Hear My Ship: Motor Boats,Motorboat_01.09.23_121514_20secCPA.wav,0.9452655836409904,0.8636366482017206,2.0,-43.562622,,50.93061744232335
Hear My Ship: Motor Boats,Motorboat_01.09.23_121753_20secCPA.wav,0.6854550950512299,0.9184765775684132,5.0,-45.619812,,137.52808232077533
Hear My Ship: Motor Boats,Motorboat_01.09.23_121911_20secCPA.wav,0.9826805524599712,0.927893223579672,4.0,-43.00641,,15.227214967479933
Hear My Ship: Motor Boats,Motorboat_01.09.23_122223_20secCPA.wav,0.4439716809579363,0.7411272100067696,3.0,-40.74356,,229.70303837928896
Hear My Ship: Motor Boats,Motorboat_01.09.23_130106_20secCPA.wav,0.9998305958069424,0.9327713985509396,4.0,-45.364212,,67.29958984626278
Hear My Ship: Motor Boats,Motorboat_01.09.23_131148_20secCPA.wav,0.8642857142857143,0.9069002139646324,3.0,-41.126434,,3.958666678447925
Hear My Ship: Motor Boats,Motorboat_01.09.23_132059_20secCPA.wav,0.9893869410035692,0.8954907501940705,3.0,-44.97343,,4.721494058543786
Hear My Ship: Motor Boats,Motorboat_01.09.23_132459_20secCPA.wav,0.9026227252780272,0.8834714727294565,5.0,-50.068665,,69.69366977993351
Hear My Ship: Motor Boats,Motorboat_01.09.23_133458_20secCPA.wav,0.9421123480555144,0.9753385063164036,3.0,-46.70401,,11.982803894968082
Hear My Ship: Motor Boats,Motorboat_01.09.23_134437_20secCPA.wav,0.9878099556034776,0.7546884300369356,4.0,-39.330765,,8.449362702420167
Hear My Ship: Motor Boats,Motorboat_01.09.23_134609_20secCPA.wav,0.6165637573104253,0.8673677324543556,2.0,-43.462505,,49.074308339145226
Hear My Ship: Motor Boats,Motorboat_01.09.23_134935_20secCPA.wav,0.987645408319402,0.8593949565068847,3.0,-42.655964,,6.578314450364435
Hear My Ship: Motor Boats,Motorboat_01.09.23_141044_20secCPA.wav,0.9622470933522624,0.9096230434074566,2.0,-39.692562,,21.731764012517623
Hear My Ship: Motor Boats,Motorboat_01.09.23_141834_20secCPA.wav,0.99988290505662,0.9064638138829484,6.0,-45.76184,,31.497094147817016
Hear My Ship: Motor Boats,Motorboat_01.09.23_142857_20secCPA.wav,0.8623408049657331,0.9237849855373448,11.0,-38.009346,,501.841186616028
Hear My Ship: Motor Boats,Motorboat_01.09.23_144457_20secCPA.wav,0.8117832879639957,0.9490207607102384,3.0,-48.638973,,19.534233861542944
Hear My Ship: Motor Boats,Motorboat_01.09.23_151844_20secCPA.wav,0.99276377643887,0.8493228811791692,4.0,-38.132618,,4.511975888125956
Hear My Ship: Motor Boats,Motorboat_01.09.23_160533_20secCPA.wav,0.9888372197085604,0.9309189376042448,28.0,-42.46801,,37.308457949367146
Hear My Ship: Motor Boats,Motorboat_01.09.23_162309_20secCPA.wav,0.9060635592065996,0.8828937592293998,3.0,-52.062984,,6.8316991976631245
Hear My Ship: Motor Boats,Motorboat_01.09.23_162951_20secCPA.wav,0.9875991087136572,0.8508508913664428,4.0,-42.970867,,13.23117617645281
Hear My Ship: Motor Boats,Motorboat_01.09.23_163438_20secCPA.wav,0.9132668397589224,0.8658415032117488,7.0,-43.228474,,362.7747029646613
Hear My Ship: Motor Boats,Motorboat_01.09.23_171501_20secCPA.wav,0.3829566327468104,0.8176215671653856,3.0,-46.09594,,76.05819173263485
Hear My Ship: Motor Boats,Motorboat_01.09.23_172512_20secCPA.wav,0.9301698914872736,0.863747507715063,3.0,-42.653473,,20.770478021787675
Hear My Ship: Motor Boats,Motorboat_01.09.23_183934_20secCPA.wav,0.6019660208564297,0.8277976950874903,2.0,-40.069218,,175.4821198353388
Hear My Ship: Motor Boats,Motorboat_01.09.23_184334_20secCPA.wav,0.7024153622700741,0.9471881453729843,3.0,-47.777557,,34.98955230702022
Hear My Ship: Motor Boats,Motorboat_01.09.23_184512_20secCPA.wav,0.5443021415033715,0.9510590471925116,5.0,-47.282204,,7.267847612675566
Hear My Ship: Motor Boats,Motorboat_02.08.23_110547_20secCPA.wav,0.7377570693289055,0.892420778851397,3.0,-40.693527,,133.10990224870793
Hear My Ship: Motor Boats,Motorboat_02.08.23_111713_20secCPA.wav,0.926185877075852,0.8793782935766117,3.0,-40.626225,,13.472607626142544
Hear My Ship: Motor Boats,Motorboat_02.08.23_112229_20secCPA.wav,0.9423518696885708,0.9179734055548028,3.0,-46.240612,,29.558476790368303
Hear My Ship: Motor Boats,Motorboat_02.08.23_112421_20secCPA.wav,0.9876186515236344,0.8654627292523698,3.0,-43.366283,,33.611977706813256
Hear My Ship: Motor Boats,Motorboat_02.08.23_113110_20secCPA.wav,0.919446424980347,0.9257562947108916,4.0,-50.817112,,36.95508544626527
Hear My Ship: Motor Boats,Motorboat_02.08.23_115002_20secCPA.wav,0.9999645873059112,0.9051117784512348,5.0,-36.168606,,34.672846491640826
Hear My Ship: Motor Boats,Motorboat_02.08.23_115547_20secCPA.wav,0.7513073666521404,0.8570917981045926,3.0,-47.51557,,84.5922996005193
Hear My Ship: Motor Boats,Motorboat_02.08.23_120645_20secCPA.wav,0.736214145651959,0.9717439495667254,3.0,-45.77541,,4.929725363566493
Hear My Ship: Motor Boats,Motorboat_02.08.23_124357_20secCPA.wav,0.8078369015945575,0.7541711121399702,3.0,-52.099495,,11.929417004697877
Hear My Ship: Motor Boats,Motorboat_02.08.23_124509_20secCPA.wav,0.999490697465972,0.9044413436946708,2.0,-45.289005,,40.93761862802617
Hear My Ship: Motor Boats,Motorboat_02.08.23_125004_20secCPA.wav,0.9801791710734296,0.932466402148202,2.0,-41.374023,,14.908564784939758
Hear My Ship: Motor Boats,Motorboat_02.08.23_130949_20secCPA.wav,0.8124191155047531,0.9074757378749838,3.0,-38.03875,,15.872535657196478
Hear My Ship: Motor Boats,Motorboat_02.08.23_131436_20secCPA.wav,0.9999933058997827,0.9002458449525647,3.0,-45.216366,,56.391430113374405
Hear My Ship: Motor Boats,Motorboat_02.08.23_134925_20secCPA.wav,0.5058556483131261,0.910502011151591,3.0,-44.237144,,25.97424745401188
Hear My Ship: Motor Boats,Motorboat_02.08.23_135128_20secCPA.wav,0.9859447012927464,0.8170255346879842,4.0,-43.20253,,8.71654286450305
Hear My Ship: Motor Boats,Motorboat_02.08.23_140109_20secCPA.wav,0.9610804830714842,0.6946185896872955,6.0,-34.210632,,14.69848938388332
Hear My Ship: Motor Boats,Motorboat_02.08.23_143256_20secCPA.wav,0.9679491480283102,0.8160964667868635,4.0,-40.308628,,54.05623468170506
Hear My Ship: Motor Boats,Motorboat_02.09.23_075449_20secCPA.wav,0.4354089139254122,0.8047800823037609,2.0,-49.73584,,55.14529295167532
Hear My Ship: Motor Boats,Motorboat_02.09.23_083258_20secCPA.wav,0.9999784099266886,0.8943077133147769,3.0,-45.934105,,9.256472325820752
Hear My Ship: Motor Boats,Motorboat_02.09.23_085334_20secCPA.wav,0.9474316685148954,0.9189218369442717,3.0,-44.59745,,5.76178095552306
Hear My Ship: Motor Boats,Motorboat_02.09.23_085511_20secCPA.wav,0.9059762962962964,0.9609462927986444,3.0,-52.616135,,5.723428827027477
Hear My Ship: Motor Boats,Motorboat_02.09.23_085739_20secCPA.wav,0.6848280254584691,0.7782760765261173,4.0,-46.09577,,61.30026670389722
Hear My Ship: Motor Boats,Motorboat_02.09.23_090558_20secCPA.wav,0.8809901836423945,0.9017016341726112,3.0,-47.918266,,16.446212015130325
Hear My Ship: Motor Boats,Motorboat_02.09.23_091103_20secCPA.wav,0.6546568315200313,0.9158674454142882,3.0,-39.86282,,39.70024457112964
Hear My Ship: Motor Boats,Motorboat_02.09.23_091518_20secCPA.wav,0.958858591073356,0.967006756080564,2.0,-52.818108,,6.607970997034564
Hear My Ship: Motor Boats,Motorboat_02.09.23_092121_20secCPA.wav,0.5957939920125884,0.8823917686958828,2.0,-44.020824,,109.04542045605952
Hear My Ship: Motor Boats,Motorboat_02.09.23_093141_20secCPA.wav,1.0,0.8919424056086638,2.0,-44.58222,,30.67415089798521
Hear My Ship: Motor Boats,Motorboat_02.09.23_095008_20secCPA.wav,0.9999897124912016,0.9782389018037064,2.0,-41.038586,,4.336256252673099
Hear My Ship: Motor Boats,Motorboat_02.09.23_095359_20secCPA.wav,0.9999846902270532,0.8180721238495562,3.0,-40.007927,,33.88013895502912
Hear My Ship: Motor Boats,Motorboat_02.09.23_095555_20secCPA.wav,0.4638692707992152,0.8188170544540536,3.0,-47.905674,,21.33037448939696
Hear My Ship: Motor Boats,Motorboat_02.09.23_095710_20secCPA.wav,0.3979859665387251,0.733603311328761,3.0,-54.008274,,8.130216216129874
Hear My Ship: Motor Boats,Motorboat_02.09.23_101302_20secCPA.wav,0.5027721467059773,0.8512543867539842,4.0,-40.72352,,275.58901677408466
Hear My Ship: Motor Boats,Motorboat_02.09.23_102524_20secCPA.wav,0.7814551718973264,0.8985874521893414,3.0,-51.88997,,13.583919726795177
Hear My Ship: Motor Boats,Motorboat_02.09.23_105227_20secCPA.wav,0.6965148769262335,0.967191881253345,2.0,-49.50036,,6.109220035766111
Hear My Ship: Motor Boats,Motorboat_02.09.23_105348_20secCPA.wav,0.8627987202580293,0.9271822875947175,2.0,-50.075317,,5.900134342502881
Hear My Ship: Motor Boats,Motorboat_02.09.23_113513_20secCPA.wav,0.9792843861583268,0.8723604423143404,5.0,-43.123207,,7.772571316026286
Hear My Ship: Motor Boats,Motorboat_02.09.23_114145_20secCPA.wav,0.9607502900157638,0.8941479317136982,11.0,-46.38979,,7.787345001566899
Hear My Ship: Motor Boats,Motorboat_02.09.23_130616_20secCPA.wav,0.8649723603346782,0.818130688356059,7.0,-47.19357,,302.6073950053295
Hear My Ship: Motor Boats,Motorboat_02.09.23_133512_20secCPA.wav,0.9999871994786697,0.8863492273635295,3.0,-38.59411,,5.55985450579019
Hear My Ship: Motor Boats,Motorboat_02.09.23_134452_20secCPA.wav,0.879152078966781,0.9188115390431404,2.0,-46.538986,,30.66271873108584
Hear My Ship: Motor Boats,Motorboat_02.09.23_135215_20secCPA.wav,0.868802143855509,0.7165058854636812,7.0,-41.54814,,31.012596457455142
Hear My Ship: Motor Boats,Motorboat_02.09.23_140444_20secCPA.wav,1.0,0.8634188852525343,2.0,-41.207146,,46.43851816238705
Hear My Ship: Motor Boats,Motorboat_02.09.23_140848_20secCPA.wav,0.9523911445061088,0.8595708706044782,3.0,-45.530323,,65.9685918048813
Hear My Ship: Motor Boats,Motorboat_02.09.23_142318_20secCPA.wav,0.4613448710607273,0.8673203623700364,3.0,-43.62995,,81.8828184534686
Hear My Ship: Motor Boats,Motorboat_02.09.23_144733_20secCPA.wav,0.9877136611092588,0.8085171986893429,3.0,-42.410553,,26.850463990179417
Hear My Ship: Motor Boats,Motorboat_02.09.23_154609_20secCPA.wav,0.6754392385485509,0.7357434078780618,3.0,-41.354084,,83.8967644674198
Hear My Ship: Motor Boats,Motorboat_02.09.23_155008_20secCPA.wav,0.9877669949086588,0.9093073186471976,8.0,-38.808624,,1030.6388617629689
Hear My Ship: Motor Boats,Motorboat_02.09.23_161227_20secCPA.wav,0.2308223274178789,0.9521297331289462,3.0,-56.064903,,21.589559543331276
Hear My Ship: Motor Boats,Motorboat_02.09.23_161427_20secCPA.wav,0.999963579857233,0.8670020518229462,3.0,-48.63894,,8.41212206417103
Hear My Ship: Motor Boats,Motorboat_02.09.23_163049_20secCPA.wav,0.9427235101227204,0.9128432940000212,4.0,-41.797504,,17.41801018001875
Hear My Ship: Motor Boats,Motorboat_02.09.23_165908_20secCPA.wav,0.9999649864053362,0.8327692220885002,2.0,-46.260963,,32.98182318185631
Hear My Ship: Motor Boats,Motorboat_02.09.23_175524_20secCPA.wav,0.9519854763649388,0.9221435065955564,5.0,-41.908726,,17.128526032271242
Hear My Ship: Motor Boats,Motorboat_03.08.23_111357_20secCPA.wav,0.4388010410710413,0.9242215473194212,2.0,-42.52766,,487.161747715149
Hear My Ship: Motor Boats,Motorboat_03.08.23_112355_20secCPA.wav,0.9524743497514984,0.748770698177233,3.0,-39.11139,,164.26374254473012
Hear My Ship: Motor Boats,Motorboat_03.08.23_112558_20secCPA.wav,0.9876446007699914,0.848782324695089,4.0,-44.989418,,13.758509162282644
Hear My Ship: Motor Boats,Motorboat_03.08.23_113037_20secCPA.wav,0.7201386628931133,0.9218109326144618,4.0,-50.047615,,100.2121513149294
Hear My Ship: Motor Boats,Motorboat_03.08.23_114136_20secCPA.wav,0.8938504958379707,0.8376088456690389,7.0,-40.79859,,35.9372859687358
Hear My Ship: Motor Boats,Motorboat_03.08.23_114947_20secCPA.wav,0.929954490468534,0.7961734294598559,2.0,-40.799595,,9.547083750856874
Hear My Ship: Motor Boats,Motorboat_03.08.23_115414_20secCPA.wav,0.6054760292397504,0.9260318076647822,2.0,-44.485363,,21.15879263873364
Hear My Ship: Motor Boats,Motorboat_03.08.23_124920_20secCPA.wav,0.66693354683747,0.91240705909821,3.0,-47.886993,,8.052129632713934
Hear My Ship: Motor Boats,Motorboat_03.08.23_125226_20secCPA.wav,0.9617114336828848,0.874875337799809,3.0,-43.10843,,20.802453735362825
Hear My Ship: Motor Boats,Motorboat_03.08.23_131323_20secCPA.wav,0.8914461167126448,0.9210358853500408,4.0,-46.01539,,4.16938142502099
Hear My Ship: Motor Boats,Motorboat_03.08.23_133124_20secCPA.wav,0.9367519685396438,0.8581261495480357,7.0,-42.925415,,294.69310360536394
Hear My Ship: Motor Boats,Motorboat_03.08.23_134309_20secCPA.wav,0.8546123697543256,0.9556855838092624,3.0,-44.43312,,3.505644836979258
Hear My Ship: Motor Boats,Motorboat_03.08.23_134619_20secCPA.wav,0.9672482411198612,0.8915209640935371,2.0,-45.00904,,40.370579886754456
Hear My Ship: Motor Boats,Motorboat_03.08.23_135706_20secCPA.wav,0.7874391103082139,0.9035526594713408,2.0,-47.86682,,521.8874159482137
Hear My Ship: Motor Boats,Motorboat_03.08.23_140401_20secCPA.wav,0.950936288332746,0.9199473358652092,4.0,-50.697056,,5.550174417490641
Hear My Ship: Motor Boats,Motorboat_03.08.23_140558_20secCPA.wav,0.454172081485577,0.8842129380887012,8.0,-47.305073,,13.942349170765906
Hear My Ship: Motor Boats,Motorboat_03.08.23_143024_20secCPA.wav,0.4879885973459781,0.8080557391841138,2.0,-42.967606,,5.007209850630719
Hear My Ship: Motor Boats,Motorboat_03.08.23_144209_20secCPA.wav,0.6229952767865706,0.9562816780976702,2.0,-45.996223,,33.30299686527605
Hear My Ship: Motor Boats,Motorboat_03.08.23_145116_20secCPA.wav,0.6013331182318165,0.5325890034414439,3.0,-44.410736,,103.72139957955947
Hear My Ship: Motor Boats,Motorboat_03.08.23_145810_20secCPA.wav,0.8131340316758225,0.968740317679864,4.0,-42.188614,,21.115571344630396
Hear My Ship: Motor Boats,Motorboat_03.08.23_150137_20secCPA.wav,0.7431005924698987,0.8130466021522421,5.0,-42.27962,,91.4870737841548
Hear My Ship: Motor Boats,Motorboat_03.08.23_150830_20secCPA.wav,0.4400589712316018,0.8870991877840291,3.0,-43.309258,,86.31386710468817
Hear My Ship: Motor Boats,Motorboat_03.08.23_153303_20secCPA.wav,0.5157848128165976,0.908136096292326,3.0,-48.229275,,238.97016073174743
Hear My Ship: Motor Boats,Motorboat_03.08.23_154422_20secCPA.wav,0.6027359928698688,0.9457911484918654,3.0,-39.971157,,35.611027988407855
Hear My Ship: Motor Boats,Motorboat_03.08.23_155048_20secCPA.wav,0.9552638371928422,0.9259533828518652,4.0,-44.319763,,22.41422225867401
Hear My Ship: Motor Boats,Motorboat_03.08.23_155351_20secCPA.wav,0.947405158121193,0.8164092286644522,4.0,-40.51929,,7.415788695983235
Hear My Ship: Motor Boats,Motorboat_03.08.23_161603_20secCPA.wav,0.8160726636119997,0.9114458557853292,3.0,-41.84368,,20.346026603628555
Hear My Ship: Motor Boats,Motorboat_03.08.23_163400_20secCPA.wav,0.5585040009063628,0.7956764581944478,3.0,-41.98745,,10.07014578678495
Hear My Ship: Motor Boats,Motorboat_03.08.23_164221_20secCPA.wav,0.9573152719035958,0.966766747880744,3.0,-50.247044,,5.944470837227248
Hear My Ship: Motor Boats,Motorboat_03.08.23_164404_20secCPA.wav,0.9999916822624246,0.8489376694730005,3.0,-40.56336,,13.049099692776116
Hear My Ship: Motor Boats,Motorboat_03.08.23_165615_20secCPA.wav,0.9992783701041618,0.8216878687211459,3.0,-37.990704,,7.621312672354315
Hear My Ship: Motor Boats,Motorboat_03.08.23_170540_20secCPA.wav,0.9999565157687554,0.8882237867645919,3.0,-44.634415,,7.452188011875731
Hear My Ship: Motor Boats,Motorboat_03.08.23_170716_20secCPA.wav,0.8409759886519225,0.847162111615003,10.0,-38.961296,,355.5464490850381
Hear My Ship: Motor Boats,Motorboat_03.08.23_172544_20secCPA.wav,0.3140856073520635,0.966424204167714,3.0,-44.48628,,15.30023480397849
Hear My Ship: Motor Boats,Motorboat_03.08.23_172823_20secCPA.wav,0.9971503613080576,0.8732875994948425,3.0,-39.694675,,16.697872647340937
Hear My Ship: Motor Boats,Motorboat_03.09.23_084827_20secCPA.wav,0.9838048438751,0.9142036102105168,3.0,-40.15225,,100.03540948616768
Hear My Ship: Motor Boats,Motorboat_03.09.23_085052_20secCPA.wav,0.8837739356576128,0.8370961140011449,3.0,-40.266777,,8.234359093118922
Hear My Ship: Motor Boats,Motorboat_03.09.23_091931_20secCPA.wav,0.988910506651476,0.8030088506661424,2.0,-42.68391,,30.158931202749024
Hear My Ship: Motor Boats,Motorboat_03.09.23_092442_20secCPA.wav,0.7465931069512458,0.965902679787514,5.0,-46.40834,,64.17728348108976
Hear My Ship: Motor Boats,Motorboat_03.09.23_094324_20secCPA.wav,1.0,0.9134804570818208,3.0,-45.02167,,4.483495038879839
Hear My Ship: Motor Boats,Motorboat_03.09.23_100212_20secCPA.wav,0.761891792399799,0.9229644975464784,4.0,-42.955166,,224.877724499853
Hear My Ship: Motor Boats,Motorboat_03.09.23_100413_20secCPA.wav,0.7618614609763441,0.9284154350089197,3.0,-49.212822,,22.138734940242674
Hear My Ship: Motor Boats,Motorboat_03.09.23_100531_20secCPA.wav,0.600265992769777,0.9346754330747358,3.0,-49.780087,,48.30122363010531
Hear My Ship: Motor Boats,Motorboat_03.09.23_102748_20secCPA.wav,1.0,0.9152029645367834,2.0,-37.80576,,146.04188140753493
Hear My Ship: Motor Boats,Motorboat_03.09.23_102924_20secCPA.wav,0.6911668293551564,0.9499049915256744,4.0,-42.52629,,40.785524700881005
Hear My Ship: Motor Boats,Motorboat_03.09.23_104221_20secCPA.wav,0.5068042185379231,0.8889998709148518,3.0,-44.54256,,232.9508938718751
Hear My Ship: Motor Boats,Motorboat_03.09.23_111042_20secCPA.wav,0.8902678075421876,0.9144526690280698,3.0,-40.026726,,12.554115388936548
Hear My Ship: Motor Boats,Motorboat_03.09.23_120113_20secCPA.wav,0.4990244002995672,0.8816426092702309,3.0,-38.54447,,270.93571852089406
Hear My Ship: Motor Boats,Motorboat_03.09.23_134608_20secCPA.wav,0.9966778891761686,0.6295696587599352,2.0,-42.983913,,11.646047748374816
Hear My Ship: Motor Boats,Motorboat_03.09.23_140319_20secCPA.wav,0.9755932797488392,0.8450842866779579,4.0,-44.80038,,39.49784917411207
Hear My Ship: Motor Boats,Motorboat_03.09.23_142155_20secCPA.wav,0.9992380598865788,0.8728759775664376,3.0,-37.58333,,30.175335102899243
Hear My Ship: Motor Boats,Motorboat_03.09.23_142916_20secCPA.wav,0.2852401542051689,0.8536411592500391,4.0,-45.49563,,11.21841841209383
Hear My Ship: Motor Boats,Motorboat_03.09.23_152129_20secCPA.wav,0.99999029235344,0.8727611056584206,3.0,-38.950535,,663.5918528822679
Hear My Ship: Motor Boats,Motorboat_03.09.23_155919_20secCPA.wav,0.803056026216097,0.8235704996887995,4.0,-41.98956,,371.6832930506578
Hear My Ship: Motor Boats,Motorboat_03.09.23_160738_20secCPA.wav,0.8162704623022369,0.8526820588112453,18.0,-39.966766,,28.955904372335677
Hear My Ship: Motor Boats,Motorboat_03.09.23_165602_20secCPA.wav,0.9441672531541332,0.870894480041945,5.0,-39.396465,,200.01935271046884
Hear My Ship: Motor Boats,Motorboat_03.09.23_170749_20secCPA.wav,0.9135138196647032,0.8344920522309619,2.0,-37.91753,,12.197765735335135
Hear My Ship: Motor Boats,Motorboat_03.09.23_171827_20secCPA.wav,0.4830707004104069,0.9497047766343224,3.0,-42.423702,,15.839798411171577
Hear My Ship: Motor Boats,Motorboat_03.09.23_183707_20secCPA.wav,0.9752511468251052,0.8911506877673899,2.0,-47.96551,,21.30786525278677
Hear My Ship: Motor Boats,Motorboat_03.09.23_185632_20secCPA.wav,0.9582562682890792,0.8840888875993648,7.0,-41.74694,,384.2514667508849
Hear My Ship: Motor Boats,Motorboat_04.08.23_111208_20secCPA.wav,0.4800126731041116,0.7267382525340425,3.0,-42.84332,,70.30619749299898
Hear My Ship: Motor Boats,Motorboat_04.09.23_094149_20secCPA.wav,0.9339192075275482,0.9244633056089911,3.0,-44.1861,,10.022161103687097
Hear My Ship: Motor Boats,Motorboat_04.09.23_100111_20secCPA.wav,0.4049777204689023,0.8689632707877,3.0,-40.096413,,134.14538535142816
Hear My Ship: Motor Boats,Motorboat_04.09.23_101352_20secCPA.wav,0.5760053039681919,0.9637756341435342,2.0,-51.41808,,43.381880976775925
Hear My Ship: Motor Boats,Motorboat_04.09.23_101938_20secCPA.wav,0.909574944603941,0.8899653495739929,3.0,-38.009842,,14.109457292767722
Hear My Ship: Motor Boats,Motorboat_04.09.23_102300_20secCPA.wav,0.468391280679002,0.889259080497848,5.0,-47.95543,,41.72739789168377
Hear My Ship: Motor Boats,Motorboat_04.09.23_104507_20secCPA.wav,0.9999997804512668,0.9296227644173984,3.0,-40.29487,,196.50664606566443
Hear My Ship: Motor Boats,Motorboat_04.09.23_113223_20secCPA.wav,0.8563514225225789,0.9375416057011664,5.0,-45.118275,,31.37724333632796
Hear My Ship: Motor Boats,Motorboat_04.09.23_114717_20secCPA.wav,0.8114526624936153,0.921447264417683,3.0,-41.413643,,37.86947416765216
Hear My Ship: Motor Boats,Motorboat_04.09.23_121322_20secCPA.wav,0.9467342190549308,0.7938902911706094,2.0,-46.12276,,83.03778587923388
Hear My Ship: Motor Boats,Motorboat_04.09.23_121542_20secCPA.wav,0.6398126083910802,0.9525878082258826,5.0,-48.541656,,12.064349733130165
Hear My Ship: Motor Boats,Motorboat_04.09.23_122259_20secCPA.wav,0.6120219239683399,0.8998855750260867,4.0,-45.8296,,48.37021840372036
Hear My Ship: Motor Boats,Motorboat_04.09.23_123517_20secCPA.wav,0.8989598811292719,0.8837287633880416,4.0,-44.90723,,13.711608331621786
Hear My Ship: Motor Boats,Motorboat_04.09.23_123701_20secCPA.wav,0.6632223840832738,0.9470039917821385,4.0,-46.34935,,26.85101490660376
Hear My Ship: Motor Boats,Motorboat_04.09.23_124201_20secCPA.wav,0.5501174083647411,0.8769950214388924,4.0,-41.10403,,146.05662459775206
Hear My Ship: Motor Boats,Motorboat_04.09.23_124810_20secCPA.wav,0.8001660782917047,0.8602441008636386,4.0,-43.121483,,99.97620763676012
Hear My Ship: Motor Boats,Motorboat_04.09.23_125024_20secCPA.wav,0.8890498100522283,0.8808906769590218,3.0,-36.921467,,12.54105718292184
Hear My Ship: Motor Boats,Motorboat_04.09.23_125221_20secCPA.wav,0.3525040520003396,0.9683244852103728,3.0,-45.90933,,34.75767230261694
Hear My Ship: Motor Boats,Motorboat_04.09.23_135751_20secCPA.wav,0.921957777751678,0.8816819355603045,6.0,-42.99238,,7.032485413252626
Hear My Ship: Motor Boats,Motorboat_04.09.23_135856_20secCPA.wav,0.4920349177022787,0.8934762384130005,3.0,-46.04118,,7.09905809842396
Hear My Ship: Motor Boats,Motorboat_04.09.23_140004_20secCPA.wav,0.7491516220850621,0.9613902314186588,3.0,-49.39151,,34.508160932071874
Hear My Ship: Motor Boats,Motorboat_04.09.23_145213_20secCPA.wav,0.7177756420103024,0.7592801663295436,4.0,-39.085964,,64.65301045523258
Hear My Ship: Motor Boats,Motorboat_04.09.23_145541_20secCPA.wav,0.2978738924331931,0.8530989564671245,3.0,-49.566765,,12.64289444964532
Hear My Ship: Motor Boats,Motorboat_04.09.23_150504_20secCPA.wav,0.8558484059163761,0.7881947778744693,5.0,-41.937374,,19.968011395784668
Hear My Ship: Motor Boats,Motorboat_04.09.23_152654_20secCPA.wav,0.9008859965351428,0.913071538680419,9.0,-45.868145,,13.847453613562012
Hear My Ship: Motor Boats,Motorboat_04.09.23_154128_20secCPA.wav,0.9534889268724264,0.731929725549232,3.0,-53.295437,,19.21128898761064
Hear My Ship: Motor Boats,Motorboat_04.09.23_155659_20secCPA.wav,0.6637021325583605,0.8340244370670774,3.0,-42.524906,,74.36407639072374
Hear My Ship: Motor Boats,Motorboat_04.09.23_162005_20secCPA.wav,0.7951240727251511,0.9313372595407848,3.0,-47.544815,,76.65097173060748
Hear My Ship: Motor Boats,Motorboat_04.09.23_162841_20secCPA.wav,0.9935989187999936,0.8886282035835306,4.0,-50.021507,,17.126327004879645
Hear My Ship: Motor Boats,Motorboat_04.09.23_164042_20secCPA.wav,0.8157370344587539,0.8911914911898987,3.0,-43.264202,,10.017456146602449
Hear My Ship: Motor Boats,Motorboat_04.09.23_165835_20secCPA.wav,0.7609639066670122,0.8240777528634172,12.0,-39.633327,,423.7764000438936
Hear My Ship: Motor Boats,Motorboat_04.09.23_170527_20secCPA.wav,0.95862090367428,0.8916716441582663,3.0,-41.23404,,52.65615305928616
Hear My Ship: Motor Boats,Motorboat_04.09.23_171233_20secCPA.wav,0.8923851374951619,0.8787782889543913,2.0,-44.77981,,56.68114810784948
Hear My Ship: Motor Boats,Motorboat_04.09.23_173458_20secCPA.wav,0.9999967197017596,0.8479549212711529,3.0,-48.832344,,17.508759713038838
Hear My Ship: Motor Boats,Motorboat_04.09.23_174910_20secCPA.wav,0.4537420629231293,0.8796643222392427,3.0,-41.707325,,52.297123006321215
Hear My Ship: Motor Boats,Motorboat_04.09.23_175700_20secCPA.wav,0.4495235273906073,0.947824546477998,3.0,-46.763836,,248.92944908711172
Hear My Ship: Motor Boats,Motorboat_04.09.23_181023_20secCPA.wav,0.9999726064922614,0.9515305875238464,3.0,-50.44977,,40.387204824358825
Hear My Ship: Motor Boats,Motorboat_04.09.23_185315_20secCPA.wav,0.9151166976660466,0.8930491722984837,2.0,-36.448826,,14.559776123457372
Hear My Ship: Motor Boats,Motorboat_05.09.23_114415_20secCPA.wav,0.7201656151968115,0.9114137224796636,2.0,-42.914536,,4.205311502576646
Hear My Ship: Motor Boats,Motorboat_05.09.23_115847_20secCPA.wav,0.9542077641354196,0.8840170887441045,2.0,-40.291996,,20.72640083434537
Hear My Ship: Motor Boats,Motorboat_05.09.23_124842_20secCPA.wav,0.999984877355352,0.91367628530019,3.0,-46.766705,,13.353908687794164
Hear My Ship: Motor Boats,Motorboat_05.09.23_131539_20secCPA.wav,0.958850137306779,0.8264713193273967,3.0,-37.08272,,20.51994139052519
Hear My Ship: Motor Boats,Motorboat_05.09.23_133605_20secCPA.wav,0.7839145333258549,0.8068400204857412,3.0,-43.112484,,72.72938525525562
Hear My Ship: Motor Boats,Motorboat_05.09.23_134003_20secCPA.wav,0.8889708537207883,0.9308743806163732,3.0,-51.69018,,4.493436676713338
Hear My Ship: Motor Boats,Motorboat_05.09.23_135008_20secCPA.wav,0.9930656721918858,0.8369184522460934,2.0,-47.388283,,4.426193678970301
Hear My Ship: Motor Boats,Motorboat_05.09.23_141017_20secCPA.wav,0.5485286563943469,0.941928691375023,10.0,-41.05052,,101.0098004039734
Hear My Ship: Motor Boats,Motorboat_05.09.23_141759_20secCPA.wav,0.7682847826727572,0.9504797860480418,3.0,-44.70104,,42.25523394770393
Hear My Ship: Motor Boats,Motorboat_05.09.23_142331_20secCPA.wav,0.9107512862291705,0.916850397228623,2.0,-43.535404,,6.588331528803877
Hear My Ship: Motor Boats,Motorboat_05.09.23_144355_20secCPA.wav,0.9999591770817444,0.9475116645064112,3.0,-54.041286,,8.42267680699932
Hear My Ship: Motor Boats,Motorboat_05.09.23_150738_20secCPA.wav,0.9980949337594036,0.8469594748732987,3.0,-37.01315,,7.868014749574835
Hear My Ship: Motor Boats,Motorboat_05.09.23_151100_20secCPA.wav,0.7990265636602873,0.9143936936454128,5.0,-47.47934,,65.38182862247744
Hear My Ship: Motor Boats,Motorboat_05.09.23_151900_20secCPA.wav,0.4227392288883576,0.8374454789175446,3.0,-42.68936,,432.1281175863218
Hear My Ship: Motor Boats,Motorboat_05.09.23_160358_20secCPA.wav,0.9999804269404584,0.7821684694450237,3.0,-30.79113,,70.34068155677127
Hear My Ship: Motor Boats,Motorboat_05.09.23_160701_20secCPA.wav,0.9756164330829205,0.8134985932960862,3.0,-44.890217,,9.78344701235022
Hear My Ship: Motor Boats,Motorboat_05.09.23_162058_20secCPA.wav,0.3014199478767645,0.9437002339040884,3.0,-49.001343,,10.887567669047453
Hear My Ship: Motor Boats,Motorboat_05.09.23_163516_20secCPA.wav,0.8742810263645935,0.8898036243131673,3.0,-42.354923,,12.166546589359369
Hear My Ship: Motor Boats,Motorboat_05.09.23_163856_20secCPA.wav,0.998137696287838,0.6828629922221339,3.0,-41.549717,,13.405756625889005
Hear My Ship: Motor Boats,Motorboat_05.09.23_164409_20secCPA.wav,0.9471018439751036,0.8080044483817327,4.0,-49.056572,,3.5579468781957506
Hear My Ship: Motor Boats,Motorboat_05.09.23_165640_20secCPA.wav,0.9999024446229772,0.7899292980433662,4.0,-42.726166,,4.414695506391893
Hear My Ship: Motor Boats,Motorboat_05.09.23_165843_20secCPA.wav,0.9405021638101928,0.8335445106486299,3.0,-47.059788,,16.809459963051523
Hear My Ship: Motor Boats,Motorboat_05.09.23_170940_20secCPA.wav,0.910047854776412,0.7925212880647864,2.0,-42.67656,,14.194250806739497
Hear My Ship: Motor Boats,Motorboat_05.09.23_173846_20secCPA.wav,0.970188367138651,0.8932126062296548,3.0,-44.122066,,30.324751333884016
Hear My Ship: Motor Boats,Motorboat_05.09.23_174955_20secCPA.wav,0.4093329725567065,0.7634133062307703,5.0,-38.191097,,24.59315539439137
Hear My Ship: Motor Boats,Motorboat_05.09.23_180244_20secCPA.wav,0.9306468338481094,0.8973447682763216,3.0,-42.691044,,5.68161142731703
Hear My Ship: Motor Boats,Motorboat_05.09.23_180710_20secCPA.wav,0.9443874892106248,0.9161569504812572,3.0,-43.710953,,6.127274207488406
Hear My Ship: Motor Boats,Motorboat_05.09.23_180855_20secCPA.wav,0.9999931612003096,0.845540747011344,5.0,-45.188297,,262.9746118448309
Hear My Ship: Motor Boats,Motorboat_05.09.23_184329_20secCPA.wav,0.980619502584352,0.866939302550896,3.0,-48.979816,,32.77904174307604
Hear My Ship: Motor Boats,Motorboat_05.09.23_190012_20secCPA.wav,0.4196665160560963,0.8498833017762834,2.0,-42.874985,,417.6092426253484
Hear My Ship: Motor Boats,Motorboat_06.09.23_083534_20secCPA.wav,0.9629432269493414,0.846643259963029,3.0,-42.246895,,21.70817844479464
Hear My Ship: Motor Boats,Motorboat_06.09.23_083808_20secCPA.wav,0.5192077539003056,0.9037153738781464,2.0,-45.519844,,55.54920833943532
Hear My Ship: Motor Boats,Motorboat_06.09.23_083934_20secCPA.wav,0.9999887402069432,0.7957852095260589,2.0,-42.71494,,9.7972539276378
Hear My Ship: Motor Boats,Motorboat_06.09.23_084522_20secCPA.wav,0.4177453061943825,0.8818167258501816,3.0,-41.86738,,127.99823366927944
Hear My Ship: Motor Boats,Motorboat_06.09.23_085250_20secCPA.wav,0.9441789902774296,0.710120661144138,3.0,-43.295532,,8.514369451240125
Hear My Ship: Motor Boats,Motorboat_06.09.23_085845_20secCPA.wav,0.6243777049807513,0.8781519700295047,2.0,-44.499825,,14.95801090901961
Hear My Ship: Motor Boats,Motorboat_06.09.23_090254_20secCPA.wav,0.8437327472312262,0.883899796743656,5.0,-44.395905,,238.4868899435093
Hear My Ship: Motor Boats,Motorboat_06.09.23_091536_20secCPA.wav,0.6037346202948976,0.8663531390736472,4.0,-40.861816,,92.94187172924704
Hear My Ship: Motor Boats,Motorboat_06.09.23_092526_20secCPA.wav,0.4857440118750134,0.9038828448648886,2.0,-40.605743,,82.71673481873307
Hear My Ship: Motor Boats,Motorboat_06.09.23_092647_20secCPA.wav,0.4205822445500638,0.9183063812791644,5.0,-44.64537,,4.366803571222151
Hear My Ship: Motor Boats,Motorboat_06.09.23_093429_20secCPA.wav,0.9169289608249164,0.9831216563010874,3.0,-49.16403,,5.582557868461132
Hear My Ship: Motor Boats,Motorboat_06.09.23_094129_20secCPA.wav,0.8484559349712839,0.8733566625600676,3.0,-41.090294,,4.183639676663368
Hear My Ship: Motor Boats,Motorboat_06.09.23_094757_20secCPA.wav,0.756469606490825,0.895599761194057,6.0,-40.939156,,83.28118130452303
Hear My Ship: Motor Boats,Motorboat_06.09.23_095044_20secCPA.wav,0.999459172852598,0.9104643321573928,2.0,-37.16178,,36.68866194656663
Hear My Ship: Motor Boats,Motorboat_06.09.23_100022_20secCPA.wav,0.5190957741088463,0.8629048820574101,4.0,-37.511353,,32.25068945404264
Hear My Ship: Motor Boats,Motorboat_06.09.23_101052_20secCPA.wav,0.2910941495115897,0.8852478196246238,3.0,-40.374035,,50.93574162621744
Hear My Ship: Motor Boats,Motorboat_06.09.23_101950_20secCPA.wav,0.622842813848636,0.7076277329136234,3.0,-41.13075,,105.71524838546418
Hear My Ship: Motor Boats,Motorboat_06.09.23_102623_20secCPA.wav,0.9999858642386986,0.8904681323608054,3.0,-44.151615,,8.770667656295455
Hear My Ship: Motor Boats,Motorboat_06.09.23_103010_20secCPA.wav,0.6355503535638778,0.7981330467140015,13.0,-46.554546,,99.2092283269549
Hear My Ship: Motor Boats,Motorboat_06.09.23_103331_20secCPA.wav,0.837931581963785,0.977142287322956,2.0,-47.295094,,9.15550196630234
Hear My Ship: Motor Boats,Motorboat_06.09.23_104552_20secCPA.wav,0.5573655460205045,0.7912004692232376,6.0,-41.07092,,18.176332461531057
Hear My Ship: Motor Boats,Motorboat_06.09.23_113021_20secCPA.wav,0.9875063342224002,0.8958184757698071,3.0,-41.198166,,14.067647380372598
Hear My Ship: Motor Boats,Motorboat_06.09.23_113554_20secCPA.wav,0.610716725550411,0.9671750552155244,6.0,-42.808224,,20.92316143050812
Hear My Ship: Motor Boats,Motorboat_08.08.23_105220_20secCPA.wav,0.7507009677058419,0.8806456252006117,2.0,-47.54563,,9.104851064852124
Hear My Ship: Motor Boats,Motorboat_08.08.23_110517_20secCPA.wav,0.4459536358418486,0.8616741610128928,3.0,-43.620266,,42.836603510617394
Hear My Ship: Motor Boats,Motorboat_08.08.23_121051_20secCPA.wav,0.9185211677225638,0.959526603155962,2.0,-49.28402,,3.20041634594835
Hear My Ship: Motor Boats,Motorboat_08.08.23_132757_20secCPA.wav,0.9999777238199192,0.8985866794300575,2.0,-42.257248,,8.238070821126673
Hear My Ship: Motor Boats,Motorboat_08.08.23_133223_20secCPA.wav,0.95084310331212,0.8720259333710928,3.0,-44.66476,,137.34680918128757
Hear My Ship: Motor Boats,Motorboat_08.08.23_133418_20secCPA.wav,0.9999614567678032,0.8721062800569079,2.0,-44.521263,,7.442113324310722
Hear My Ship: Motor Boats,Motorboat_08.08.23_133958_20secCPA.wav,0.9842591332879836,0.8425409021002187,3.0,-41.32294,,178.70727265217124
Hear My Ship: Motor Boats,Motorboat_08.08.23_134709_20secCPA.wav,0.4769613208024833,0.9607271167164928,3.0,-43.137417,,12.155071378658675
Hear My Ship: Motor Boats,Motorboat_08.08.23_140537_20secCPA.wav,0.3871890674616675,0.9271799675073856,3.0,-44.727894,,21.00213826421897
Hear My Ship: Motor Boats,Motorboat_08.08.23_141433_20secCPA.wav,0.933396775420564,0.7836259711683419,4.0,-41.494026,,3.586296751239216
Hear My Ship: Motor Boats,Motorboat_08.08.23_142223_20secCPA.wav,0.9930822383356214,0.8964330116764433,4.0,-41.03537,,22.98362334580436
Hear My Ship: Motor Boats,Motorboat_08.08.23_142853_20secCPA.wav,0.9811075931066388,0.9079808813021576,13.0,-41.82859,,18.4339316176308
Hear My Ship: Motor Boats,Motorboat_08.08.23_143004_20secCPA.wav,0.9316292947831768,0.8734069346543454,7.0,-41.76494,,50.760903667717386
Hear My Ship: Motor Boats,Motorboat_08.08.23_143219_20secCPA.wav,0.9998487253838806,0.7821063957249976,3.0,-41.4463,,34.886810335216374
Hear My Ship: Motor Boats,Motorboat_08.08.23_144938_20secCPA.wav,0.326631506619067,0.8895116403433077,3.0,-47.633724,,9.581117431749412
Hear My Ship: Motor Boats,Motorboat_08.08.23_150236_20secCPA.wav,0.936083142397886,0.9053613001399364,4.0,-44.151463,,4.765045909108676
Hear My Ship: Motor Boats,Motorboat_08.08.23_152435_20secCPA.wav,0.9232214521485732,0.7439403832390397,3.0,-41.471596,,14.245669534198871
Hear My Ship: Motor Boats,Motorboat_08.08.23_153052_20secCPA.wav,0.9753637644592892,0.8307427337235266,4.0,-40.584114,,7.231569848170292
Hear My Ship: Motor Boats,Motorboat_08.08.23_153540_20secCPA.wav,0.9998253693597764,0.8486902218782444,4.0,-36.1229,,14.509539958468196
Hear My Ship: Motor Boats,Motorboat_08.08.23_160310_20secCPA.wav,0.798338432868709,0.94247387482354,4.0,-45.65373,,15.330584755764107
Hear My Ship: Motor Boats,Motorboat_08.08.23_161338_20secCPA.wav,0.9996907975604103,0.9110626006685576,3.0,-40.93392,,17.635735614330017
Hear My Ship: Motor Boats,Motorboat_08.08.23_162701_20secCPA.wav,0.948179402575408,0.912695335728556,2.0,-42.610092,,24.337920470600064
Hear My Ship: Motor Boats,Motorboat_08.08.23_165936_20secCPA.wav,0.9999586114354424,0.6926970196192996,3.0,-38.60157,,29.790239643970377
Hear My Ship: Motor Boats,Motorboat_08.08.23_172422_20secCPA.wav,0.999960332152113,0.7423974892275566,3.0,-38.331093,,12.553122412125864
Hear My Ship: Motor Boats,Motorboat_08.08.23_172610_20secCPA.wav,0.9143121590023384,0.938205590014392,6.0,-38.45658,,20.19789502822582
Hear My Ship: Motor Boats,Motorboat_08.08.23_173557_20secCPA.wav,0.4289027754668061,0.9566674206217888,6.0,-45.618473,,28.412398106474743
Hear My Ship: Motor Boats,Motorboat_08.08.23_173827_20secCPA.wav,0.2944321638302691,0.959596151319131,3.0,-49.761696,,15.221067069193568
Hear My Ship: Motor Boats,Motorboat_08.08.23_180917_20secCPA.wav,0.8683818912131255,0.9157248602836838,11.0,-44.003925,,82.56590362049317
Hear My Ship: Motor Boats,Motorboat_08.08.23_181643_20secCPA.wav,0.958742014485756,0.8814272088632547,3.0,-44.89359,,309.60457003332186
Hear My Ship: Motor Boats,Motorboat_08.08.23_182358_20secCPA.wav,0.9999541254645375,0.9570266992205372,3.0,-47.532063,,41.54245413825764
Hear My Ship: Motor Boats,Motorboat_09.08.23_075123_20secCPA.wav,1.0,0.9737159440172554,2.0,-50.83123,,24.60370424812548
Hear My Ship: Motor Boats,Motorboat_09.08.23_084322_20secCPA.wav,0.5927018407378064,0.8996369353172163,3.0,-40.215233,,27.236856612058464
Hear My Ship: Motor Boats,Motorboat_09.08.23_085255_20secCPA.wav,0.6606264434576893,0.931019947576918,7.0,-40.501648,,131.8889527203782
Hear My Ship: Motor Boats,Motorboat_09.08.23_085816_20secCPA.wav,0.8356511141819495,0.7509336433591121,3.0,-44.436073,,19.067661620748588
Hear My Ship: Motor Boats,Motorboat_09.08.23_091055_20secCPA.wav,0.8904296326301279,0.8781649757215858,3.0,-42.498444,,11.689403215153495
Hear My Ship: Motor Boats,Motorboat_09.08.23_092346_20secCPA.wav,0.4841840729931341,0.9512315490768788,4.0,-47.376556,,51.12447858183874
Hear My Ship: Motor Boats,Motorboat_09.08.23_092621_20secCPA.wav,0.5385453968411971,0.9186272345368368,5.0,-38.144306,,13.493094093352918
Hear My Ship: Motor Boats,Motorboat_09.08.23_092858_20secCPA.wav,0.9112800429939206,0.8842529966360155,3.0,-44.30464,,9.538291541304565
Hear My Ship: Motor Boats,Motorboat_09.08.23_100744_20secCPA.wav,0.969986592514073,0.900684958084781,3.0,-43.77033,,4.787094318517738
Hear My Ship: Motor Boats,Motorboat_09.08.23_102814_20secCPA.wav,0.7999776453888026,0.953947094886448,3.0,-46.729973,,4.573709760179074
Hear My Ship: Motor Boats,Motorboat_09.08.23_115534_20secCPA.wav,0.948835731238016,0.7643352816684004,2.0,-38.507694,,16.255312364049917
Hear My Ship: Motor Boats,Motorboat_09.08.23_130220_20secCPA.wav,0.6657896584899963,0.8791570849803115,3.0,-44.683075,,3.695482548070367
Hear My Ship: Motor Boats,Motorboat_09.08.23_152437_20secCPA.wav,0.8836825413489228,0.9565869440589444,3.0,-44.651093,,4.344581554772752
Hear My Ship: Motor Boats,Motorboat_09.08.23_152819_20secCPA.wav,0.8046288643407773,0.926665842026586,3.0,-47.04424,,11.171350365500514
Hear My Ship: Motor Boats,Motorboat_09.08.23_152959_20secCPA.wav,0.8522464334834552,0.8720442330051779,3.0,-45.002922,,5.680595029289412
Hear My Ship: Motor Boats,Motorboat_09.08.23_153625_20secCPA.wav,0.999984173319734,0.8835911491012579,3.0,-40.365337,,5.513251552042112
Hear My Ship: Motor Boats,Motorboat_09.08.23_163433_20secCPA.wav,0.9314061681331188,0.777057576904996,3.0,-46.37832,,22.83165129736435
Hear My Ship: Motor Boats,Motorboat_09.08.23_173556_20secCPA.wav,0.6303920907980001,0.8850313868599797,3.0,-38.02191,,697.2142993304377
Hear My Ship: Motor Boats,Motorboat_16.08.23_115116_20secCPA.wav,0.999888688864764,0.8720873102122286,4.0,-42.356815,,9.660598151455696
Hear My Ship: Motor Boats,Motorboat_16.08.23_115310_20secCPA.wav,0.6881276705943287,0.9259832951647256,3.0,-42.077744,,6.707458290943341
Hear My Ship: Motor Boats,Motorboat_16.08.23_120353_20secCPA.wav,0.999993721254038,0.9168596480335924,3.0,-38.983334,,28.77081434078731
Hear My Ship: Motor Boats,Motorboat_16.08.23_123706_20secCPA.wav,0.8872022010289564,0.94264618416536,2.0,-44.307602,,7.065806294700704
Hear My Ship: Motor Boats,Motorboat_16.08.23_124022_20secCPA.wav,0.7498610094559065,0.861935477581732,6.0,-39.185406,,50.97302218342325
Hear My Ship: Motor Boats,Motorboat_16.08.23_124200_20secCPA.wav,0.3867320997179464,0.8481730238098505,3.0,-40.258068,,8.914706084940207
Hear My Ship: Motor Boats,Motorboat_16.08.23_124514_20secCPA.wav,0.9727187128996602,0.9139209726050724,3.0,-36.31931,,87.39890730816707
Hear My Ship: Motor Boats,Motorboat_16.08.23_131240_20secCPA.wav,0.9639009806017068,0.864980401707883,3.0,-45.01331,,16.98210071585253
Hear My Ship: Motor Boats,Motorboat_16.08.23_133020_20secCPA.wav,0.726654461074702,0.9531576826248096,3.0,-38.523235,,42.7709960112619
Hear My Ship: Motor Boats,Motorboat_16.08.23_133240_20secCPA.wav,0.9873736574428976,0.933553737137549,6.0,-43.897423,,7.146268523442635
Hear My Ship: Motor Boats,Motorboat_16.08.23_135300_20secCPA.wav,0.8952777665859635,0.909576895137116,3.0,-49.773254,,10.704542466808224
Hear My Ship: Motor Boats,Motorboat_16.08.23_142725_20secCPA.wav,0.6983109882513159,0.8719495876169341,4.0,-34.747078,,28.600727458508
Hear My Ship: Motor Boats,Motorboat_16.08.23_144043_20secCPA.wav,0.7747538748628531,0.915104049206323,3.0,-43.068317,,15.013527847055675
Hear My Ship: Motor Boats,Motorboat_16.08.23_153409_20secCPA.wav,0.911077108519773,0.9360028271367136,7.0,-45.879295,,8.469287287285187
Hear My Ship: Motor Boats,Motorboat_16.08.23_154943_20secCPA.wav,0.7164501819768604,0.8755103559678064,6.0,-42.270058,,13.914106438404213
Hear My Ship: Motor Boats,Motorboat_16.08.23_161348_20secCPA.wav,0.9396486749925836,0.913068187425498,3.0,-38.98994,,22.628125808698005
Hear My Ship: Motor Boats,Motorboat_16.08.23_163953_20secCPA.wav,0.7507048057693473,0.955718249874984,2.0,-47.56828,,6.36140409630976
Hear My Ship: Motor Boats,Motorboat_16.08.23_164733_20secCPA.wav,0.9999623635679338,0.8965144954649689,3.0,-46.269573,,6.96120644165143
Hear My Ship: Motor Boats,Motorboat_16.08.23_165005_20secCPA.wav,0.2422136107071782,0.9267114624120064,2.0,-50.374035,,53.49316991386546
Hear My Ship: Motor Boats,Motorboat_16.08.23_170112_20secCPA.wav,0.591849995679803,0.8657853454099754,3.0,-35.75797,,15.993343304339774
Hear My Ship: Motor Boats,Motorboat_16.08.23_170434_20secCPA.wav,0.8166931079831905,0.9353459048688296,8.0,-42.321278,,61.22478645814845
Hear My Ship: Motor Boats,Motorboat_16.08.23_175848_20secCPA.wav,0.9999789059856004,0.8729231372840252,4.0,-42.468933,,29.50558731083632
Hear My Ship: Motor Boats,Motorboat_16.08.23_175952_20secCPA.wav,0.8652566482229839,0.8803646577579248,3.0,-41.18386,,20.689743517012683
Hear My Ship: Motor Boats,Motorboat_16.08.23_180349_20secCPA.wav,0.9826508635924504,0.7951947381202389,3.0,-43.032875,,16.173466375261505
Hear My Ship: Motor Boats,Motorboat_16.08.23_181055_20secCPA.wav,0.8637513061831921,0.7892241505811066,3.0,-38.365505,,15.682027660078388
Hear My Ship: Motor Boats,Motorboat_16.08.23_182955_20secCPA.wav,0.4529605230346026,0.9658844869923908,3.0,-56.299118,,35.73088503561711
Hear My Ship: Motor Boats,Motorboat_16.08.23_183637_20secCPA.wav,0.8522728994284606,0.9217776047828086,11.0,-43.243004,,53.780536202116686
Hear My Ship: Motor Boats,Motorboat_16.08.23_190136_20secCPA.wav,0.4896811396274455,0.9453754305843656,9.0,-47.855114,,32.57033488001667
Hear My Ship: Motor Boats,Motorboat_16.08.23_190314_20secCPA.wav,0.999720054919636,0.78780124894272,7.0,-46.567837,,120.71714519727176
Hear My Ship: Motor Boats,Motorboat_16.08.23_190723_20secCPA.wav,0.8028328167203214,0.9214444214885924,3.0,-46.33996,,19.777002226078743
Hear My Ship: Motor Boats,Motorboat_17.08.23_071259_20secCPA.wav,0.9874274924320382,0.8803873475442234,3.0,-45.80758,,39.346756761467965
Hear My Ship: Motor Boats,Motorboat_17.08.23_075315_20secCPA.wav,0.6813866436353355,0.738864271706633,3.0,-47.32462,,12.36319497741661
Hear My Ship: Motor Boats,Motorboat_17.08.23_080441_20secCPA.wav,0.9054534723207062,0.9332080754007492,4.0,-50.322575,,18.665307937098778
Hear My Ship: Motor Boats,Motorboat_17.08.23_080903_20secCPA.wav,0.9992674391985436,0.7687194438149176,4.0,-45.44607,,10.760325159165715
Hear My Ship: Motor Boats,Motorboat_17.08.23_081839_20secCPA.wav,0.9692990718489776,0.96238746609056,2.0,-47.827457,,26.645856591194388
Hear My Ship: Motor Boats,Motorboat_17.08.23_084255_20secCPA.wav,0.7682329751252652,0.8581794235612333,5.0,-43.980022,,96.61841962354193
Hear My Ship: Motor Boats,Motorboat_17.08.23_084532_20secCPA.wav,0.7567950089869877,0.7667218530582821,3.0,-39.749676,,182.4706763113771
Hear My Ship: Motor Boats,Motorboat_17.08.23_090417_20secCPA.wav,0.7403501594525906,0.7852876089403201,3.0,-52.417145,,48.42849692516488
Hear My Ship: Motor Boats,Motorboat_17.08.23_091525_20secCPA.wav,0.8465364734104577,0.8554710993355504,6.0,-42.192337,,210.17323567985244
Hear My Ship: Motor Boats,Motorboat_17.08.23_092904_20secCPA.wav,0.990347589865349,0.8806577230482928,3.0,-39.418396,,7.483146355935195
Hear My Ship: Motor Boats,Motorboat_17.08.23_111135_20secCPA.wav,0.4350075742204022,0.896375290239733,3.0,-44.364494,,80.94697025605001
Hear My Ship: Motor Boats,Motorboat_17.08.23_125223_20secCPA.wav,0.6503818868006553,0.955334972234231,5.0,-38.893597,,17.654116573205915
Hear My Ship: Motor Boats,Motorboat_17.08.23_130916_20secCPA.wav,0.7188940053924323,0.7370421747877295,5.0,-41.241676,,101.9090178780582
Hear My Ship: Motor Boats,Motorboat_17.08.23_135238_20secCPA.wav,0.9582613570089032,0.8579050499350573,3.0,-45.693848,,3.9596834966655536
Hear My Ship: Motor Boats,Motorboat_17.08.23_144213_20secCPA.wav,0.9682223388984154,0.8518240055265199,4.0,-39.70592,,9.891725478107974
Hear My Ship: Motor Boats,Motorboat_17.08.23_144346_20secCPA.wav,0.6011089387279508,0.9678021481964688,3.0,-46.32965,,3.727748527948771
Hear My Ship: Motor Boats,Motorboat_17.08.23_151710_20secCPA.wav,0.4843436870839206,0.8230473418130432,3.0,-41.447296,,34.37123703616566
Hear My Ship: Motor Boats,Motorboat_17.08.23_162154_20secCPA.wav,0.9999778961949176,0.8773448410389666,3.0,-36.910095,,42.725403679633
Hear My Ship: Motor Boats,Motorboat_17.08.23_162604_20secCPA.wav,0.999928358866968,0.8949528869867728,3.0,-48.762455,,14.11631088406812
Hear My Ship: Motor Boats,Motorboat_17.08.23_163043_20secCPA.wav,0.9999577006352074,0.9027716564856028,2.0,-41.685455,,4.088015494069183
Hear My Ship: Motor Boats,Motorboat_17.08.23_163519_20secCPA.wav,0.9121466283951148,0.8913357851979393,4.0,-47.113068,,9.92041798476118
Hear My Ship: Motor Boats,Motorboat_17.08.23_164440_20secCPA.wav,0.9999815913973972,0.9185173827318917,4.0,-36.65681,,14.04529403558233
Hear My Ship: Motor Boats,Motorboat_17.08.23_164836_20secCPA.wav,0.4242927359096595,0.8910436245412808,2.0,-47.85605,,50.25166246628042
Hear My Ship: Motor Boats,Motorboat_17.08.23_170613_20secCPA.wav,0.7190949688891908,0.7743489903430082,3.0,-42.80735,,138.1253714562679
Hear My Ship: Motor Boats,Motorboat_17.08.23_184427_20sec.wav,0.5433019369653793,0.7966374305208709,3.0,-44.273834,,62.45344894434816
Hear My Ship: Motor Boats,Motorboat_17.08.23_184905_20secCPA.wav,0.7271228990405908,0.9180345704752192,4.0,-42.57153,,98.63360378675496
Hear My Ship: Motor Boats,Motorboat_18.08.23_073101_20secCPA.wav,0.6518850940827458,0.9526650819648552,3.0,-44.438904,,30.8698219885117
Hear My Ship: Motor Boats,Motorboat_18.08.23_073639_20secCPA.wav,0.5703642799845453,0.834390647272575,4.0,-55.730446,,207.93677949282775
Hear My Ship: Motor Boats,Motorboat_18.08.23_074435_20secCPA.wav,0.9162603685213652,0.8761528141316591,4.0,-46.724777,,39.71274519017378
Hear My Ship: Motor Boats,Motorboat_18.08.23_082350_20secCPA.wav,0.8911713547450397,0.9345260578309528,3.0,-47.81538,,3.822174727007202
Hear My Ship: Motor Boats,Motorboat_18.08.23_085415_20secCPA.wav,0.9104503736325268,0.8856900253790679,6.0,-46.58255,,413.3884696467663
Hear My Ship: Motor Boats,Motorboat_18.08.23_094343_20secCPA.wav,0.9944604177161236,0.754064148211226,3.0,-39.440228,,9.830373962928874
Hear My Ship: Motor Boats,Motorboat_18.08.23_120048_20secCPA.wav,0.9586320498242276,0.8891276385875413,5.0,-43.06528,,18.783620913743206
Hear My Ship: Motor Boats,Motorboat_18.08.23_123842_20secCPA.wav,0.2923721413676143,0.9756389779585526,3.0,-55.750202,,10.563553276379809
Hear My Ship: Motor Boats,Motorboat_18.08.23_131846_20secCPA.wav,0.8169793384185765,0.7975331570784646,6.0,-42.539474,,342.2543988089847
Hear My Ship: Motor Boats,Motorboat_18.08.23_132827_20secCPA.wav,0.9155783661426338,0.7688114114136453,3.0,-45.19186,,55.92777453705815
Hear My Ship: Motor Boats,Motorboat_18.08.23_141125_20secCPA.wav,0.8326539529612724,0.9615320821436156,3.0,-45.73797,,319.1228161919641
Hear My Ship: Motor Boats,Motorboat_18.08.23_141231_20secCPA.wav,0.907555641031148,0.8454809443990898,3.0,-42.474464,,50.035221526186426
Hear My Ship: Motor Boats,Motorboat_18.08.23_142215_20secCPA.wav,0.8249967642796779,0.9159311144619584,3.0,-38.574924,,5.18405010471228
Hear My Ship: Motor Boats,Motorboat_18.08.23_142907_20secCPA.wav,0.9170371190522324,0.9499353946458668,3.0,-44.793266,,15.822688590448744
Hear My Ship: Motor Boats,Motorboat_18.08.23_143918_20secCPA.wav,0.3911978149059024,0.937876556349044,3.0,-39.208633,,39.779385199139966
Hear My Ship: Motor Boats,Motorboat_18.08.23_145027_20secCPA.wav,0.9327997745656462,0.8696830364604761,3.0,-36.108253,,137.1140289890688
Hear My Ship: Motor Boats,Motorboat_18.08.23_152652_20secCPA.wav,0.6103621219727317,0.8544313040208678,5.0,-44.003696,,63.683319819419175
Hear My Ship: Motor Boats,Motorboat_18.08.23_154441_20secCPA.wav,0.6174900531549312,0.8942602000411964,3.0,-35.277657,,258.3894441172181
Hear My Ship: Motor Boats,Motorboat_18.08.23_185707_20secCPA.wav,0.6433287175732446,0.8821488413879358,3.0,-43.175636,,4.293831684634496
Hear My Ship: Motor Boats,Motorboat_18.08.23_185954_20secCPA.wav,0.958112298770556,0.8930773858713571,5.0,-36.76191,,25.65948521559204
Hear My Ship: Motor Boats,Motorboat_19.08.23_074627_20secCPA.wav,0.9619576846680324,0.897099295896951,3.0,-40.816437,,3.0157815922071967
Hear My Ship: Motor Boats,Motorboat_19.08.23_074819_20secCPA.wav,0.958810305829744,0.8950095205775458,3.0,-39.278114,,11.511327214271256
Hear My Ship: Motor Boats,Motorboat_19.08.23_080333_20secCPA.wav,0.9461326369373716,0.8583142227138988,3.0,-41.32184,,23.126068751453023
Hear My Ship: Motor Boats,Motorboat_19.08.23_081502_20secCPA.wav,0.8873865799990236,0.9601783900880058,3.0,-50.69164,,8.484091140982555
Hear My Ship: Motor Boats,Motorboat_19.08.23_081636_20secCPA.wav,0.9999792765202976,0.9045573424472352,2.0,-42.04962,,25.277050997123112
Hear My Ship: Motor Boats,Motorboat_19.08.23_082137_20secCPA.wav,0.4454524625704543,0.8967064565923211,3.0,-38.95512,,10.103429792142968
Hear My Ship: Motor Boats,Motorboat_19.08.23_083734_20secCPA.wav,1.0,0.971663599733754,2.0,-52.16504,,6.177491911946615
Hear My Ship: Motor Boats,Motorboat_19.08.23_090107_20secCPA.wav,0.8942939550745856,0.901759724819942,2.0,-45.194263,,24.29777816246349
Hear My Ship: Motor Boats,Motorboat_19.08.23_100450_20secCPA.wav,0.9223935544961798,0.8725419601710765,3.0,-42.076942,,7.679023084163212
Hear My Ship: Motor Boats,Motorboat_19.08.23_102703_20secCPA.wav,0.8893903595480335,0.980240765285494,3.0,-45.290333,,2.743897628022942
Hear My Ship: Motor Boats,Motorboat_19.08.23_103459_20secCPA.wav,0.999989899942093,0.8065902082513843,3.0,-43.67363,,218.13579724692823
Hear My Ship: Motor Boats,Motorboat_19.08.23_110138_20secCPA.wav,0.5993175654706802,0.8964437254878033,3.0,-40.654633,,113.89568697613672
Hear My Ship: Motor Boats,Motorboat_19.08.23_110336_20secCPA.wav,0.8625141099792063,0.8715526385604361,3.0,-41.09369,,13.593482810542266
Hear My Ship: Motor Boats,Motorboat_19.08.23_112414_20secCPA.wav,0.9999894835446688,0.8464440241715808,4.0,-44.91434,,64.9408449386375
Hear My Ship: Motor Boats,Motorboat_19.08.23_112632_20secCPA.wav,0.6105314551234681,0.7303765557666306,3.0,-37.97694,,34.021438640337266
Hear My Ship: Motor Boats,Motorboat_19.08.23_123203_20secCPA.wav,0.997952482260132,0.8922296913297652,3.0,-42.71168,,5.739918532209567
Hear My Ship: Motor Boats,Motorboat_19.08.23_123639_20secCPA.wav,0.748814942215324,0.9313620747744408,3.0,-44.53047,,10.226167600965823
Hear My Ship: Motor Boats,Motorboat_21.08.23_110055_20secCPA.wav,0.5401602876077317,0.8852571839628013,3.0,-40.13576,,458.964013386829
Hear My Ship: Motor Boats,Motorboat_21.08.23_110420_20secCPA.wav,0.9797379457395042,0.8201331981971324,3.0,-46.46059,,86.58053390034088
Hear My Ship: Motor Boats,Motorboat_21.08.23_110655_20secCPA.wav,0.4612805742665086,0.898199536763128,4.0,-45.158844,,9.101757960728484
Hear My Ship: Motor Boats,Motorboat_21.08.23_112756_20secCPA.wav,0.7708727418816688,0.9524689781711534,3.0,-45.170525,,14.621550586641826
Hear My Ship: Motor Boats,Motorboat_21.08.23_114333_20secCPA.wav,0.9469909303610364,0.8392091136665331,3.0,-40.287777,,47.09305768093986
Hear My Ship: Motor Boats,Motorboat_21.08.23_122445_20secCPA.wav,0.962414011500668,0.8610194347797758,2.0,-38.72045,,23.81105018282889
Hear My Ship: Motor Boats,Motorboat_21.08.23_132307_20secCPA.wav,0.4639704274675241,0.8793645115861775,3.0,-50.212822,,44.3402215212566
Hear My Ship: Motor Boats,Motorboat_21.08.23_133103_20secCPA.wav,0.9750789971483956,0.9032095827830184,3.0,-42.764183,,9.94666909085041
Hear My Ship: Motor Boats,Motorboat_21.08.23_135143_20secCPA.wav,0.8902822639859403,0.9675192145042508,4.0,-43.321644,,24.13907325301884
Hear My Ship: Motor Boats,Motorboat_21.08.23_141914_20secCPA.wav,0.6271433981922234,0.7865101746370234,4.0,-46.40081,,13.634313446656453
Hear My Ship: Motor Boats,Motorboat_21.08.23_144206_20secCPA.wav,0.8235183677568133,0.9750121986093638,2.0,-46.795044,,8.64819177592009
Hear My Ship: Motor Boats,Motorboat_21.08.23_144613_20secCPA.wav,0.8886446656131776,0.9379769628477612,3.0,-42.40679,,4.198199914595096
Hear My Ship: Motor Boats,Motorboat_21.08.23_145147_20secCPA.wav,0.884855091916172,0.9426501492455044,3.0,-44.012455,,23.749676943447675
Hear My Ship: Motor Boats,Motorboat_21.08.23_145711_20secCPA.wav,0.8862491868932602,0.8436000117513055,3.0,-38.624184,,13.777481568378768
Hear My Ship: Motor Boats,Motorboat_21.08.23_150341_20secCPA.wav,0.95302086186762,0.8884838322300292,2.0,-50.877945,,6.398161624041758
Hear My Ship: Motor Boats,Motorboat_21.08.23_154551_20secCPA.wav,0.971920073718415,0.8894414590192488,3.0,-46.584076,,10.42769381116735
Hear My Ship: Motor Boats,Motorboat_21.08.23_162544_20secCPA.wav,0.9999983615159124,0.8847611859025694,4.0,-42.220757,,180.80383172418436
Hear My Ship: Motor Boats,Motorboat_21.08.23_164139_20secCPA.wav,0.9128058344551836,0.8260587072828726,3.0,-44.55887,,21.14870411863298
Hear My Ship: Motor Boats,Motorboat_21.08.23_164541_20secCPA.wav,0.8800741738959544,0.8033204339264076,3.0,-41.839546,,19.17611863803605
Hear My Ship: Motor Boats,Motorboat_21.08.23_165126_20secCPA.wav,0.9059913565520074,0.901495545981126,3.0,-44.126595,,64.00561675009847
Hear My Ship: Motor Boats,Motorboat_21.08.23_170338_20secCPA.wav,0.9999915475238031,0.8158641664167418,8.0,-43.2727,,106.64916104960858
Hear My Ship: Motor Boats,Motorboat_21.08.23_172521_20secCPA.wav,0.7514913801747688,0.855723988923889,3.0,-43.55915,,44.13147219527059
Hear My Ship: Motor Boats,Motorboat_21.08.23_173517_20secCPA.wav,0.9609248563126525,0.9533382388628748,3.0,-44.331326,,27.20367127668309
Hear My Ship: Motor Boats,Motorboat_21.08.23_175257_20secCPA.wav,0.9714080757248398,0.902250591954494,3.0,-43.788944,,4.556097195689919
Hear My Ship: Motor Boats,Motorboat_21.08.23_175642_20secCPA.wav,0.5260527823139804,0.808779540604251,3.0,-42.284767,,86.16489040938687
Hear My Ship: Motor Boats,Motorboat_21.08.23_181911_20secCPA.wav,0.4160994618244649,0.686162062860533,4.0,-44.352383,,17.32652402535642
Hear My Ship: Motor Boats,Motorboat_21.08.23_182624_20secCPA.wav,0.3242207108736135,0.6874709676311158,2.0,-53.58624,,64.62836768961057
Hear My Ship: Motor Boats,Motorboat_21.08.23_183313_20secCPA.wav,0.948580644124389,0.8664646382745645,3.0,-40.39576,,6.244756503596414
Hear My Ship: Motor Boats,Motorboat_21.08.23_183709_20secCPA.wav,0.94670348598162,0.7579033656977923,2.0,-37.667152,,25.246658018751656
Hear My Ship: Motor Boats,Motorboat_21.08.23_185723_20secCPA.wav,0.9999459389950428,0.8015137699996578,5.0,-46.60134,,8.429978210249224
Hear My Ship: Motor Boats,Motorboat_21.08.23_185841_20secCPA.wav,0.3584495636397096,0.97248235637877,2.0,-49.173035,,16.031191534435994
Hear My Ship: Motor Boats,Motorboat_21.08.23_190020_20secCPA.wav,0.9126254730952772,0.9547201519580166,2.0,-45.81079,,2.9960061986622635
Hear My Ship: Motor Boats,Motorboat_22.08.23_074047_20secCPA.wav,0.9004921203608093,0.9689835429661272,2.0,-41.057667,,20.94624178483524
Hear My Ship: Motor Boats,Motorboat_22.08.23_080148_20secCPA.wav,0.9155930103791504,0.7769741328329891,5.0,-45.17913,,41.135895080925465
Hear My Ship: Motor Boats,Motorboat_22.08.23_080638_20secCPA.wav,0.9999906621112418,0.8878761320164722,3.0,-40.83778,,2.6650126961201908
Hear My Ship: Motor Boats,Motorboat_22.08.23_080742_20secCPA.wav,0.9780042109251446,0.8835536150472232,4.0,-44.856514,,11.694297933402362
Hear My Ship: Motor Boats,Motorboat_22.08.23_080944_20secCPA.wav,0.7706936577779506,0.8879994669730478,7.0,-39.613422,,365.6152251359863
Hear My Ship: Motor Boats,Motorboat_22.08.23_082015_20secCPA.wav,0.7965759539934574,0.9665799224233198,3.0,-50.49704,,13.684991205831464
Hear My Ship: Motor Boats,Motorboat_22.08.23_101647_20secCPA.wav,0.7928686886828458,0.9430400283743736,3.0,-46.4961,,10.782324537482568
Hear My Ship: Motor Boats,Motorboat_22.08.23_101757_20secCPA.wav,0.728192786858348,0.9035208816516166,6.0,-39.950874,,367.5986327534835
Hear My Ship: Motor Boats,Motorboat_22.08.23_103740_20secCPA.wav,0.7280218216526082,0.780882221774157,3.0,-41.038094,,135.8633835590643
Hear My Ship: Motor Boats,Motorboat_22.08.23_104034_20secCPA.wav,0.9999952409760032,0.8682584242030679,2.0,-35.62973,,20.283130833788285
Hear My Ship: Motor Boats,Motorboat_22.08.23_121820_20secCPA.wav,0.9998802640387529,0.842447977755247,4.0,-43.773582,,3.7530062415740906
Hear My Ship: Motor Boats,Motorboat_22.08.23_122818_20secCPA.wav,0.9547322926650972,0.8207571979883316,6.0,-42.945,,8.785805303153678
Hear My Ship: Motor Boats,Motorboat_22.08.23_132445_20secCPA.wav,0.777567011292827,0.9155608412902854,3.0,-44.239075,,15.06686999676563
Hear My Ship: Motor Boats,Motorboat_22.08.23_133344_20secCPA.wav,0.3437312992997915,0.9145660621707132,2.0,-42.51463,,4.173723299117694
Hear My Ship: Motor Boats,Motorboat_22.08.23_134943_20secCPA.wav,0.9347334765802204,0.6915493802669462,3.0,-37.698997,,7.438202530140578
Hear My Ship: Motor Boats,Motorboat_22.08.23_135126_20secCPA.wav,0.9866365735880748,0.91556719672233,3.0,-47.99804,,11.911165547904186
Hear My Ship: Motor Boats,Motorboat_22.08.23_140234_20secCPA.wav,0.987595379333194,0.8194446366221174,3.0,-42.433437,,28.802975555336623
Hear My Ship: Motor Boats,Motorboat_22.08.23_142226_20secCPA.wav,0.2059230851840999,0.9431984185794496,3.0,-44.24044,,4.234991169838518
Hear My Ship: Motor Boats,Motorboat_22.08.23_142846_20secCPA.wav,0.27568008968258,0.939751022381757,2.0,-45.601334,,16.992875351172557
Hear My Ship: Motor Boats,Motorboat_22.08.23_144616_20secCPA.wav,0.4024987769816565,0.9155144877574376,6.0,-43.923153,,19.49771301889008
Hear My Ship: Motor Boats,Motorboat_22.08.23_150040_20secCPA.wav,0.8128386880415498,0.9277785231802176,3.0,-48.10623,,9.686458160701598
Hear My Ship: Motor Boats,Motorboat_22.08.23_150201_20secCPA.wav,0.9534891571570102,0.8481778980301735,4.0,-41.23682,,19.12447042283688
Hear My Ship: Motor Boats,Motorboat_22.08.23_150329_20secCPA.wav,0.6045908095329015,0.9369725763533824,4.0,-46.290314,,8.631424888061094
Hear My Ship: Motor Boats,Motorboat_22.08.23_153136_20secCPA.wav,0.8888249153085834,0.8922783867406091,4.0,-45.786892,,5.507163779301288
Hear My Ship: Motor Boats,Motorboat_22.08.23_153501_20secCPA.wav,0.9999760003490858,0.7665486208141858,3.0,-42.925728,,38.93051649306795
Hear My Ship: Motor Boats,Motorboat_22.08.23_153947_20secCPA.wav,0.9065895683556568,0.948132081242885,2.0,-47.348618,,5.820964711397517
Hear My Ship: Motor Boats,Motorboat_22.08.23_154403_20secCPA.wav,0.909745839431477,0.8990404753022686,3.0,-41.850018,,6.817638868413026
Hear My Ship: Motor Boats,Motorboat_22.08.23_154931_20secCPA.wav,0.9796989412897016,0.7429640091721346,3.0,-41.25667,,20.63281492332163
Hear My Ship: Motor Boats,Motorboat_22.08.23_160019_20secCPA.wav,0.998943787593338,0.8824279486728537,3.0,-33.34229,,22.63246066541843
Hear My Ship: Motor Boats,Motorboat_22.08.23_163513_20secCPA.wav,0.8899890744115421,0.8019590602483023,6.0,-42.49508,,2131.0060543435607
Hear My Ship: Motor Boats,Motorboat_22.08.23_184116_20secCPA.wav,0.9757202310806158,0.8824302526416747,3.0,-46.933857,,3.647110053872469
Hear My Ship: Motor Boats,Motorboat_22.08.23_184440_20secCPA.wav,0.6337582922239583,0.9644867858849424,3.0,-43.77672,,3.5582553876297456
Hear My Ship: Motor Boats,Motorboat_22.08.23_184909_20secCPA.wav,0.9653285192978144,0.91949137997007,5.0,-50.490223,,47.40296296039453
Hear My Ship: Motor Boats,Motorboat_23.08.23_072927_20secCPA.wav,0.915924945320594,0.9293815807952248,2.0,-44.94581,,4.042804233751817
Hear My Ship: Motor Boats,Motorboat_23.08.23_074418_20secCPA.wav,0.9999877270664124,0.8411480820562787,3.0,-40.206776,,46.42859763633909
Hear My Ship: Motor Boats,Motorboat_23.08.23_075009_20secCPA.wav,0.9292034794070152,0.9351886795947986,4.0,-48.5646,,26.61559002869198
Hear My Ship: Motor Boats,Motorboat_23.08.23_083546_20secCPA.wav,0.7148184431798043,0.9134734746308492,3.0,-50.53724,,7.308189436901457
Hear My Ship: Motor Boats,Motorboat_23.08.23_085002_20secCPA.wav,0.9999765396944787,0.8110135294735552,3.0,-51.83422,,6.670121602621975
Hear My Ship: Motor Boats,Motorboat_23.08.23_085347_20secCPA.wav,0.9588781246946064,0.8472743675336273,3.0,-40.563225,,10.682863486299857
Hear My Ship: Motor Boats,Motorboat_23.08.23_090514_20secCPA.wav,0.9999897427038232,0.8321092214624518,2.0,-41.279163,,18.45961634046349
Hear My Ship: Motor Boats,Motorboat_23.08.23_104828_20secCPA.wav,0.9533148579501544,0.8643647148415137,4.0,-44.54925,,39.28244236475986
Hear My Ship: Motor Boats,Motorboat_23.08.23_111726_20secCPA.wav,0.9875953768024478,0.9304143327683858,3.0,-42.82455,,12.030050380458553
Hear My Ship: Motor Boats,Motorboat_23.08.23_113308_20secCPA.wav,0.6271901970276109,0.8860259799678791,3.0,-48.353317,,7.937075510387309
Hear My Ship: Motor Boats,Motorboat_23.08.23_114833_20secCPA.wav,0.7555760012109314,0.7830503444539139,3.0,-45.599957,,95.5058955234278
Hear My Ship: Motor Boats,Motorboat_23.08.23_120854_20secCPA.wav,0.6523494078669744,0.9340345245405464,3.0,-41.609608,,13.186255776494717
Hear My Ship: Motor Boats,Motorboat_23.08.23_122835_20secCPA.wav,0.6022024627293147,0.9723855392215872,3.0,-43.494186,,15.935893414994624
Hear My Ship: Motor Boats,Motorboat_23.08.23_123300_20secCPA.wav,0.8019000650655251,0.9028784078488602,3.0,-48.0682,,13.565483549975058
Hear My Ship: Motor Boats,Motorboat_23.08.23_123802_20secCPA.wav,0.999989139907133,0.8792742482423007,4.0,-36.80609,,35.77015208002229
Hear My Ship: Motor Boats,Motorboat_23.08.23_132515_20secCPA.wav,0.96680834554103,0.8756854676915822,3.0,-44.4351,,20.2597723258397
Hear My Ship: Motor Boats,Motorboat_23.08.23_133905_20secCPA.wav,0.9999958265732516,0.900188434916489,3.0,-39.954086,,6.439482914782115
Hear My Ship: Motor Boats,Motorboat_23.08.23_135948_20secCPA.wav,0.9672148870754554,0.9120159582002716,4.0,-42.977634,,24.352649771672965
Hear My Ship: Motor Boats,Motorboat_23.08.23_142138_20secCPA.wav,0.8364140231493731,0.867511637809906,4.0,-46.39639,,27.60578990441315
Hear My Ship: Motor Boats,Motorboat_23.08.23_145901_20secCPA.wav,0.999977052621738,0.8369339236602477,3.0,-48.6134,,28.746977981760757
Hear My Ship: Motor Boats,Motorboat_23.08.23_152631_20secCPA.wav,0.7717377118802072,0.8331986337950535,6.0,-40.658264,,19.01320189570613
Hear My Ship: Motor Boats,Motorboat_23.08.23_153243_20secCPA.wav,0.6502759093483294,0.7100457310605115,3.0,-46.735374,,56.03227894805531
Hear My Ship: Motor Boats,Motorboat_23.08.23_155222_20secCPA.wav,0.976025253204448,0.8566457603701914,3.0,-45.930183,,12.219081632069384
Hear My Ship: Motor Boats,Motorboat_23.08.23_155701_20secCPA.wav,0.4609989233879575,0.9321836933070844,3.0,-45.374813,,17.69783025603001
Hear My Ship: Motor Boats,Motorboat_23.08.23_160037_20secCPA.wav,0.7253279684814955,0.850838511397447,2.0,-45.051655,,18.316823291629134
Hear My Ship: Motor Boats,Motorboat_23.08.23_162356_20secCPA.wav,0.8190894564543344,0.7889303752464967,3.0,-47.447285,,128.6276465299058
Hear My Ship: Motor Boats,Motorboat_23.08.23_165453_20secCPA.wav,0.999953972102175,0.8895713360770119,3.0,-49.201035,,7.003770390395422
Hear My Ship: Motor Boats,Motorboat_23.08.23_170032_20secCPA.wav,0.6953605982696395,0.963148552439082,5.0,-46.55198,,88.78813939936309
Hear My Ship: Motor Boats,Motorboat_23.08.23_170500_20secCPA.wav,0.363023093652338,0.8720421655998438,2.0,-44.696083,,7.241085829239442
Hear My Ship: Motor Boats,Motorboat_23.08.23_171730_20secCPA.wav,0.9648826815920956,0.8534870688504198,3.0,-43.978745,,36.023002188840145
Hear My Ship: Motor Boats,Motorboat_23.08.23_172459_20secCPA.wav,0.7457813176089424,0.9319741832736352,6.0,-40.48006,,92.34449410993768
Hear My Ship: Motor Boats,Motorboat_23.08.23_173228_20secCPA.wav,0.9997794125818174,0.8544484552107326,2.0,-34.01107,,7.19774013648424
Hear My Ship: Motor Boats,Motorboat_23.08.23_175651_20secCPA.wav,0.7986084447025042,0.8417516129904945,4.0,-45.332314,,6.788512269893808
Hear My Ship: Motor Boats,Motorboat_23.08.23_182312_20secCPA.wav,0.4053360604428399,0.9097607000090168,3.0,-56.226162,,4.7308097875517605
Hear My Ship: Motor Boats,Motorboat_23.08.23_182437_20secCPA.wav,0.903242865838376,0.9406482060110424,3.0,-47.865734,,34.7106280932736
Hear My Ship: Motor Boats,Motorboat_23.08.23_185205_20secCPA.wav,0.4928278422044626,0.9771231198093115,3.0,-48.265114,,4.469421810494445
Hear My Ship: Motor Boats,Motorboat_23.08.23_185915_20secCPA.wav,0.3392408933725127,0.8927039846313063,4.0,-46.67977,,19.1054550863134
Hear My Ship: Motor Boats,Motorboat_23.08.23_190108_20secCPA.wav,0.346325770894143,0.8955615709381579,2.0,-45.077038,,7.011468830620999
Hear My Ship: Motor Boats,Motorboat_24.08.23_072203_20secCPA.wav,0.4284401811145065,0.8364104038075267,3.0,-46.778522,,53.149782961714926
Hear My Ship: Motor Boats,Motorboat_24.08.23_073835_20secCPA.wav,0.9999458947653186,0.961350693925636,3.0,-48.83095,,14.056654766256251
Hear My Ship: Motor Boats,Motorboat_24.08.23_075822_20secCPA.wav,0.6952928602505973,0.8225212570012912,4.0,-50.022774,,22.47822719420084
Hear My Ship: Motor Boats,Motorboat_24.08.23_080530_20secCPA.wav,0.6027888808641245,0.9813390427610392,3.0,-48.078934,,42.81003295761557
Hear My Ship: Motor Boats,Motorboat_24.08.23_081657_20secCPA.wav,0.9630776284511262,0.8081482001021615,5.0,-43.20082,,220.9487843641102
Hear My Ship: Motor Boats,Motorboat_24.08.23_082646_20secCPA.wav,0.9814945463676604,0.9440772566808444,3.0,-50.405113,,5.546780218719646
Hear My Ship: Motor Boats,Motorboat_24.08.23_083955_20secCPA.wav,0.7950798765313666,0.9199418424586882,3.0,-52.989613,,3.0493970558231185
Hear My Ship: Motor Boats,Motorboat_24.08.23_084543_20secCPA.wav,0.945234662851334,0.9494993110492383,3.0,-51.744934,,36.04647267907948
Hear My Ship: Motor Boats,Motorboat_24.08.23_084646_20secCPA.wav,0.9796228960702796,0.820022283079159,2.0,-40.286224,,24.187852211408924
Hear My Ship: Motor Boats,Motorboat_24.08.23_085515_20secCPA.wav,0.8075540778407979,0.7272448849903705,3.0,-47.81942,,14.54446571510259
Hear My Ship: Motor Boats,Motorboat_24.08.23_090115_20secCPA.wav,0.9999411056603286,0.7801742604054981,2.0,-47.374718,,6.390189049126112
Hear My Ship: Motor Boats,Motorboat_24.08.23_090627_20secCPA.wav,0.8651741727505452,0.924862120354675,3.0,-47.70665,,181.4805021307725
Hear My Ship: Motor Boats,Motorboat_24.08.23_091157_20secCPA.wav,0.8657659485166909,0.9122877845605992,7.0,-45.374847,,297.5698528748492
Hear My Ship: Motor Boats,Motorboat_24.08.23_091655_20secCPA.wav,1.0,0.9388365025315006,2.0,-49.735622,,15.66123041996998
Hear My Ship: Motor Boats,Motorboat_24.08.23_091811_20secCPA.wav,0.8783483620220912,0.9498223502560612,2.0,-46.919907,,6.155082017871953
Hear My Ship: Motor Boats,Motorboat_24.08.23_091918_20secCPA.wav,0.7348685967241334,0.8534456640991583,12.0,-40.49344,,166.71715377438295
Hear My Ship: Motor Boats,Motorboat_24.08.23_092611_20secCPA.wav,0.9877185533390402,0.9513116173977826,3.0,-45.810646,,3.967146337611409
Hear My Ship: Motor Boats,Motorboat_24.08.23_095843_20secCPA.wav,0.9685385679940676,0.923109199257019,3.0,-45.46517,,50.00796811869119
Hear My Ship: Motor Boats,Motorboat_24.08.23_102122_20secCPA.wav,0.9459025100478544,0.8642053827617237,3.0,-40.363457,,157.28713596425837
Hear My Ship: Motor Boats,Motorboat_24.08.23_104134_20secCPA.wav,0.7558361769462306,0.8735330262125133,3.0,-43.880646,,17.026922259899298
Hear My Ship: Motor Boats,Motorboat_24.08.23_104733_20secCPA.wav,0.9743280957395486,0.939174216643322,2.0,-48.54766,,10.89363855548975
Hear My Ship: Motor Boats,Motorboat_24.08.23_121304_20secCPA.wav,0.8302317910822464,0.8576382438241281,5.0,-38.81664,,49.2046978737134
Hear My Ship: Motor Boats,Motorboat_24.08.23_121406_20secCPA.wav,0.989628868073008,0.917628941236133,2.0,-37.809822,,14.646494590709876
Hear My Ship: Motor Boats,Motorboat_24.08.23_121915_20secCPA.wav,0.9972753479729436,0.901494662083581,5.0,-43.89966,,14.619535762062648
Hear My Ship: Motor Boats,Motorboat_24.08.23_122553_20secCPA.wav,0.3797689705297321,0.8857824012753653,3.0,-46.052494,,57.035323167306295
Hear My Ship: Motor Boats,Motorboat_24.08.23_130908_20secCPA.wav,0.7540299116418234,0.9395184222901948,8.0,-42.520794,,62.79927809691638
Hear My Ship: Motor Boats,Motorboat_24.08.23_133305_20secCPA.wav,1.0,0.8768841402636595,2.0,-46.728333,,4.324377647384859
Hear My Ship: Motor Boats,Motorboat_24.08.23_142554_20seCPA.wav,0.2012772394281849,0.9191340248555264,2.0,-43.76999,,24.27542048544174
Hear My Ship: Motor Boats,Motorboat_24.08.23_143016_20secCPA.wav,0.581184303926381,0.8886161604317988,3.0,-46.630646,,97.11807967731012
Hear My Ship: Motor Boats,Motorboat_24.08.23_143534_20secCPA.wav,0.3718626717686953,0.922834703865116,3.0,-43.501923,,15.93557453266256
Hear My Ship: Motor Boats,Motorboat_24.08.23_143646_20secCPA.wav,0.2208810133637879,0.8804065946907538,5.0,-42.779713,,7.62159174524208
Hear My Ship: Motor Boats,Motorboat_25.08.23_105956_20secCPA.wav,0.7912438918611286,0.9224652125466696,4.0,-50.489357,,60.195049184855584
Hear My Ship: Motor Boats,Motorboat_25.08.23_112359_20secCPA.wav,0.257565274773631,0.9775008605262486,3.0,-43.763954,,16.670618094601714
Hear My Ship: Motor Boats,Motorboat_25.08.23_114558_20secCPA.wav,0.9711045796888468,0.9481527984972438,3.0,-48.958237,,107.16361738110258
Hear My Ship: Motor Boats,Motorboat_25.08.23_115149_20secCPA.wav,0.9306178435592536,0.8503743756336196,2.0,-43.447884,,17.44790701158169
Hear My Ship: Motor Boats,Motorboat_25.08.23_121618_20secCPA.wav,0.7463830716883242,0.915001920221651,3.0,-46.28893,,9.623863987269717
Hear My Ship: Motor Boats,Motorboat_25.08.23_122644_20secCPA.wav,0.948739159191742,0.8658374891897596,3.0,-37.078896,,5.8942244534689205
Hear My Ship: Motor Boats,Motorboat_25.08.23_124614_20secCPA.wav,0.18586961233992,0.7356690656642024,2.0,-40.517746,,20.13579524766492
Hear My Ship: Motor Boats,Motorboat_25.08.23_130322_20secCPA.wav,0.7195858810595553,0.8286944171772955,5.0,-35.40983,,206.09040061085025
Hear My Ship: Motor Boats,Motorboat_25.08.23_131437_20secCPA.wav,0.9301519019704972,0.9163063099579009,4.0,-51.090286,,20.36618398928095
Hear My Ship: Motor Boats,Motorboat_25.08.23_131616_20secCPA.wav,0.2918648216263519,0.8221929292402379,3.0,-50.806168,,14.160747383313762
Hear My Ship: Motor Boats,Motorboat_25.08.23_133517_20secCPA.wav,0.4567223686894393,0.9097486221439034,2.0,-42.30576,,7.288091874237419
Hear My Ship: Motor Boats,Motorboat_25.08.23_133631_20secCPA.wav,0.443242974938469,0.6545493326760076,3.0,-42.25161,,28.00137760461984
Hear My Ship: Motor Boats,Motorboat_25.08.23_141952_20secCPA.wav,0.7114229227727646,0.9173313883885428,9.0,-46.51594,,6.8460683066016745
Hear My Ship: Motor Boats,Motorboat_25.08.23_142150_20secCPA.wav,0.9996346224384474,0.7781874660527693,7.0,-37.20606,,10.975912452366096
Hear My Ship: Motor Boats,Motorboat_25.08.23_142924_20secCPA.wav,0.4319447190011027,0.8817640282810509,4.0,-44.12036,,8.703814488593459
Hear My Ship: Motor Boats,Motorboat_25.08.23_143256_20secCPA.wav,0.8950880975083951,0.8458154096994127,3.0,-42.229996,,13.000599437105844
Hear My Ship: Motor Boats,Motorboat_25.08.23_144454_20secCPA.wav,0.5367008917689744,0.9605403883760806,3.0,-46.41822,,6.076208593316601
Hear My Ship: Motor Boats,Motorboat_25.08.23_150406_20secCPA.wav,0.9159265240209932,0.817551331977847,2.0,-41.759537,,6.387059619137041
Hear My Ship: Motor Boats,Motorboat_25.08.23_150627_20secCPA.wav,0.895729201160956,0.9307734511845908,3.0,-48.72873,,14.795835809078213
Hear My Ship: Motor Boats,Motorboat_25.08.23_153216_20secCPA.wav,0.8070724092631404,0.928784597012582,6.0,-41.152687,,138.45535308865925
Hear My Ship: Motor Boats,Motorboat_25.08.23_153709_20secCPA.wav,1.0,0.9559155517011988,2.0,-47.803673,,13.890065192992584
Hear My Ship: Motor Boats,Motorboat_25.08.23_162709_20secCPA.wav,0.8149790146717936,0.916186075731366,2.0,-43.584167,,29.995668429758883
Hear My Ship: Motor Boats,Motorboat_25.08.23_165719_20secCPA.wav,0.7018353253285701,0.7890430560323057,3.0,-33.357113,,19.52238371038217
Hear My Ship: Motor Boats,Motorboat_25.08.23_170530_20secCPA.wav,0.9887502142979598,0.8737859787620106,6.0,-45.616676,,71.16805305328602
Hear My Ship: Motor Boats,Motorboat_25.08.23_172824_20secCPA.wav,0.3734891674789097,0.9333174198707134,3.0,-46.058655,,31.81039240994935
Hear My Ship: Motor Boats,Motorboat_25.08.23_173437_20secCPA.wav,0.9997225897552786,0.7755999196349873,3.0,-45.77649,,17.913640232196563
Hear My Ship: Motor Boats,Motorboat_26.08.23_072812_20secCPA.wav,0.915415410952797,0.936129651047984,3.0,-46.496475,,2.783686624545835
Hear My Ship: Motor Boats,Motorboat_26.08.23_080023_20secCPA.wav,0.9301172534931376,0.8950899963723722,5.0,-44.385544,,29.14222553822487
Hear My Ship: Motor Boats,Motorboat_26.08.23_082021_20secCPA.wav,0.9358389132025458,0.9407671223958444,2.0,-46.760292,,14.400115201112662
Hear My Ship: Motor Boats,Motorboat_26.08.23_082805_20secCPA.wav,0.9946047731533244,0.8099432477611714,4.0,-44.254562,,97.8151781813398
Hear My Ship: Motor Boats,Motorboat_26.08.23_083631_20secCPA.wav,0.9467676095298762,0.9460525973112256,3.0,-40.63218,,15.19063005201721
Hear My Ship: Motor Boats,Motorboat_26.08.23_084112_20secCPA.wav,0.968090338468506,0.8192186608690519,2.0,-39.187706,,7.072987933458099
Hear My Ship: Motor Boats,Motorboat_26.08.23_084239_20seCPA.wav,0.8984780649618541,0.9161769656543473,4.0,-45.870056,,10.217068259884964
Hear My Ship: Motor Boats,Motorboat_26.08.23_085000_20secCPA.wav,0.5100940089175022,0.926204420273026,5.0,-56.086388,,8.735284619859804
Hear My Ship: Motor Boats,Motorboat_26.08.23_090537_20secCPA.wav,0.7672732423366845,0.9289645572967884,3.0,-39.81086,,197.46166984881543
Hear My Ship: Motor Boats,Motorboat_26.08.23_091736_20secCPA.wav,0.428732563984699,0.8503204891209334,3.0,-39.541546,,240.205911506128
Hear My Ship: Motor Boats,Motorboat_26.08.23_092026_20secCPA.wav,0.961093517439254,0.9019231550366104,3.0,-39.838898,,20.70702381647145
Hear My Ship: Motor Boats,Motorboat_26.08.23_095623_20secCPA.wav,0.9999892965652616,0.8184050387635118,3.0,-39.92332,,33.022123708328294
Hear My Ship: Motor Boats,Motorboat_26.08.23_100931_20secCPA.wav,0.9586093481916276,0.8509633578943839,6.0,-40.948658,,356.075450337783
Hear My Ship: Motor Boats,Motorboat_26.08.23_103703_20secCPA.wav,0.9999568764149926,0.797093299969682,3.0,-48.360237,,14.330310992502405
Hear My Ship: Motor Boats,Motorboat_26.08.23_103845_20secCPA.wav,0.9999886405206108,0.8759502021652007,2.0,-32.62428,,65.70259660790461
Hear My Ship: Motor Boats,Motorboat_26.08.23_104650_20secCPA.wav,0.887634337598019,0.9153443936009702,3.0,-40.145416,,20.429746734975463
Hear My Ship: Motor Boats,Motorboat_26.08.23_105918_20secCPA.wav,0.6427725090654313,0.9475138637928016,3.0,-41.472607,,263.79527080753724
Hear My Ship: Motor Boats,Motorboat_26.08.23_112157_20secCPA.wav,0.8116357796522142,0.9349319595105758,9.0,-47.24402,,23.112568886137343
Hear My Ship: Motor Boats,Motorboat_26.08.23_113642_20secCPA.wav,0.4555481165396888,0.8307420566168146,3.0,-40.33491,,20.74122747935711
Hear My Ship: Motor Boats,Motorboat_26.08.23_114159_20secCPA.wav,0.7936559834903901,0.9379682454130016,4.0,-44.21269,,141.051421236718
Hear My Ship: Motor Boats,Motorboat_26.08.23_115945_20secCPA.wav,0.4573954030712069,0.8639140006593834,3.0,-43.55023,,95.18536771751144
Hear My Ship: Motor Boats,Motorboat_26.08.23_120310_20secCPA.wav,0.9829299079516534,0.8377048575677587,3.0,-44.62371,,5.850172372986822
Hear My Ship: Motor Boats,Motorboat_26.08.23_121748_20secCPA.wav,0.9999512114127996,0.8505875438899527,3.0,-45.2388,,53.28618093139829
Hear My Ship: Motor Boats,Motorboat_26.08.23_122455_20secCPA.wav,0.4576159818379084,0.9248868018168565,2.0,-46.396614,,5.786063826312817
Hear My Ship: Motor Boats,Motorboat_26.08.23_124812_20secCPA.wav,0.360619309503375,0.8882448968352126,3.0,-42.634956,,13.550495333699416
Hear My Ship: Motor Boats,Motorboat_26.08.23_124922_20secCPA.wav,0.3655508949357504,0.940573906696931,3.0,-44.898163,,23.302221951254637
Hear My Ship: Motor Boats,Motorboat_26.08.23_130407_20secCPA.wav,0.9447777451562432,0.954634913467628,8.0,-44.28035,,21.345628952092955
Hear My Ship: Motor Boats,Motorboat_26.08.23_130857_20secCPA.wav,0.8388941912127694,0.8507493741326559,3.0,-43.50376,,3.919021005790911
Hear My Ship: Motor Boats,Motorboat_26.08.23_132656_20secCPA.wav,0.2136859601554632,0.9249087101699734,3.0,-42.78717,,17.53549857581493
Hear My Ship: Motor Boats,Motorboat_26.08.23_133056_20secCPA.wav,0.9956455535869028,0.95538229606535,11.0,-46.49181,,10.54847854995108
Hear My Ship: Motor Boats,Motorboat_26.08.23_133900_20secCPA.wav,0.5371861985834243,0.9306519954190412,3.0,-48.915783,,30.34559723142716
Hear My Ship: Motor Boats,Motorboat_26.08.23_134503_20secCPA.wav,0.6051124793095661,0.694578679729021,3.0,-40.620113,,40.983800532436376
Hear My Ship: Motor Boats,Motorboat_26.08.23_140602_20secCPA.wav,0.9650569570340962,0.7592485879239999,2.0,-39.18119,,11.927840334419562
Hear My Ship: Motor Boats,Motorboat_26.08.23_141722_20secCPA.wav,0.388218671960797,0.7729717860959714,3.0,-41.594013,,52.02917550431278
Hear My Ship: Motor Boats,Motorboat_26.08.23_141829_20secCPA.wav,0.7597331568313245,0.8927909958390842,3.0,-46.58108,,7.718764092048356
Hear My Ship: Motor Boats,Motorboat_26.08.23_142008_20secCPA.wav,0.931563208652097,0.8519391693894638,3.0,-44.69757,,67.59468515717805
Hear My Ship: Motor Boats,Motorboat_26.08.23_142126_20secCPA.wav,0.9992553085974484,0.8268069179485711,3.0,-40.927895,,33.162180396799215
Hear My Ship: Motor Boats,Motorboat_26.08.23_142816_20secCPA.wav,0.7617510531256284,0.794150442222049,4.0,-49.53636,,8.281611820067875
Hear My Ship: Motor Boats,Motorboat_26.08.23_144900_20secCPA.wav,0.9152763208826666,0.8872502038856855,3.0,-46.354385,,8.146614464760244
Hear My Ship: Motor Boats,Motorboat_26.08.23_145759_20secCPA.wav,0.9999747002597852,0.908363466797696,3.0,-43.587,,48.52310999122289
Hear My Ship: Motor Boats,Motorboat_26.08.23_150952_20secCPA.wav,0.9783493988529172,0.8946171083867543,3.0,-37.184242,,15.264563566694289
Hear My Ship: Motor Boats,Motorboat_26.08.23_151104_20secCPA.wav,0.6315004103558904,0.8561916399685111,3.0,-40.035942,,61.19272849958308
Hear My Ship: Motor Boats,Motorboat_26.08.23_152034_20secCPA.wav,0.91547899165416,0.9560920538949064,3.0,-45.107494,,5.419832248435938
Hear My Ship: Motor Boats,Motorboat_26.08.23_155058_20secCPA.wav,0.3581939290611526,0.9007052467910299,3.0,-44.978363,,21.662908057478838
Hear My Ship: Motor Boats,Motorboat_26.08.23_155324_20secCPA.wav,0.7571506280040301,0.937319190731154,3.0,-46.81152,,13.996353084792156
Hear My Ship: Motor Boats,Motorboat_26.08.23_162858_20secCPA.wav,0.334131776392095,0.9204198115231588,2.0,-47.313652,,36.11680391481443
Hear My Ship: Motor Boats,Motorboat_26.08.23_163423_20secCPA.wav,0.3123343156564896,0.8268969815456416,3.0,-45.13762,,43.41943653606635
Hear My Ship: Motor Boats,Motorboat_26.08.23_163537_20secCPA.wav,0.7151022055192632,0.9263784573498666,2.0,-45.233597,,3.121804971723084
Hear My Ship: Motor Boats,Motorboat_26.08.23_165203_20secCPA.wav,0.3268328940197563,0.7604146715675998,3.0,-46.551384,,14.566221024350046
Hear My Ship: Motor Boats,Motorboat_26.08.23_170307_20secCPA.wav,0.4273141066551858,0.9664502249843996,3.0,-51.87651,,41.85158429468608
Hear My Ship: Motor Boats,Motorboat_26.08.23_172757_20secCPA.wav,0.9999441202036508,0.8310452871696339,3.0,-36.2509,,38.84242466388111
Hear My Ship: Motor Boats,Motorboat_26.08.23_181714_20secCPA.wav,0.8989460957684982,0.8720335124209992,3.0,-44.959625,,8.243167318294887
Hear My Ship: Motor Boats,Motorboat_26.08.23_181907_20secCPA.wav,0.9999229896924664,0.9391145801415912,3.0,-47.24466,,3.728161644139053
Hear My Ship: Motor Boats,Motorboat_27.08.23_071915_20secCPA.wav,1.0,0.9934845754009588,2.0,-48.573116,,31.936185952673053
Hear My Ship: Motor Boats,Motorboat_27.08.23_072331_20secCPA.wav,0.9580301958254428,0.707903137006831,3.0,-41.002502,,11.07505006057293
Hear My Ship: Motor Boats,Motorboat_27.08.23_073542_20secCPA.wav,0.4047361547162679,0.9654519366313606,3.0,-55.232563,,4.646395582157605
Hear My Ship: Motor Boats,Motorboat_27.08.23_080958_20secCPA.wav,0.6301955821184222,0.9245039504885356,4.0,-47.10596,,90.75777779568712
Hear My Ship: Motor Boats,Motorboat_27.08.23_082357_20secCPA.wav,0.8575529321243588,0.8826572635881016,3.0,-39.943584,,7.51472542939094
Hear My Ship: Motor Boats,Motorboat_27.08.23_083912_20secCPA.wav,0.5952885101672758,0.929962534352186,2.0,-49.762455,,6.426635384704577
Hear My Ship: Motor Boats,Motorboat_27.08.23_084602_20secCPA.wav,0.7609402877936114,0.9224388442949664,5.0,-46.90699,,92.4162601354202
Hear My Ship: Motor Boats,Motorboat_27.08.23_084847_20secCPA.wav,0.9424728009801008,0.9331193716497675,2.0,-46.32895,,4.500944067973397
Hear My Ship: Motor Boats,Motorboat_27.08.23_085306_20secCPA.wav,1.0,0.8979378017394619,2.0,-40.386894,,10.605026804737312
Hear My Ship: Motor Boats,Motorboat_27.08.23_090232_20secCPA.wav,0.9643801936091836,0.9504132242268424,3.0,-48.90553,,4.713525619119429
Hear My Ship: Motor Boats,Motorboat_27.08.23_090307_20secCPA.wav,0.5352183942257609,0.9079506375374112,5.0,-41.816486,,176.13845800363978
Hear My Ship: Motor Boats,Motorboat_27.08.23_094429_20secCPA.wav,0.9156911491758164,0.9587971417441624,10.0,-43.571934,,34.16348029398443
Hear My Ship: Motor Boats,Motorboat_27.08.23_095353_20secCPA.wav,0.9259212619977,0.8915519414609246,3.0,-45.982304,,15.006078899270964
Hear My Ship: Motor Boats,Motorboat_28.08.23_094826_20secCPA.wav,0.4232050455097816,0.9047160978096952,3.0,-42.425766,,193.35124760277225
Hear My Ship: Motor Boats,Motorboat_28.08.23_095705_20secCPA.wav,0.8637539463950181,0.908528217270999,3.0,-44.10956,,6.510727316476711
Hear My Ship: Motor Boats,Motorboat_28.08.23_100829_20secCPA.wav,0.5298307037680564,0.6905211134721921,4.0,-42.281143,,21.36644344864516
Hear My Ship: Motor Boats,Motorboat_28.08.23_105909_20secCPA.wav,0.7586043473129124,0.8821211453130753,3.0,-47.02667,,62.41328007259074
Hear My Ship: Motor Boats,Motorboat_28.08.23_111830_20secCPA.wav,0.8284910138904807,0.86499468196004,4.0,-44.776527,,8.190900469323479
Hear My Ship: Motor Boats,Motorboat_28.08.23_120052_20secCPA.wav,0.9999730296980092,0.8757237276222969,3.0,-41.764923,,308.0553860083853
Hear My Ship: Motor Boats,Motorboat_28.08.23_121427_20secCPA.wav,0.9505589309042004,0.8087004939229171,2.0,-40.434822,,4.857184718770961
Hear My Ship: Motor Boats,Motorboat_28.08.23_124816_20secCPA.wav,0.9993600782869057,0.9049942067883456,3.0,-39.422012,,30.68110616524256
Hear My Ship: Motor Boats,Motorboat_28.08.23_125120_20secCPA.wav,0.9123002904607906,0.8381920061082013,3.0,-40.255424,,11.342133602609469
Hear My Ship: Motor Boats,Motorboat_28.08.23_131433_20secCPA.wav,0.5946874392574498,0.742353182136209,4.0,-42.79175,,190.5528070996868
Hear My Ship: Motor Boats,Motorboat_28.08.23_132000_20secCPA.wav,0.6511466358712485,0.9147478425284016,2.0,-48.88524,,23.746468324197554
Hear My Ship: Motor Boats,Motorboat_28.08.23_134449_20secCPA.wav,0.9792287312569328,0.7629777179774148,3.0,-35.325817,,42.1302042840983
Hear My Ship: Motor Boats,Motorboat_28.08.23_145652_20secCPA.wav,0.7370596285823208,0.8643699221066216,3.0,-44.28859,,165.5103768815586
Hear My Ship: Motor Boats,Motorboat_28.08.23_152722_20secCPA.wav,0.8142873759724731,0.964447521723988,2.0,-45.175632,,4.318456804263894
Hear My Ship: Motor Boats,Motorboat_28.08.23_155953_20secCPA.wav,0.5647224908041195,0.8317824392886803,6.0,-41.589733,,140.17545675991207
Hear My Ship: Motor Boats,Motorboat_28.08.23_161353_20secCPA.wav,0.3967620186302152,0.7753753762812192,2.0,-43.70893,,160.7239431196638
Hear My Ship: Motor Boats,Motorboat_28.08.23_164635_20secCPA.wav,0.7552328613443536,0.8578164008789511,7.0,-46.34241,,391.4232204443439
Hear My Ship: Motor Boats,Motorboat_28.08.23_183122_20secCPA.wav,0.9588188604489458,0.8521996085999036,3.0,-49.473614,,15.877930791613077
Hear My Ship: Motor Boats,Motorboat_31.08.23_091715_20secCPA.wav,0.911242604168626,0.8092717375720563,3.0,-41.60234,,14.035914283740723
Hear My Ship: Motor Boats,Motorboat_31.08.23_092150_20secCPA.wav,0.3568595461074968,0.8914407731784117,3.0,-40.54243,,120.422969168847
Hear My Ship: Motor Boats,Motorboat_31.08.23_092846_20secCPA.wav,0.5464371855322598,0.935073013590082,2.0,-42.486473,,25.67004606714687
Hear My Ship: Motor Boats,Motorboat_31.08.23_111721_20secCPA.wav,0.7376311261806989,0.9058579532312008,4.0,-46.647346,,19.601286496033737
Hear My Ship: Motor Boats,Motorboat_31.08.23_112731_20secCPA.wav,0.9742025306226894,0.8869409903530723,2.0,-44.456123,,8.792151659118913
Hear My Ship: Motor Boats,Motorboat_31.08.23_115118_20secCPA.wav,0.999047127770852,0.8983234473816577,3.0,-41.661446,,4.588403690835984
Hear My Ship: Motor Boats,Motorboat_31.08.23_124915_20secCPA.wav,0.8738007337766567,0.8992842130986921,2.0,-46.34919,,7.863673611928965
Hear My Ship: Motor Boats,Motorboat_31.08.23_130312_20secCPA.wav,0.4498864336453315,0.7302104707080961,3.0,-40.981125,,24.186932728974394
Hear My Ship: Motor Boats,Motorboat_31.08.23_130520_20secCPA.wav,0.958513161796198,0.876692398457507,3.0,-39.654213,,14.578583033789164
Hear My Ship: Motor Boats,Motorboat_31.08.23_132056_20secCPA.wav,0.4343757573659246,0.8546974811687426,3.0,-51.1604,,26.788457631105445
Hear My Ship: Motor Boats,Motorboat_31.08.23_141107_20secCPA.wav,0.9730022770426092,0.91492300005807,3.0,-46.592087,,14.594984037294484
Hear My Ship: Motor Boats,Motorboat_31.08.23_141329_20secCPA.wav,0.6287121024945673,0.9112837420793206,4.0,-40.247307,,410.482271043941
Hear My Ship: Motor Boats,Motorboat_31.08.23_142038_20secCPA.wav,0.999962728711467,0.8775094707441944,3.0,-50.472046,,17.061966398322657
Hear My Ship: Motor Boats,Motorboat_31.08.23_145416_20secCPA.wav,0.3350830342165805,0.903302836950674,3.0,-45.902077,,263.67745877601635
Hear My Ship: Motor Boats,Motorboat_31.08.23_151440_20secCPA.wav,0.6897993354334786,0.9215442751652776,3.0,-39.345688,,10.517507330969956
Hear My Ship: Motor Boats,Motorboat_31.08.23_155135_20secCPA.wav,0.9292088626517288,0.9066582736169146,2.0,-42.845108,,5.464545545468913
Hear My Ship: Motor Boats,Motorboat_31.08.23_161841_20secCPA.wav,0.9792296665243224,0.9355179649430309,3.0,-38.92212,,5.575850551466209
Hear My Ship: Motor Boats,Motorboat_31.08.23_162500_20secCPA.wav,0.6832808185412839,0.9333498166420072,2.0,-47.779564,,8.024104028005224
Hear My Ship: Motor Boats,Motorboat_31.08.23_171415_20secCPA.wav,0.7303941616902994,0.9598522242109886,3.0,-43.105434,,74.80150997801637
Hear My Ship: Motor Boats,Motorboat_31.08.23_171811_20secCPA.wav,0.4686880280123943,0.8877896408354551,3.0,-45.876915,,22.14034745266231
Hear My Ship: Motor Boats,Motorboat_31.08.23_172650_20secCPA.wav,0.9531474410522588,0.8708505196487173,2.0,-42.19347,,4.71747935069011
Hear My Ship: Motor Boats,Motorboat_31.08.23_174908_20secCPA.wav,0.9320116195510516,0.8982809266930649,3.0,-42.41951,,4.548775354586639
Hear My Ship: Motor Boats,Motorboat_31.08.23_181715_20secCPA.wav,0.9999634919910556,0.920959793299001,3.0,-36.749897,,6.988167840370599
Hear My Ship: Motor Boats,Motorboat_31.08.23_181842_20secCPA.wav,0.9599099472104335,0.9304032496756528,3.0,-48.332783,,4.904077302362475
Hear My Ship: Motor Boats,Motorboat_31.08.23_182015_20secCPA.wav,0.8554133843388421,0.970019264453372,3.0,-50.286007,,5.728983641360848
Hear My Ship: Motor Boats,Motorboat_31.08.23_185556_20secCPA.wav,0.8573357505939375,0.8074185132337968,9.0,-44.063698,,132.40264037268096
Hear My Ship: Motor Boats,small_Yacht_03.08.23_124038_20secCPA.wav,0.5617364901320687,0.8730665109492252,3.0,-42.88216,,5.4777448463874245
Hear My Ship: Motor Boats,Yacht_01.09.23_133305_20secCPA.wav,0.9590473485051508,0.8927613610310934,3.0,-49.86948,,10.19135199728411
Hear My Ship: Motor Boats,Yacht_02.09.23_072857_20secCPA.wav,0.956163659057192,0.9490030407554714,4.0,-47.865658,,9.240340748028173
Hear My Ship: Motor Boats,Yacht_02.09.23_091933_20secCPA.wav,0.9734031189674954,0.9002339719270016,11.0,-36.021664,,6.132787826994676
Hear My Ship: Motor Boats,Yacht_02.09.23_132214_20secCPA.wav,0.61186703179401,0.8862381442406653,3.0,-41.79644,,130.54614447712052
Hear My Ship: Motor Boats,Yacht_02.09.23_142736_20secCPA.wav,0.8607511502879556,0.8659186633411622,4.0,-50.244946,,77.00404934864316
Hear My Ship: Motor Boats,yacht_02.09.23_153346_20secCPA.wav,0.9789772834541296,0.879762961855954,3.0,-41.692524,,442.8666051224673
Hear My Ship: Motor Boats,Yacht_02.09.23_160034_20secCPA.wav,0.9347137040019232,0.9371604737879956,11.0,-49.826965,,7.157718863575635
Hear My Ship: Motor Boats,Yacht_02.09.23_171045_20secCPA.wav,0.8623276211764429,0.8315001633686406,3.0,-37.134144,,44.00712854007138
Hear My Ship: Motor Boats,Yacht_03.09.23_082122_20secCPA.wav,0.3795911795051768,0.8872138314985059,5.0,-35.110336,,76.72393074117772
Hear My Ship: Motor Boats,Yacht_03.09.23_135335_20secCPA.wav,0.8723151239846411,0.8642257863343475,3.0,-42.3156,,77.32358278798164
Hear My Ship: Motor Boats,Yacht_03.09.23_153123_20secCPA.wav,0.9077819503949098,0.9705444473943408,3.0,-52.300648,,4.451999751507918
Hear My Ship: Motor Boats,Yacht_04.09.23_102413_20secCPA.wav,0.92029198084889,0.9434124352132728,4.0,-54.81085,,26.78301866096787
Hear My Ship: Motor Boats,Yacht_04.09.23_111457_20secCPA.wav,0.9999991004645484,0.9517118134846244,4.0,-48.025173,,1903.1732546385424
Hear My Ship: Motor Boats,Yacht_04.09.23_173103_20secCPA.wav,0.6031702204126845,0.9043106521205468,3.0,-41.576157,,42.43176003925231
Hear My Ship: Motor Boats,Yacht_05.09.23_155957_20secCPA.wav,0.96740017398845,0.920249730707549,6.0,-46.512608,,13.694100244461492
Hear My Ship: Motor Boats,Yacht_06.09.23_111140_20secCPA.wav,0.9916692394772048,0.9043826006674962,3.0,-36.05237,,43.45654420142287
Hear My Ship: Motor Boats,Yacht_08.08.23_115539_20secCPA.wav,0.8922113574629006,0.7384420880882657,2.0,-38.727703,,20.074178742085017
Hear My Ship: Motor Boats,Yacht_08.08.23_130855_20secCPA.wav,0.4523823932911222,0.8814268696302274,3.0,-39.05953,,337.8806493753739
Hear My Ship: Motor Boats,Yacht_08.08.23_132214_20secCPA.wav,0.750572702609022,0.8523274695581495,5.0,-37.40793,,6.2996603561365525
Hear My Ship: Motor Boats,Yacht_08.08.23_145802_20secCPA.wav,0.9999572832123024,0.8638557545973807,3.0,-41.110207,,4.966972089910037
Hear My Ship: Motor Boats,Yacht_08.08.23_160837_20secCPA.wav,0.4026877480857718,0.888223413137252,3.0,-39.584866,,6.899292405179697
Hear My Ship: Motor Boats,Yacht_08.08.23_180655_20secCPA.wav,0.5202575165161116,0.861343213077406,2.0,-48.22721,,3.860001400473286
Hear My Ship: Motor Boats,Yacht_09.08.23_130356_20secCPA.wav,0.9439874023790776,0.8988113553398251,3.0,-36.845036,,131.35134487846068
Hear My Ship: Motor Boats,Yacht_16.08.23_125826_20secCPA.wav,0.1772858950791808,0.8593427313020925,2.0,-48.89348,,27.015333676862703
Hear My Ship: Motor Boats,Yacht_16.08.23_132653_20secCPA.wav,0.7716486529920583,0.9307519982466744,3.0,-44.082077,,1065.515301197762
Hear My Ship: Motor Boats,Yacht_16.08.23_181956_20secCPA.wav,0.9861981786952853,0.9511511492543244,18.0,-39.50814,,4.09716346856315
Hear My Ship: Motor Boats,Yacht_16.08.23_184123_20secCPA.wav,0.2240809540750879,0.919372674688728,2.0,-45.308945,,6.435835821559945
Hear My Ship: Motor Boats,Yacht_17.08.23_180128_20secCPA.wav,0.8487311673698246,0.9236840172150784,3.0,-41.357666,,11.464787018680465
Hear My Ship: Motor Boats,Yacht_18.08.23_080254_20secCPA.wav,0.558483922848184,0.9689148928770368,2.0,-50.67924,,4.78452748509749
Hear My Ship: Motor Boats,Yacht_18.08.23_081945_20secCPA.wav,1.0,0.95038132075555,2.0,-46.519463,,7.613899474989211
Hear My Ship: Motor Boats,Yacht_18.08.23_095625_20secCPA.wav,0.9849471717562168,0.9022316736625372,7.0,-40.376694,,3.489369662682872
Hear My Ship: Motor Boats,Yacht_18.08.23_120122_20secCPA.wav,0.8849428608531914,0.8172457757618883,3.0,-40.974903,,20.990802928960917
Hear My Ship: Motor Boats,Yacht_18.08.23_122722_20secCPA.wav,0.4718578115194284,0.8957545022531729,3.0,-40.047413,,38.57199839949759
Hear My Ship: Motor Boats,Yacht_18.08.23_134510_20secCPA.wav,0.9601077194461948,0.9118329939586944,3.0,-45.420837,,18.8251432811961
Hear My Ship: Motor Boats,Yacht_19.08.23_100335_20secCPA.wav,0.2140161740268138,0.8672576170309385,3.0,-48.038284,,4.12491789297658
Hear My Ship: Motor Boats,Yacht_19.08.23_114219_20secCPA.wav,0.3609972568418234,0.8806366187419543,3.0,-47.463425,,6.024556656252842
Hear My Ship: Motor Boats,Yacht_21.08.23_105741_20secCPA.wav,0.788135111572279,0.75490119377599,4.0,-37.593422,,21.68503978189568
Hear My Ship: Motor Boats,Yacht_21.08.23_113208_20secCPA.wav,0.5465299097911791,0.9276847589988436,3.0,-42.070484,,62.7868807259697
Hear My Ship: Motor Boats,Yacht_21.08.23_141604_20secCPA.wav,0.7680714670573037,0.9381134345373632,4.0,-45.580376,,13.474971635978708
Hear My Ship: Motor Boats,Yacht_21.08.23_165827_20secCPA.wav,1.0,0.958235368090106,2.0,-39.916805,,6.71086642113075
Hear My Ship: Motor Boats,Yacht_21.08.23_171611_20secCPA.wav,0.9999654877883504,0.8388187447762244,2.0,-38.32547,,6.5630291038135296
Hear My Ship: Motor Boats,Yacht_22.08.23_084909_20secCPA.wav,0.9355066465073588,0.9489997894588948,3.0,-49.374756,,23.532841025968352
Hear My Ship: Motor Boats,Yacht_22.08.23_112131_20secCPA.wav,0.91148691767709,0.9523929492168438,3.0,-39.566967,,15.19028447866683
Hear My Ship: Motor Boats,Yacht_23.08.23_130229_20secCPA.wav,0.999325218080426,0.9501560406678136,11.0,-43.105618,,10.429575296674576
Hear My Ship: Motor Boats,Yacht_23.08.23_134805_20secCPA.wav,0.8993114514783015,0.8126573385354602,4.0,-41.57368,,291.2221734226431
Hear My Ship: Motor Boats,Yacht_24.08.23_105812_20secCPA.wav,0.6213481792445738,0.8953701755074931,3.0,-42.411682,,121.32760870803078
Hear My Ship: Motor Boats,Yacht_24.08.23_125029_20secCPA.wav,0.9465447450814208,0.9241806151140176,3.0,-45.62622,,143.38592307977004
Hear My Ship: Motor Boats,Yacht_25.08.23_143635_20secCPA.wav,0.7234820378724056,0.9699702344178732,4.0,-47.650562,,4.783853894352371
Hear My Ship: Motor Boats,Yacht_26.08.23_080414_20secCPA.wav,0.999302898163804,0.8268543099440284,4.0,-40.729507,,8.060942334551239
Hear My Ship: Motor Boats,Yacht_26.08.23_180114_20secCPA.wav,0.3442924807978499,0.8510663003047856,2.0,-48.594242,,5.014616288934892
Hear My Ship: Motor Boats,Yacht__17.08.23_150710_20secCPA.wav,0.9998517916486918,0.905447508028324,3.0,-40.519238,,151.06378336166986
Hear My Ship: Yachts,Large_Yacht_Excellence_02.08.23_143345_20secCPA.wav,0.7233598761911125,0.9634811636486124,4.0,-36.65359,,202.03211049995025
Hear My Ship: Yachts,Motorboat_08.08.23_164553_20secCPA.wav,0.9181176615905003,0.7418151886448369,3.0,-46.569633,,9.621980201431509
Hear My Ship: Yachts,Motorboat_27.08.23_080342_20secCPA.wav,0.510145830923233,0.8927037116335286,2.0,-58.301323,,28.21742006397589
Hear My Ship: Yachts,Yacht_01.09.23_083612_20secCPA.wav,0.9999983314482978,0.9313674299120296,4.0,-38.57431,,29.87840851030249
Hear My Ship: Yachts,Yacht_01.09.23_121013_20secCPA.wav,0.6410055986239117,0.9342001218116226,2.0,-42.491623,,18.318005394245784
Hear My Ship: Yachts,Yacht_01.09.23_134333_20secCPA.wav,0.8894736842105263,0.9377317104042516,2.0,-43.201214,,84.30154977082243
Hear My Ship: Yachts,Yacht_01.09.23_140506_20secCPA.wav,0.4060871172122492,0.9314376967002967,3.0,-37.75366,,160.1188867348358
Hear My Ship: Yachts,Yacht_02.08.23_105955_20secCPA.wav,0.3926096490022916,0.9544832257835764,3.0,-42.263226,,30.823481651625173
Hear My Ship: Yachts,Yacht_02.08.23_111540_20secCPA.wav,0.5391397491675763,0.9290488796671168,4.0,-41.358,,29.61447729180764
Hear My Ship: Yachts,Yacht_02.08.23_120420_20secCPA.wav,0.496623404054794,0.8684498181729579,3.0,-38.914024,,200.4679914004278
Hear My Ship: Yachts,Yacht_02.08.23_121454_20secCPA.wav,0.9148327375031018,0.8760739167492333,7.0,-39.50668,,4.909884533974575
Hear My Ship: Yachts,Yacht_02.08.23_140001_20secCPA.wav,0.874222287133051,0.8571268385318265,7.0,-42.19255,,5.378863644798314
Hear My Ship: Yachts,Yacht_02.09.23_071510_20secCPA.wav,0.437645959372387,0.9297949070406636,3.0,-41.683002,,4.569392083165054
Hear My Ship: Yachts,Yacht_02.09.23_074420_20secCPA.wav,0.8847338194561604,0.9311354777515848,3.0,-41.397495,,330.33215701754443
Hear My Ship: Yachts,Yacht_02.09.23_092827_20secCPA.wav,0.828765388776414,0.7455637276290716,5.0,-40.607025,,1052.3416641946571
Hear My Ship: Yachts,Yacht_02.09.23_095838_20secCPA.wav,0.1742454086380591,0.9611461261590148,2.0,-45.589146,,30.672294948381413
Hear My Ship: Yachts,Yacht_02.09.23_102125_20secCPA.wav,0.5394794701562374,0.908025855728242,2.0,-45.366905,,176.5403535774371
Hear My Ship: Yachts,Yacht_02.09.23_111024_20secCPA.wav,0.7662106389992925,0.8972915357834459,3.0,-41.428757,,24.978499436907452
Hear My Ship: Yachts,Yacht_02.09.23_132214_20secCPA.wav,0.61186703179401,0.8862381442406653,3.0,-41.79644,,130.54614447712052
Hear My Ship: Yachts,Yacht_02.09.23_144107_20secCPA.wav,0.8890820056020825,0.9399830090171646,14.0,-44.31252,,2.942357049912031
Hear My Ship: Yachts,Yacht_02.09.23_170906_20secCPA.wav,0.9999609028827608,0.9224616050090076,3.0,-37.687374,,24.254448226571373
Hear My Ship: Yachts,Yacht_03.08.23_123829_20secCPA.wav,0.6831257466229669,0.9306836216579338,3.0,-39.13005,,90.19339501660824
Hear My Ship: Yachts,Yacht_03.08.23_125918_20secCPA.wav,0.2715710306063142,0.9015440518441044,2.0,-45.614365,,312.0540738179168
Hear My Ship: Yachts,Yacht_03.08.23_145424_20secCPA.wav,0.3298803022292824,0.9082832549656716,3.0,-47.31956,,33.9294497548293
Hear My Ship: Yachts,Yacht_03.08.23_152747_20secCPA.wav,0.8316907584862758,0.8638230631891214,3.0,-45.60307,,20.45852804889961
Hear My Ship: Yachts,Yacht_03.08.23_160021_20secCPA.wav,0.2155735978966466,0.9007248090338922,2.0,-45.345955,,23.66854564505067
Hear My Ship: Yachts,Yacht_03.09.23_080617_20secCPA.wav,0.8888753117728394,0.9343260458240842,4.0,-45.5518,,83.52014566124633
Hear My Ship: Yachts,Yacht_03.09.23_081218_20secCPA.wav,0.8816520206967942,0.968938368025862,3.0,-41.39166,,57.036401636743385
Hear My Ship: Yachts,Yacht_03.09.23_100017_20secCPA.wav,0.8546180601500917,0.8542187968387136,3.0,-35.465958,,41.413712299775966
Hear My Ship: Yachts,Yacht_03.09.23_132725_20secCPA.wav,0.961764190298265,0.83209879762611,2.0,-40.539303,,71.63506031052877
Hear My Ship: Yachts,Yacht_03.09.23_144857_20secCPA.wav,0.6966554193998604,0.9352550793757292,3.0,-45.487907,,32.57543767757407
Hear My Ship: Yachts,Yacht_03.09.23_170030_20secCPA.wav,0.9582086685451394,0.9497553532033808,3.0,-48.451553,,36.91282996955681
Hear My Ship: Yachts,Yacht_04.09.23_090139_20secCPA.wav,0.8243549343547052,0.9437944818206028,2.0,-37.884743,,10.639784401878568
Hear My Ship: Yachts,Yacht_04.09.23_092452_20secCPA.wav,0.4122190555913078,0.8675362198734469,2.0,-42.4347,,12.216738773067052
Hear My Ship: Yachts,Yacht_04.09.23_094840_20seCPA.wav,0.7710327135965627,0.9664080943940035,3.0,-45.912086,,2.7997023184005587
Hear My Ship: Yachts,Yacht_04.09.23_100632_20secCPA.wav,0.5811551370492611,0.8579894662394333,5.0,-44.650803,,5.145967214494261
Hear My Ship: Yachts,Yacht_04.09.23_104716_20secCPA.wav,0.9770395916259002,0.896532910390912,10.0,-31.967102,,4.69528450971631
Hear My Ship: Yachts,Yacht_04.09.23_113354_20secCPA.wav,0.5591844132257344,0.9698300427295872,2.0,-56.024864,,127.3718868027176
Hear My Ship: Yachts,Yacht_04.09.23_115826_20secCPA.wav,0.777502984096831,0.900106310034853,3.0,-43.708282,,46.57906175369148
Hear My Ship: Yachts,Yacht_04.09.23_115912_20secCPA.wav,0.8678751348264704,0.8018729822842716,3.0,-32.578922,,30.417199271687547
Hear My Ship: Yachts,Yacht_04.09.23_120708_20secCPA.wav,0.9884362418415192,0.923522457372176,3.0,-42.26156,,1300.991528922755
Hear My Ship: Yachts,Yacht_04.09.23_132431_20secCPA.wav,0.8297688374529938,0.9622545952895694,5.0,-50.098877,,55.268238688392096
Hear My Ship: Yachts,Yacht_04.09.23_140610_20secCPA.wav,0.8839259052961514,0.9736361489825038,11.0,-46.742035,,6.029645456520086
Hear My Ship: Yachts,Yacht_04.09.23_172151_20secCPA.wav,0.9733096647855184,0.9546610133333544,17.0,-41.008423,,55.46118219239096
Hear My Ship: Yachts,Yacht_04.09.23_180224_20secCPA.wav,0.8392961876832845,0.9301125311959542,2.0,-42.17306,,17.102010610815515
Hear My Ship: Yachts,Yacht_05.09.23_125359_20secCPA.wav,0.5148633287420329,0.9064175047539758,3.0,-44.807545,,221.6274289217568
Hear My Ship: Yachts,Yacht_05.09.23_150427_20secCPA.wav,0.9999757693775012,0.8881266381634072,3.0,-40.764236,,209.2755441256008
Hear My Ship: Yachts,Yacht_05.09.23_163348_20secCPA.wav,0.3552553442448523,0.8369772796795016,4.0,-42.074127,,117.44737164471356
Hear My Ship: Yachts,Yacht_05.09.23_164943_20secCPA.wav,0.9932617380809976,0.8829150626445926,9.0,-35.972595,,100.01386612238392
Hear My Ship: Yachts,Yacht_05.09.23_181626_20secCPA.wav,0.7021553620018357,0.8771136148472695,3.0,-38.962112,,13.953638294375525
Hear My Ship: Yachts,Yacht_05.09.23_182617_20secCPA.wav,0.8765502256272899,0.9174987351217274,4.0,-43.955673,,25.273626324575005
Hear My Ship: Yachts,Yacht_06.09.23_082824_20secCPA.wav,0.9198143251825184,0.9280643007744852,3.0,-47.452335,,23.19657525132003
Hear My Ship: Yachts,Yacht_06.09.23_084728_20secCPA.wav,0.7858322458291476,0.9708983248378796,3.0,-31.378052,,18.23827319254829
Hear My Ship: Yachts,Yacht_06.09.23_102044_20secCPA.wav,0.9435994475976516,0.9049725743982624,2.0,-51.613213,,37.755475046020166
Hear My Ship: Yachts,Yacht_06.09.23_103758_20secCPA.wav,0.646852397994766,0.8291075977648545,2.0,-41.84546,,505.3567866280984
Hear My Ship: Yachts,Yacht_06.09.23_103907_20secCPA.wav,0.6495514455116613,0.9673175887507052,3.0,-46.967056,,1003.1219810576662
Hear My Ship: Yachts,Yacht_06.09.23_110309_20secCPA.wav,0.5092715870380468,0.9529827053019626,2.0,-48.58048,,153.37358165898814
Hear My Ship: Yachts,Yacht_08.08.23_110632_20secCPA.wav,0.507750805522479,0.954493116854415,2.0,-42.43022,,98.27156958824132
Hear My Ship: Yachts,Yacht_08.08.23_115046_20secCPA.wav,0.9977068629401232,0.8390824995115992,10.0,-35.46674,,40.68254414538819
Hear My Ship: Yachts,Yacht_08.08.23_121418_20secCPA.wav,0.9935597937501536,0.9220300622781328,2.0,-38.37856,,7.807763049095867
Hear My Ship: Yachts,Yacht_08.08.23_125009_20secCPA.wav,0.4601616711425121,0.9472849998185544,2.0,-34.606117,,372.4850923937191
Hear My Ship: Yachts,Yacht_08.08.23_143715_20secCPA.wav,0.9947795525889366,0.910956291728572,3.0,-40.944344,,282.92051256808594
Hear My Ship: Yachts,Yacht_08.08.23_161522_20secCPA.wav,0.9413707355893942,0.728586878543466,3.0,-41.61844,,91.43629414871936
Hear My Ship: Yachts,Yacht_08.08.23_164916_20secCPA.wav,0.9864344169985584,0.900824750026404,6.0,-50.176292,,7.380378457238326
Hear My Ship: Yachts,Yacht_08.08.23_185634_20secCPA.wav,0.6937388321460787,0.948528085533311,3.0,-46.514,,66.25143857153736
Hear My Ship: Yachts,Yacht_09.08.23_081725_20secCPA.wav,0.5766010951389771,0.9798834290047016,2.0,-50.994534,,43.43215703736779
Hear My Ship: Yachts,Yacht_09.08.23_083541_20secCPA.wav,0.9624845983216191,0.810806463184027,3.0,-45.854527,,199.62749813161585
Hear My Ship: Yachts,Yacht_09.08.23_091813_20secCPA.wav,0.3579843270137731,0.8750137345884439,3.0,-46.211006,,134.32517719933716
Hear My Ship: Yachts,Yacht_09.08.23_102522_20secCPA.wav,0.7475900060339241,0.8984932152046022,2.0,-45.95795,,23.20348770792007
Hear My Ship: Yachts,Yacht_09.08.23_132831_20secCPA.wav,0.9410034290931666,0.9038716903011144,3.0,-31.14249,,10.219717129902929
Hear My Ship: Yachts,Yacht_09.08.23_140327_20secCPA.wav,0.8758877671819917,0.8779114240036794,2.0,-32.988914,,22.63095666607338
Hear My Ship: Yachts,Yacht_09.08.23_145626_20secCPA.wav,0.9307692307692308,0.8539781771429205,2.0,-41.810986,,75.52610502454623
Hear My Ship: Yachts,Yacht_09.08.23_153427_20secCPA.wav,0.2987720744224321,0.923141853365678,2.0,-46.720623,,27.90058191440941
Hear My Ship: Yachts,Yacht_16.08.23_120014_20secCPA.wav,0.6290779561614369,0.8912177743807592,3.0,-44.147778,,20.231644328153013
Hear My Ship: Yachts,Yacht_16.08.23_165921_20secCPA.wav,0.999999291521864,0.8734742828239694,3.0,-45.185196,,419.9387006808404
Hear My Ship: Yachts,Yacht_17.08.23_070822_20secCPA.wav,0.6619313850063533,0.9670855318666276,2.0,-45.427643,,3.5189815126443973
Hear My Ship: Yachts,Yacht_17.08.23_072022_20secCPA.wav,0.9974300055710512,0.9549844234182948,20.0,-40.255352,,6.236110590194179
Hear My Ship: Yachts,Yacht_17.08.23_072520_20secCPA.wav,0.5841435912804693,0.8791998205343653,2.0,-37.341446,,344.9954584817769
Hear My Ship: Yachts,Yacht_17.08.23_080644(excellence)_20secCPA.wav,0.791715575504747,0.941486614934944,3.0,-44.51123,,61.514385410362
Hear My Ship: Yachts,Yacht_18.08.23_102841_20secCPA.wav,0.3249991298196611,0.8410596492035846,3.0,-45.528408,,8.595962564137379
Hear My Ship: Yachts,Yacht_18.08.23_125756_20secCPA.wav,0.9307605848366062,0.9440292524884832,2.0,-46.329346,,5.303768581276944
Hear My Ship: Yachts,Yacht_19.08.23_070846_20secCPA.wav,0.3244959621948718,0.950445180770586,3.0,-53.34388,,13.76283367806966
Hear My Ship: Yachts,Yacht_19.08.23_075708_20secCPA.wav,0.6289540219862584,0.9611871109909096,3.0,-41.972168,,1283.8735544213955
Hear My Ship: Yachts,Yacht_19.08.23_083539_20secCPA.wav,0.9312847118961882,0.9801846059637226,3.0,-52.494324,,3.801291275390102
Hear My Ship: Yachts,Yacht_19.08.23_091726_20secCPA.wav,0.9529525205266096,0.8913525536279291,3.0,-50.23771,,5.828512351959131
Hear My Ship: Yachts,Yacht_19.08.23_094813_20secCPA.wav,0.9956025430911724,0.8685883827054239,6.0,-36.639885,,7.026679304056359
Hear My Ship: Yachts,Yacht_21.08.23_112559_20secCPA.wav,0.999878271454656,0.832426823687091,3.0,-38.281876,,26.69775536433244
Hear My Ship: Yachts,Yacht_21.08.23_113849_20secCPA.wav,0.995749987625328,0.9624236167132488,19.0,-37.70835,,22.14498884072801
Hear My Ship: Yachts,Yacht_21.08.23_125600_20secCPA.wav,0.9999930277148336,0.9292355277746897,3.0,-33.741806,,1789.4638592678857
Hear My Ship: Yachts,Yacht_21.08.23_174741_20secCPA.wav,0.9280087369352132,0.8693758534378798,3.0,-50.196213,,4.069508179030435
Hear My Ship: Yachts,Yacht_22.08.23_103400_20secCPA.wav,0.8808979248522278,0.9616790107000212,5.0,-36.929058,,3.1624219948839274
Hear My Ship: Yachts,Yacht_22.08.23_125410_20secCPA.wav,0.6718683349003254,0.8447081632739526,4.0,-36.600143,,453.85961396613135
Hear My Ship: Yachts,Yacht_22.08.23_140935_20secCPA.wav,0.1837230749740452,0.9059870749471444,3.0,-45.41768,,30.0478368577468
Hear My Ship: Yachts,Yacht_22.08.23_150934_20secCPA.wav,0.92195368291025,0.8532842284726678,3.0,-46.47149,,9.717814867383638
Hear My Ship: Yachts,Yacht_22.08.23_155240_20secCPA.wav,0.8764884998007736,0.8956204126512077,3.0,-48.981358,,84.91581127673606
Hear My Ship: Yachts,Yacht_22.08.23_162809_20secCPA.wav,0.6698851679935591,0.9225227011534888,3.0,-41.68037,,36.06472761284128
Hear My Ship: Yachts,Yacht_23.08.23_074452_20secCPA.wav,0.778460191915634,0.9160570345469916,2.0,-35.68361,,12.31771310849801
Hear My Ship: Yachts,Yacht_23.08.23_075308_20secCPA.wav,0.3708485864982081,0.8737033361431139,3.0,-34.388264,,248.85202559475564
Hear My Ship: Yachts,Yacht_23.08.23_084326_20secCPA.wav,0.7639150718315124,0.9585217796310762,3.0,-42.76008,,13.78670067544926
Hear My Ship: Yachts,Yacht_23.08.23_111609_20secCPA.wav,0.7232276631443271,0.9406106082962674,3.0,-42.57763,,21.59394007182908
Hear My Ship: Yachts,Yacht_23.08.23_114724_20secCPA.wav,0.690533641798362,0.9766884211514768,3.0,-43.948433,,18.661793117039903
Hear My Ship: Yachts,Yacht_23.08.23_125501_20secCPA.wav,0.9999423095864582,0.9566994967835036,3.0,-36.243164,,324.42364641945665
Hear My Ship: Yachts,Yacht_23.08.23_144609_20secCPA.wav,0.7985248840605188,0.9702948758304322,4.0,-44.756805,,19.55521058392562
Hear My Ship: Yachts,Yacht_23.08.23_150046_20secCPA.wav,0.8680612970609104,0.8674159427456449,3.0,-37.2165,,531.3181290591617
Hear My Ship: Yachts,Yacht_24.08.23_073045_20secCPA.wav,0.8213576523645356,0.9251216665278924,5.0,-39.35019,,71.98957529034706
Hear My Ship: Yachts,Yacht_24.08.23_092216_20secCPA.wav,0.309190994587281,0.9356337422089012,3.0,-41.03001,,5.107273678740257
Hear My Ship: Yachts,Yacht_24.08.23_131046_20secCPA.wav,0.7365478494486348,0.9528450832259028,3.0,-37.488503,,38.376321687678384
Hear My Ship: Yachts,Yacht_24.08.23_135926_20secCPA.wav,0.6612287021015296,0.96224520246068,4.0,-36.974785,,105.65279154339186
Hear My Ship: Yachts,Yacht_25.08.23_133707_20secCPA.wav,0.9750862137395154,0.9549576961199496,24.0,-41.78278,,9.372871887541642
Hear My Ship: Yachts,Yacht_25.08.23_134405_20secCPA.wav,0.3630188666214295,0.8509761563907077,2.0,-43.096474,,15.859917255048313
Hear My Ship: Yachts,Yacht_25.08.23_144257_20secCPA.wav,0.8979228060657409,0.9328000272234716,4.0,-39.56481,,23.26540440933169
Hear My Ship: Yachts,Yacht_25.08.23_144720_20secCPA.wav,0.9429853655827386,0.9797470411376482,27.0,-48.467674,,3.771203981719327
Hear My Ship: Yachts,Yacht_25.08.23_151657_20secCPA.wav,0.7388282522272248,0.8919672872769413,3.0,-38.719894,,11.1846668709722
Hear My Ship: Yachts,Yacht_26.08.23_075533_20secCPA.wav,0.9919620215688244,0.9635538755399312,4.0,-48.219673,,20.151599195635445
Hear My Ship: Yachts,Yacht_26.08.23_114054_20secCPA.wav,0.943380308747856,0.8555420493201247,3.0,-41.26345,,13.867560218202808
Hear My Ship: Yachts,Yacht_26.08.23_125504_20secCPA.wav,0.9469385537305556,0.9288918855478692,4.0,-44.191093,,23.158595211920165
Hear My Ship: Yachts,Yacht_26.08.23_132201_20secCPA.wav,0.893375017484963,0.939687794769931,3.0,-46.345364,,3.5345243341314267
Hear My Ship: Yachts,Yacht_26.08.23_164144_20secCPA.wav,0.9346356452140766,0.9441916961137452,48.0,-41.854267,,9.536571455193512
Hear My Ship: Yachts,Yacht_26.08.23_174507_20secCPA.wav,0.9484111187801072,0.9550989071544296,3.0,-41.07317,,749.8910104921913
Hear My Ship: Yachts,Yacht_28.08.23_115417_20secCPA.wav,0.7136645529604284,0.9043637240990992,4.0,-41.596714,,8.796540179365405
Hear My Ship: Yachts,Yacht_28.08.23_125837_20secCPA.wav,0.7872668471561954,0.972789379472,2.0,-42.254234,,2.592443527627721
Hear My Ship: Yachts,Yacht_31.08.23_094337_20secCPA.wav,0.9998164565080944,0.9426597799211526,5.0,-47.291473,,198.4222973170604
Hear My Ship: Yachts,Yacht_31.08.23_173659_20secCPA.wav,0.6189762521321344,0.9394345057311138,2.0,-32.27455,,262.9016085386813
Hear My Ship: Sail Boats,Sail Boat_01.09.23_075421_20secCPA.wav,0.9999991291218971,0.8717004495210492,3.0,-56.449795,,1045.6361167173764
Hear My Ship: Sail Boats,Sail Boat_01.09.23_080332_20secCPA.wav,0.99950282522834,0.8833136969536839,4.0,-51.79576,,40.16919617935621
Hear My Ship: Sail Boats,Sail Boat_01.09.23_082547_20secCPA.wav,0.7639039680698974,0.9515084165240942,3.0,-57.346916,,27.62605818083152
Hear My Ship: Sail Boats,Sail Boat_01.09.23_084357_20secCPA.wav,0.8871690198868957,0.977455199814281,4.0,-59.30947,,59.45650788439925
Hear My Ship: Sail Boats,Sail Boat_01.09.23_093122_20secCPA.wav,0.9002244486489,0.9390067080326258,4.0,-54.83654,,113.66623707169622
Hear My Ship: Sail Boats,Sail Boat_01.09.23_094454_20secCPA.wav,0.7295051245771993,0.9028944697880258,3.0,-57.114166,,141.2763679364417
Hear My Ship: Sail Boats,Sail Boat_01.09.23_095621_20secCPA.wav,0.9999995263813856,0.9070011513590218,3.0,-53.434902,,489.5383552905954
Hear My Ship: Sail Boats,Sail Boat_01.09.23_105917_20secCPA.wav,0.272034117203896,0.9473617516100896,2.0,-52.68406,,7.644896456375068
Hear My Ship: Sail Boats,Sail Boat_01.09.23_120850_20secCPA.wav,0.975752218568681,0.9028714467635106,4.0,-51.36084,,22.659684500696084
Hear My Ship: Sail Boats,Sail Boat_01.09.23_133744_20secCPA.wav,0.9139137522052428,0.9624839211692254,4.0,-53.13519,,67.51095236195206
Hear My Ship: Sail Boats,Sail Boat_01.09.23_160823_20secCPA.wav,0.9105551359516616,0.9816726184794048,3.0,-50.417526,,39.48615813196693
Hear My Ship: Sail Boats,Sail Boat_01.09.23_161014_20secCPA.wav,0.7649090812534182,0.9542584325602236,4.0,-53.240208,,48.2982528544886
Hear My Ship: Sail Boats,Sail Boat_01.09.23_162011_20secCPA.wav,1.0,0.9453033123917628,3.0,-45.0203,,7.981138727080983
Hear My Ship: Sail Boats,Sail Boat_01.09.23_162702_20secCPA.wav,0.7806445910184701,0.951794288395896,6.0,-49.368286,,27.547147601779308
Hear My Ship: Sail Boats,Sail Boat_01.09.23_184231_20secCPA.wav,0.9308573643926532,0.9495937991549764,7.0,-53.521748,,571.656044214237
Hear My Ship: Sail Boats,Sail Boat_02.09.23_073415_20secCPA.wav,0.9999999457879925,0.8950546134619202,2.0,-48.476227,,31324.588715764705
Hear My Ship: Sail Boats,Sail Boat_02.09.23_074656_20secCPA.wav,0.927482374993719,0.9125132076975804,3.0,-54.377903,,11.625646312405506
Hear My Ship: Sail Boats,Sail Boat_02.09.23_075655_20secCPA.wav,0.9279888029471868,0.9662041558054618,3.0,-56.27788,,58.6236582521583
Hear My Ship: Sail Boats,Sail Boat_02.09.23_100601_20secCPA.wav,0.3461716971744891,0.94621972162507,3.0,-53.69987,,91.89126200883986
Hear My Ship: Sail Boats,Sail Boat_02.09.23_103845_20secCPA.wav,0.8376836389333135,0.942027069624302,3.0,-38.37925,,39.830900187380514
Hear My Ship: Sail Boats,Sail Boat_02.09.23_125213_20secCPA.wav,0.7817300389296962,0.8870287208119865,4.0,-53.95391,,9.990822583834008
Hear My Ship: Sail Boats,Sail Boat_02.09.23_134700_20secCPA.wav,0.8941723008926539,0.935211595862298,4.0,-48.053467,,15.909657399785878
Hear My Ship: Sail Boats,Sail Boat_02.09.23_141617_20secCPA.wav,0.7951007809546907,0.9227449608502928,3.0,-47.995743,,14.342908055723486
Hear My Ship: Sail Boats,Sail Boat_02.09.23_141948_20secCPA.wav,0.975921453740432,0.8284953460284722,4.0,-46.36234,,41.19426772834211
Hear My Ship: Sail Boats,Sail Boat_02.09.23_143018_20secCPA.wav,0.7262100416374889,0.8695234729165563,3.0,-56.36413,,164.97991101174023
Hear My Ship: Sail Boats,Sail Boat_02.09.23_155300_20secCPA.wav,0.9891971454058875,0.9371444726197472,3.0,-51.995358,,10.847035647087512
Hear My Ship: Sail Boats,Sail Boat_02.09.23_160427_20secCPA.wav,0.7002042991637983,0.8896037147429164,2.0,-54.737785,,47.93211005941357
Hear My Ship: Sail Boats,Sail Boat_02.09.23_160609_20secCPA.wav,0.2610289923159956,0.9777152801123096,3.0,-49.464535,,10.194673643176348
Hear My Ship: Sail Boats,Sail Boat_02.09.23_163452_20secCPA.wav,0.4179785521184518,0.9417329596102006,3.0,-46.700188,,5.018780957890541
Hear My Ship: Sail Boats,Sail Boat_02.09.23_172735_20secCPA.wav,0.4678520668469516,0.9278465598493076,3.0,-52.60665,,451.7239806385117
Hear My Ship: Sail Boats,Sail Boat_02.09.23_174457_20secCPA.wav,0.8767454842136321,0.943649096813278,3.0,-56.145367,,39.68411730605921
Hear My Ship: Sail Boats,Sail Boat_03.09.23_070658_20secCPA.wav,0.947482837528604,0.4559704518470949,3.0,-55.220734,,100.80227930765156
Hear My Ship: Sail Boats,Sail Boat_03.09.23_081405_20secCPA.wav,0.7724370480217669,0.9308102286610044,4.0,-54.724983,,70.2299048221537
Hear My Ship: Sail Boats,Sail Boat_03.09.23_081619_20secCPA.wav,0.3455141676273428,0.881426935242822,2.0,-54.62473,,53.18710815865054
Hear My Ship: Sail Boats,Sail Boat_03.09.23_083642_20secCPA.wav,0.8962285536528819,0.8637552518725788,7.0,-59.28051,,33.646095028932095
Hear My Ship: Sail Boats,Sail Boat_03.09.23_085357_20secCPA.wav,0.3548693359185504,0.9414478884686086,3.0,-48.933468,,50.37672428023418
Hear My Ship: Sail Boats,Sail Boat_03.09.23_103716_20secCPA.wav,0.4812193540446794,0.983897337715216,3.0,-56.3477,,38.74545401474365
Hear My Ship: Sail Boats,Sail Boat_03.09.23_130848_20secCPA.wav,0.2955786236063052,0.897486678302394,3.0,-49.014046,,8.901961386149042
Hear My Ship: Sail Boats,Sail Boat_03.09.23_131350_20secCPA.wav,0.6469992139607385,0.9415075200250526,2.0,-45.107887,,5.24123428567731
Hear My Ship: Sail Boats,Sail Boat_03.09.23_131840_20secCPA.wav,0.8610423129496733,0.9166683114177544,4.0,-57.986717,,29.113513740597917
Hear My Ship: Sail Boats,Sail Boat_03.09.23_132106_20secCPA.wav,0.3471069005123577,0.9885136778039022,3.0,-59.337193,,56.79471392509187
Hear My Ship: Sail Boats,Sail Boat_03.09.23_141540_20secCPA.wav,0.9965015203280896,0.9742434034399148,5.0,-54.661263,,14.915708057774296
Hear My Ship: Sail Boats,Sail Boat_03.09.23_172030_20secCPA.wav,0.9970425658840368,0.9664239619113408,4.0,-49.650032,,10.441794787149997
Hear My Ship: Sail Boats,Sail Boat_09.08.23_080517_20secCPA.wav,0.9153688311264722,0.9115905714970624,3.0,-49.06662,,1148.1658067937265
Hear My Ship: Sail Boats,Sail Boat_09.08.23_082921_20secCPA.wav,0.2562709001355407,0.8876877910541944,3.0,-57.39945,,40.95480440889082
Hear My Ship: Sail Boats,Sail Boat_09.08.23_162053_20secCPA.wav,0.6558834786533576,0.9058290974245492,3.0,-44.944885,,4.251378838395392
Hear My Ship: Sail Boats,Sail Boat_16.08.22_143007_20secCPA.wav,0.7321071648670322,0.947670672630248,3.0,-46.1159,,20.61296045631683
Hear My Ship: Sail Boats,Sail Boat_16.08.23_133733_20secCPA.wav,0.5300592526366584,0.9607541822362377,3.0,-53.91339,,177.96704803850403
Hear My Ship: Sail Boats,Sail Boat_16.08.23_155042_20secCPA.wav,0.3116154149196144,0.9592749815092242,3.0,-56.458107,,23.47911535941633
Hear My Ship: Sail Boats,Sail Boat_16.08.23_161825_20secCPA.wav,0.6526993757828851,0.8346487226736781,5.0,-57.066784,,42.4434025866467
Hear My Ship: Sail Boats,Sail Boat_16.08.23_175354_20secCPA.wav,0.8263209688664862,0.9572814763658052,5.0,-55.52115,,10.569812397502176
Hear My Ship: Sail Boats,Sail Boat_17.08.23_092037_20secCPA.wav,0.9411533034990134,0.929709048606924,2.0,-46.227818,,4.386284965915186
Hear My Ship: Sail Boats,Sail Boat_17.08.23_134124_20secCPA.wav,0.999802421322754,0.830421400848032,3.0,-50.163265,,33.969981522228665
Hear My Ship: Sail Boats,Sail Boat_17.08.23_161134_20secCPA.wav,0.8188116282773419,0.929102036800452,4.0,-51.385803,,207.82339978884795
Hear My Ship: Sail Boats,Sail Boat_18.08.23_072816_20secCPA.wav,0.8634045554087514,0.9459078331895324,4.0,-58.322502,,47.62966114303151
Hear My Ship: Sail Boats,Sail Boat_18.08.23_073356_20secCPA.wav,0.6913078874654267,0.9531160484262656,2.0,-54.712578,,26.68855692133011
Hear My Ship: Sail Boats,Sail Boat_18.08.23_080953_20secCPA.wav,0.7710137024571317,0.8993160587494852,3.0,-56.77927,,45.60889132444442
Hear My Ship: Sail Boats,Sail Boat_18.08.23_082635_20secCPA.wav,1.0,0.9862067960589256,2.0,-56.714405,,148.29748518566228
Hear My Ship: Sail Boats,Sail Boat_18.08.23_084033_20secCPA.wav,0.8946433184729831,0.9143136326339416,5.0,-45.02865,,5.315006672036056
Hear My Ship: Sail Boats,Sail Boat_18.08.23_085239_20secCPA.wav,0.2870338152609882,0.9153350757111977,3.0,-48.17738,,14.106106563944724
Hear My Ship: Sail Boats,Sail Boat_18.08.23_111454_20secCPA.wav,0.9688816473898466,0.9129746941925176,5.0,-47.122284,,857.9464880594925
Hear My Ship: Sail Boats,Sail Boat_18.08.23_132636_20secCPA.wav,0.8511699157173852,0.9057272570016902,15.0,-57.40339,,20.607810013860664
Hear My Ship: Sail Boats,Sail Boat_19.08.23_072040_20secCPA.wav,0.5091164627322656,0.9463630031230372,2.0,-45.649494,,11.03730470573928
Hear My Ship: Sail Boats,Sail Boat_19.08.23_072658_20secCPA.wav,0.9802277276653584,0.9267886936084488,3.0,-49.296158,,7.284252211844509
Hear My Ship: Sail Boats,Sail Boat_19.08.23_073346_20secCPA.wav,0.9759245185348564,0.9499209232530051,11.0,-51.8748,,5.288490552898816
Hear My Ship: Sail Boats,Sail Boat_19.08.23_073958_20secCPA.wav,1.0,0.9882020630785732,3.0,-58.214725,,184.59812814011863
Hear My Ship: Sail Boats,Sail Boat_19.08.23_075213_20secCPA.wav,0.9999993781665972,0.9085504537421124,5.0,-54.15031,,38.59350943679063
Hear My Ship: Sail Boats,Sail Boat_19.08.23_085018_20secCPA.wav,0.9887893596709776,0.9254668347636176,5.0,-59.074173,,140.5763981118755
Hear My Ship: Sail Boats,Sail Boat_19.08.23_093440_20secCPA.wav,0.8079748318619014,0.9421460051123636,3.0,-55.475838,,208.9103417917698
Hear My Ship: Sail Boats,Sail Boat_19.08.23_123030_20secCPA.wav,0.8247447112916789,0.9428572160348748,3.0,-50.361588,,31.981287617295077
Hear My Ship: Sail Boats,Sail Boat_21.08.23_102850_20secCPA.wav,0.5516232014694173,0.7833545690018349,3.0,-53.33097,,713.5001005017123
Hear My Ship: Sail Boats,Sail Boat_21.08.23_150059_20secCPA.wav,0.9996519963087204,0.9012554270614908,3.0,-56.143852,,768.9838791470804
Hear My Ship: Sail Boats,Sail Boat_21.08.23_150550_20secCPA.wav,0.3181970624894486,0.9630934128038864,4.0,-51.65171,,17.37996342667484
Hear My Ship: Sail Boats,Sail Boat_21.08.23_151233_20secCPA.wav,0.9999970409392558,0.9217155051803608,6.0,-53.66873,,36.21056275933859
Hear My Ship: Sail Boats,Sail Boat_21.08.23_165426_20secCPA.wav,0.6942685640912443,0.9107496217977736,4.0,-53.805588,,410.63088318502736
Hear My Ship: Sail Boats,Sail Boat_22.08.23_103031_20secCPA.wav,0.8065554736605755,0.938536467645432,3.0,-59.104897,,76.00262614492694
Hear My Ship: Sail Boats,Sail Boat_22.08.23_130501_20secCPA.wav,0.6567193397189446,0.9528668264114282,3.0,-55.27339,,13.550383136541752
Hear My Ship: Sail Boats,Sail Boat_22.08.23_130938_20secCPA.wav,0.8299573323485951,0.9288586733107924,3.0,-52.59031,,29.36102602436648
Hear My Ship: Sail Boats,Sail Boat_22.08.23_141254_20secCPA.wav,0.5084344191867144,0.9788293814037956,3.0,-52.537636,,141.3832497987165
Hear My Ship: Sail Boats,Sail Boat_22.08.23_154524_20secCPA.wav,0.9999992556392668,0.9438797989477276,7.0,-53.99247,,14.537800709495531
Hear My Ship: Sail Boats,Sail Boat_22.08.23_170735_20secCPA.wav,0.6136085344274962,0.9442218227113934,13.0,-41.568455,,19.389684217576463
Hear My Ship: Sail Boats,Sail Boat_22.08.23_184551_20secCPA.wav,0.9627657941255452,0.784860697079896,2.0,-51.75869,,2005.225651428386
Hear My Ship: Sail Boats,Sail Boat_22.08.23_190114_20secCPA.wav,0.9330331034682284,0.924774085148037,6.0,-33.87585,,32.58627648629932
Hear My Ship: Sail Boats,Sail Boat_23.08.23_082920_20secCPA.wav,0.297082782388387,0.8636227184944452,2.0,-56.75878,,8.043083592613012
Hear My Ship: Sail Boats,Sail Boat_23.08.23_085728_20secCPA.wav,1.0,0.9684067425695602,2.0,-60.138622,,29.525429191472853
Hear My Ship: Sail Boats,Sail Boat_23.08.23_121510_20secCPA.wav,0.9999987799572088,0.83898505970801,3.0,-51.650345,,5732.008257987642
Hear My Ship: Sail Boats,Sail Boat_23.08.23_162852_20secCPA.wav,0.4275904165801689,0.9242476521842176,3.0,-53.57883,,39.944731334162334
Hear My Ship: Sail Boats,Sail Boat_23.08.23_164834_20secCPA.wav,0.9163654529307282,0.963638917869666,3.0,-57.424774,,49.945637418938176
Hear My Ship: Sail Boats,Sail Boat_23.08.23_165254_20secCPA.wav,0.2737240819832502,0.9255939341413084,3.0,-53.22899,,45.16271522269486
Hear My Ship: Sail Boats,Sail Boat_23.08.23_172855_20secCPA.wav,0.8520210702691623,0.957979173993904,4.0,-57.953648,,50.704761481256185
Hear My Ship: Sail Boats,Sail Boat_23.08.23_175443_20secCPA.wav,0.4954727948700064,0.9109710913766588,3.0,-53.173508,,9.518969370795762
Hear My Ship: Sail Boats,Sail Boat_23.08.23_181854_20secCPA.wav,0.3595609821217113,0.9834136816454996,2.0,-54.742588,,11.448250790039614
Hear My Ship: Sail Boats,Sail Boat_24.08.23_074909_20secCPA.wav,0.1916277906607457,0.9959863009903804,3.0,-58.117256,,72.01201171196396
Hear My Ship: Sail Boats,Sail Boat_24.08.23_083742_20secCPA.wav,0.7175992597686071,0.9326956609825436,3.0,-51.491657,,136.00019477839987
Hear My Ship: Sail Boats,Sail Boat_24.08.23_130720_20secCPA.wav,0.6210501975488985,0.9634570971769952,3.0,-57.35989,,100.77514012360778
Hear My Ship: Sail Boats,Sail Boat_24.08.23_131842_20secCPA.wav,0.8401589477977375,0.8364743890441532,3.0,-43.036682,,57.76618652284368
Hear My Ship: Sail Boats,Sail Boat_25.08.23_102358_20secCPA.wav,0.4249928274284609,0.976466349345077,2.0,-56.78714,,14.068011272469274
Hear My Ship: Sail Boats,Sail Boat_25.08.23_104224_20secCPA.wav,0.4701107773616726,0.9540559790275568,2.0,-59.84322,,471.7352138148981
Hear My Ship: Sail Boats,Sail Boat_25.08.23_145353_20secCPA.wav,0.5038874531356354,0.891829422222351,3.0,-53.56161,,219.72838108484072
Hear My Ship: Sail Boats,Sail Boat_26.08.23_074840_20secCPA.wav,0.2263931465291052,0.9618276545972148,2.0,-50.782066,,14.44784234356453
Hear My Ship: Sail Boats,Sail Boat_26.08.23_080711_20secCPA.wav,0.4863740511767599,0.9199154408404616,5.0,-57.68353,,291.5973774151299
Hear My Ship: Sail Boats,Sail Boat_26.08.23_081505_20secCPA.wav,0.9999987789279322,0.9181350417307526,5.0,-53.767017,,220.60396076680004
Hear My Ship: Sail Boats,Sail Boat_26.08.23_081657_20secCPA.wav,0.2289547023667607,0.9306187837189188,3.0,-49.152313,,10.608296916188175
Hear My Ship: Sail Boats,Sail Boat_26.08.23_082619_20secCPA.wav,0.909686689204634,0.938556774280686,4.0,-52.607426,,35.42775727373228
Hear My Ship: Sail Boats,Sail Boat_26.08.23_084723_20secCPA.wav,0.4028544170391626,0.9739493425472386,3.0,-51.57969,,58.601534719983285
Hear My Ship: Sail Boats,Sail Boat_26.08.23_112308_20secCPA.wav,0.7409222463944697,0.9340761372752588,4.0,-56.349125,,48.15072655558755
Hear My Ship: Sail Boats,Sail Boat_26.08.23_131226_20secCPA.wav,0.943368943453852,0.9703674624362364,5.0,-49.491318,,6.534896997263067
Hear My Ship: Sail Boats,Sail Boat_26.08.23_134144_20secCPA.wav,0.9001374983814387,0.8568389466552518,4.0,-47.982323,,51.8929411766054
Hear My Ship: Sail Boats,Sail Boat_26.08.23_140119_20secCPA.wav,0.782939522056907,0.9466925756398318,3.0,-47.69495,,18.966627751634928
Hear My Ship: Sail Boats,Sail Boat_26.08.23_143249_20secCPA.wav,0.6641416260482385,0.9546322697666912,3.0,-49.25163,,70.16167966339842
Hear My Ship: Sail Boats,Sail Boat_26.08.23_143950_20secCPA.wav,0.9907584011474448,0.9205061756961456,4.0,-41.232983,,8.668744525206732
Hear My Ship: Sail Boats,Sail Boat_26.08.23_150326_20secCPA.wav,0.6071822464445102,0.9427194305044844,2.0,-46.989548,,3.2984406440883576
Hear My Ship: Sail Boats,Sail Boat_26.08.23_150528_20secCPA.wav,0.4112068931803974,0.9235321327084846,2.0,-57.26252,,273.5967045721307
Hear My Ship: Sail Boats,Sail Boat_26.08.23_153547_20secCPA.wav,0.861416202721833,0.9471659590310516,4.0,-55.29622,,36.99949074476555
Hear My Ship: Sail Boats,Sail Boat_26.08.23_184651_20secCPA.wav,0.9999978096089388,0.8438077072873003,3.0,-36.649696,,30913.816780348407
Hear My Ship: Sail Boats,Sail Boat_27.08.23_081515_20secCPA.wav,0.4817764712567292,0.9121546424753226,2.0,-56.60013,,92.9173468383467
Hear My Ship: Sail Boats,Sail Boat_27.08.23_083709_20secCPA.wav,0.9527664064767496,0.911416621602133,4.0,-50.260662,,82.14286450998904
Hear My Ship: Sail Boats,Sail Boat_27.08.23_084921_20secCPA.wav,0.8902461865097476,0.9368883837188108,3.0,-56.46263,,992.7227543044849
Hear My Ship: Sail Boats,Sail Boat_27.08.23_092317_20secCPA.wav,0.5921655476887994,0.931515803666088,2.0,-44.51256,,12.278364001152752
Hear My Ship: Sail Boats,Sail Boat_27.08.23_095149_20secCPA.wav,0.9995402242926996,0.9510633859305088,2.0,-52.88616,,30.740663578601428
Hear My Ship: Sail Boats,Sail Boat_31.08.23_104636_20secCPA.wav,0.7365312773186099,0.9190673727065968,3.0,-49.745335,,4.075591570664147
Hear My Ship: Sail Boats,Sail Boat_31.08.23_104815_20secCPA.wav,0.6802042907859647,0.9204365021843062,2.0,-47.883965,,8.657917173156973
Hear My Ship: Sail Boats,Sail Boat_31.08.23_115812_20secCPA.wav,0.8108839232699719,0.943866693087057,3.0,-52.363495,,32.09531205067719
Hear My Ship: Sail Boats,Sail Boat_31.08.23_124720_20secCPA.wav,0.9678869019050692,0.9376681822740842,3.0,-46.145607,,399.16379434269794
Hear My Ship: Sail Boats,Sail Boat_31.08.23_131122_20secCPA.wav,0.5908595578834733,0.9714177298573452,3.0,-51.34838,,8.51702384214644
Hear My Ship: Sail Boats,Sail Boat_31.08.23_131317_20secCPA.wav,0.513356340079136,0.9105047866685266,2.0,-55.21639,,41.17760561184159
Hear My Ship: Sail Boats,Sail Boat_31.08.23_133212_20secCPA.wav,0.5862297158693496,0.8526732227326687,3.0,-55.2342,,80.44014858389941
Hear My Ship: Sail Boats,Sail Boat_31.08.23_141703_20secCPA.wav,0.9978743985046404,0.9168313539822708,5.0,-56.30772,,13.558373680221202
Hear My Ship: Sail Boats,Sail Boat_31.08.23_161418_20secCPA.wav,0.9980452105492572,0.9665035359147728,6.0,-52.529503,,14.716826977039176
Hear My Ship: Sail Boats,Sail Boat_31.08.23_182629_20secCPA.wav,0.9874437151863708,0.9666714859755312,20.0,-40.16648,,3.826535502584527
Hear My Ship: Sail Boats,Sail Boat_31.08.23_183518_20secCPA.wav,0.3028896295501858,0.975894601218988,2.0,-54.29455,,3.985368856684503
Hear My Ship: Sail Boats,Sail Boat_31.08.23_183930_20secCPA.wav,0.8503098352502197,0.9437254962364784,7.0,-51.268852,,7.220262509877751
Hear My Ship: Sail Boats,SailBoat_02.08.23_112605_20secCPA.wav,0.5373130040727806,0.9046195775445536,3.0,-49.356083,,6.244489300589778
Hear My Ship: Sail Boats,SailBoat_03.08.23_111457_20secCPA.wav,0.5635574668323771,0.9106307971413956,3.0,-49.420773,,22.60530026762113
Hear My Ship: Sail Boats,Sailboat_03.08.23_131030_20secCPA.wav,0.8565343343623365,0.8718139007774299,5.0,-48.77773,,100.86055386842511
Hear My Ship: Sail Boats,Sailboat_03.08.23_131646_20secCPA.wav,0.898419354774946,0.9184806100510756,3.0,-38.22995,,4.011861008141039
Hear My Ship: Sail Boats,Sailboat_03.08.23_132247_20secCPA.wav,0.8436533483247238,0.960740341280624,16.0,-48.057407,,3.858396450967722
Hear My Ship: Sail Boats,Sailboat_03.08.23_132440_20secCPA.wav,0.2130191835445577,0.9878253750994686,2.0,-51.561447,,14.026455684071609
Hear My Ship: Sail Boats,Sailboat_03.08.23_135950_20secCPA.wav,0.8936352005023772,0.9778376404797114,3.0,-59.073364,,38.52068280833733
Hear My Ship: Sail Boats,Sailboat_03.08.23_140928_20secCPA.wav,0.9021921553522566,0.9891199783794884,3.0,-47.626617,,5.286774549260215
Hear My Ship: Sail Boats,Sailboat_03.08.23_150704_20secCPA.wav,0.9206195041733856,0.9902472770445252,5.0,-47.6949,,3.603651139536712
Hear My Ship: Sail Boats,Sailboat_03.08.23_151852_20secCPA.wav,0.4723988917873633,0.9492610930411636,2.0,-55.579376,,6.533822844839544
Hear My Ship: Sail Boats,Sailboat_03.08.23_161808_20secCPA.wav,0.3871177148524795,0.9070894435457214,3.0,-52.343475,,259.8498074639257
Hear My Ship: Sail Boats,sailboat_03.09.23_155602_20secCPA.wav,0.8240239920698481,0.94186697297031,2.0,-36.384274,,5.102555774476604
Hear My Ship: Sail Boats,Sailboat_04.09.23_091727_20secCPA.wav,0.9461377317598688,0.93198334818283,5.0,-52.994156,,268.7569473862512
Hear My Ship: Sail Boats,Sailboat_04.09.23_103143_20secCPA.wav,0.9999235481823556,0.8821487423770201,7.0,-52.56682,,28.57140246146972
Hear My Ship: Sail Boats,Sailboat_04.09.23_105330_20secCPA.wav,0.4852969894222945,0.9814156901357436,2.0,-53.68105,,4.65088911624635
Hear My Ship: Sail Boats,Sailboat_04.09.23_105641_20secCPA.wav,0.4808422239847057,0.9298138298366198,2.0,-52.090458,,8.489874962709536
Hear My Ship: Sail Boats,Sailboat_04.09.23_110015_20secCPA.wav,0.6760374727207882,0.9792026495309542,3.0,-56.69949,,59.50739959742654
Hear My Ship: Sail Boats,Sailboat_04.09.23_112818_20secCPA.wav,0.6602698478633018,0.8902026080398777,3.0,-56.69247,,117.1348033212127
Hear My Ship: Sail Boats,Sailboat_04.09.23_113903_20secCPA.wav,0.5334425240882115,0.9692075931715786,2.0,-57.33601,,16.43474363990384
Hear My Ship: Sail Boats,Sailboat_04.09.23_122022_20secCPA.wav,0.8978415489601681,0.9784807323926604,4.0,-51.602158,,5.786339213299103
Hear My Ship: Sail Boats,Sailboat_04.09.23_132729_20secCPA.wav,0.955620132643239,0.8536204776943037,2.0,-58.972923,,2687.804032684685
Hear My Ship: Sail Boats,Sailboat_04.09.23_135607_20secCPA.wav,0.9969672985229628,0.9330644779077244,6.0,-48.61809,,55.37333851208805
Hear My Ship: Sail Boats,Sailboat_04.09.23_141823_20secCPA.wav,0.3315643685017096,0.911937141930506,3.0,-51.64166,,8.380577790332964
Hear My Ship: Sail Boats,Sailboat_04.09.23_143434_20secCPA.wav,0.9999960457334442,0.9708268759805152,4.0,-55.93914,,132.82902731576814
Hear My Ship: Sail Boats,Sailboat_04.09.23_144302_20secCPA.wav,0.3728943321721136,0.9244290676790312,2.0,-59.523453,,6.619855121743663
Hear My Ship: Sail Boats,Sailboat_04.09.23_153601_20secCPA.wav,0.9893035463220132,0.8958996123575413,3.0,-51.57554,,68.16300719517935
Hear My Ship: Sail Boats,Sailboat_04.09.23_154414_20secCPA.wav,0.6328269118748373,0.9275893076761386,3.0,-51.927032,,11.177365892709632
Hear My Ship: Sail Boats,Sailboat_04.09.23_162709_20secCPA.wav,0.3549564418231036,0.9470217040130896,2.0,-60.727787,,145.3626134094188
Hear My Ship: Sail Boats,Sailboat_04.09.23_165220_20secCPA.wav,0.6414190464382638,0.9706627350978964,3.0,-59.299652,,4.240634547114998
Hear My Ship: Sail Boats,Sailboat_04.09.23_175928_20secCPA.wav,0.8450216714346784,0.9412225996286872,3.0,-55.136913,,91.301752060302
Hear My Ship: Sail Boats,Sailboat_05.09.23_121427_20secCPA.wav,0.5141298733779731,0.93833060627618,3.0,-55.092514,,478.1529914460962
Hear My Ship: Sail Boats,Sailboat_05.09.23_131823_20secCPA.wav,0.8864662473345172,0.9417309093771112,3.0,-52.854866,,170.06933249918347
Hear My Ship: Sail Boats,Sailboat_05.09.23_132014_20secCPA.wav,0.989075908446057,0.8994068148302915,6.0,-50.407734,,24.093202865960567
Hear My Ship: Sail Boats,Sailboat_05.09.23_133425_20secCPA.wav,0.7537669051407949,0.9551451157672212,5.0,-52.004322,,4.441819947438991
Hear My Ship: Sail Boats,Sailboat_05.09.23_140336_20secCPA.wav,0.8170894626567081,0.9720116248395568,3.0,-52.393875,,45.19208484150814
Hear My Ship: Sail Boats,Sailboat_05.09.23_143720_20secCPA.wav,0.9642461578930052,0.9619410165256052,3.0,-53.60901,,589.323543603777
Hear My Ship: Sail Boats,Sailboat_05.09.23_144200_20secCPA.wav,0.2252296164909327,0.7765637205432602,3.0,-54.511864,,10.405542610617855
Hear My Ship: Sail Boats,Sailboat_05.09.23_144813_20secCPA.wav,0.8518314315679991,0.972010059603434,3.0,-57.857204,,735.3169789326297
Hear My Ship: Sail Boats,Sailboat_05.09.23_145325_20secCPA.wav,0.9065137828806024,0.943941048049676,3.0,-56.202637,,341.11464102689825
Hear My Ship: Sail Boats,Sailboat_05.09.23_175257_20secCPA.wav,0.9633411020932376,0.9457023016033216,4.0,-47.77362,,3.3738147314579865
Hear My Ship: Sail Boats,Sailboat_05.09.23_185616_20secCPA.wav,0.4694681658559498,0.9395174881827696,3.0,-53.51534,,28.75038775078487
Hear My Ship: Sail Boats,Sailboat_06.09.23_091032_20secCPA.wav,0.8588672729070607,0.9369484774043744,6.0,-54.80637,,61.9205629876819
Hear My Ship: Sail Boats,Sailboat_06.09.23_091755_20secCPA.wav,0.6019615616678418,0.939379635092695,2.0,-55.025665,,46.36092599932368
Hear My Ship: Sail Boats,Sailboat_06.09.23_104026_20secCPA.wav,0.9063973675485324,0.9042532320400808,4.0,-49.61206,,147.9357225796665
Hear My Ship: Sail Boats,Sailboat_08.08.23_110033_20secCPA.wav,0.8028245207585158,0.94053743723452,4.0,-47.742252,,283.54863843092465
Hear My Ship: Sail Boats,Sailboat_08.08.23_145557_20secCPA.wav,0.4571909834798378,0.9596797676682522,3.0,-57.646774,,7.0792978776333
Hear My Ship: Sail Boats,Sailboat_08.08.23_182415_20secCPA.wav,0.4100026534856926,0.9690424451468048,3.0,-54.34254,,19.618237406164344
Hear My Ship: Sail Boats,Sailboat_16.08.23_113553_20secCPA.wav,0.7749349871408168,0.8697192714051379,3.0,-49.675785,,87.74246086826649
Hear My Ship: Sail Boats,Sailboat_16.08.23_122507_20secCPA.wav,0.6439933593905393,0.887856253565997,3.0,-56.49225,,623.4406529215838
Hear My Ship: Sail Boats,Sailboat_28.08.23_100113_20secCPA.wav,0.271258575545251,0.9843264430199676,3.0,-49.518417,,9.840245490361102
Hear My Ship: Sail Boats,Sailboat_28.08.23_103135_20secCPA.wav,0.981234456094488,0.9271933860990228,5.0,-50.11734,,11.260130977147409
Hear My Ship: Sail Boats,Sailboat_28.08.23_105802_20secCPA.wav,0.8210345972307249,0.9214125672279756,3.0,-52.05702,,130.27892676424608
Hear My Ship: Sail Boats,Sailboat_28.08.23_110126_20secCPA.wav,0.9999990296259452,0.9482339420964044,6.0,-52.628498,,474.5284656600927
Hear My Ship: Sail Boats,Sailboat_28.08.23_111044_20secCPA.wav,0.3212786542770977,0.951606506344286,3.0,-55.312366,,45.02482804403226
Hear My Ship: Sail Boats,Sailboat_28.08.23_112633_20secCPA.wav,0.9999989093943524,0.8545207672132582,4.0,-53.252594,,4556.24818177791
Hear My Ship: Sail Boats,Sailboat_28.08.23_135200_20secCPA.wav,0.952555902972043,0.9431952662220168,4.0,-59.465527,,17.343560499044766
Hear My Ship: Sail Boats,Sailboat_28.08.23_142421_20secCPA.wav,0.2030191762464415,0.1505290322389524,6.0,-47.427746,,18.379074727679264
Hear My Ship: Sail Boats,Yacht_09.08.23_113013_20secCPA.wav,0.9643918747776788,0.9673026406693632,17.0,-34.542946,,9.626278088010972
Hear My Ship: Sail Boats,Yacht_16.08.22_132136_20secCPA.wav,0.726626350885261,0.8601628468894823,2.0,-44.88075,,8.912103710313058
Hear My Ship: Ferries,Postira_Ferry_02.09.23_075820_20secCPA.wav,0.9120689655172414,0.8387749640096598,2.0,-36.756897,,8.410295977954727
Hear My Ship: Ferries,Postira_Ferry_09.08.23_132030_20secCPA.wav,0.5367660795081913,0.9204453835198164,2.0,-30.121872,,7.524495221665927
Hear My Ship: Ferries,Postira_Ferry_09.08.23_154736_20secCPA.wav,0.9966109670255706,0.9316738419656442,16.0,-30.621168,,3.664577747442528
Hear My Ship: Ferries,Postira_Ferry_16.08.23_132548_20secCPA.wav,0.6405551724137931,0.93906169314147,3.0,-30.785398,,6.845197309107476
Hear My Ship: Ferries,Postira_Ferry_17.08.23_071810_20secCPA.wav,0.6229112323136511,0.9215573639232282,3.0,-33.82273,,4.888192656152005
Hear My Ship: Ferries,Postira_Ferry_18.08.23_071341_20secCPA.wav,0.8349771594410719,0.9683525773212384,3.0,-34.199753,,4.453819933686547
Hear My Ship: Ferries,Postira_Ferry_18.08.23_123557_20secCPA.wav,0.7069167903125448,0.9143123957641344,3.0,-31.76078,,4.305490478658304
Hear My Ship: Ferries,Postira_Ferry_22.08.23_123417_20secCPA.wav,0.7833339986655337,0.974125814703251,3.0,-33.833374,,3.4055971289347773
Hear My Ship: Ferries,Postira_Ferry_23.08.23_071407_20secCPA.wav,0.5782585576004471,0.933983120730412,3.0,-34.038902,,4.838190697710359
Hear My Ship: Ferries,Postira_Ferry_24.08.23_071337_20secCPA.wav,0.9292798323831798,0.9476198066239327,14.0,-33.13439,,3.5172706126423154
Hear My Ship: Ferries,Postira_Ferry_24.08.23_093720_20secCPA.wav,0.5780974143063342,0.9388415632564496,2.0,-29.462717,,3.988113050027661
Hear My Ship: Ferries,Postira_Ferry_24.08.23_125143_20secCPA.wav,0.4622408199917483,0.9134547708409652,2.0,-30.495033,,4.583491530829285
Hear My Ship: Ferries,Postira_Ferry_25.08.23_093942_20secCPA.wav,0.5856292813594319,0.9379804314966536,2.0,-29.17834,,6.315131012676432
Hear My Ship: Ferries,Postira_Ferry_25.08.23_151303_20secCPA.wav,0.7178065186689181,0.904759434613574,3.0,-33.52862,,3.3560110003980568
Hear My Ship: Ferries,Postira_Ferry_26.08.23_154942_20secCPA.wav,0.5081808016909951,0.945582321288934,2.0,-31.81948,,5.485079823576414
Hear My Ship: Ferries,Postira_Ferry_27.08.23_090941_20secCPA.wav,0.752161712440355,0.9477852084091016,2.0,-32.753838,,4.710311133964236
Hear My Ship: Ferries,Jadrolinija_01.09.23_100856_20secCPA.wav,0.2325108426482056,0.9522641256775296,2.0,-35.860046,,94.0829687650933
Hear My Ship: Ferries,Jadrolinija_01.09.23_113815_20secCPA.wav,0.296952708787609,0.8812510187715988,3.0,-32.553947,,34.611289414502444
Hear My Ship: Ferries,Jadrolinija_03.08.23_113715_20secCPA.wav,0.3148672110385624,0.8524866913111069,3.0,-31.801598,,111.28807809025297
Hear My Ship: Ferries,Jadrolinija_04.09.23_113659_20secCPA.wav,0.7900642640354866,0.8536818738234153,2.0,-31.44163,,25.406377733934438
Hear My Ship: Ferries,Jadrolinija_04.09.23_155830_20secCPA.wav,0.2351386903933436,0.9513211860316638,2.0,-33.339264,,104.20857632468184
Hear My Ship: Ferries,Jadrolinija_05.09.23_163931_20secCPA.wav,0.7390294259337548,0.925662788847622,3.0,-33.062626,,26.900314889369785
Hear My Ship: Ferries,Jadrolinija_09.08.23_083923_20secCPA.wav,0.7851203616440107,0.9692145874668718,3.0,-33.44538,,30.80974270187042
Hear My Ship: Ferries,Jadrolinija_09.08.23_163936_20secCPA.wav,0.8221559212591932,0.95084321375895,3.0,-33.72581,,23.32411686731763
Hear My Ship: Ferries,Jadrolinija_16.08.23_154324_20secCPA.wav,0.3658145481022959,0.9272018474229078,2.0,-36.25909,,327.3509002661444
Hear My Ship: Ferries,Jadrolinija_16.08.23_163759_20secCPA.wav,0.8633569787594212,0.8739817787641133,3.0,-33.31089,,33.25834820770782
Hear My Ship: Ferries,Jadrolinija_21.08.23_114110_20secCPA.wav,0.7622661885629748,0.8576527696307237,2.0,-30.049612,,28.109042942841853
Hear My Ship: Ferries,Jadrolinija_21.08.23_163905_20secCPA.wav,0.8072006070454881,0.9307358878429854,2.0,-33.050175,,35.95791619372753
Hear My Ship: Ferries,Jadrolinija_22.08.23_113853_20secCPA.wav,0.8196354718706487,0.8888302387899427,3.0,-33.922714,,18.06295283125591
Hear My Ship: Ferries,Jadrolinija_23.08.23_083955_20secCPA.wav,0.7798514661686682,0.95303688726683,2.0,-32.252125,,23.351790258269183
Hear My Ship: Ferries,Jadrolinija_26.08.23_163835_20secCPA.wav,0.7445417414154094,0.9500101981511982,3.0,-32.19127,,53.85414863020007
Hear My Ship: Ferries,Jadrolinija_31.08.23_113807_20secCPA.wav,0.7922183673622974,0.945159356682442,3.0,-31.641975,,33.33011790401087
Hear My Ship: Ferries,Jadrolinija_Lara_01.09.23_071227_20secCPA.wav,0.195643974353913,0.9453102555021172,2.0,-46.58346,,47.19504396133097
Hear My Ship: Ferries,Jadrolinija_Lara_02.09.23_125128_20secCPA.wav,0.8216676734551511,0.8793639236393098,4.0,-43.110676,,68.88702418963229
Hear My Ship: Ferries,Jadrolinija_Lara_03.09.23_081906_20secCPA.wav,0.2598395641122401,0.8634369413360151,3.0,-41.5111,,17.448221022645072
Hear My Ship: Ferries,Jadrolinija_Lara_04.09.23_093746_20secCPA.wav,0.2802566391859391,0.9708070181209844,2.0,-51.65537,,16.255199660663102
Hear My Ship: Ferries,Jadrolinija_Lara_04.09.23_131136_20secCPA.wav,0.5489564855454983,0.8975568019980675,2.0,-42.91821,,22.969348277814795
Hear My Ship: Ferries,Jadrolinija_Lara_04.09.23_150354_20secCPA.wav,0.49595164550874,0.9458521535950491,3.0,-47.134052,,28.420658729992823
Hear My Ship: Ferries,Jadrolinija_Lara_05.09.23_131204_20secCPA.wav,0.4239952463177938,0.8865689847039999,3.0,-41.194153,,49.39993751661332
Hear My Ship: Ferries,Jadrolinija_Lara_31.08.23_093647_20secCPA.wav,0.8217814400708626,0.7871322055586188,3.0,-42.88932,,32.81773645441216
Hear My Ship: Ferries,Jadrolinija_Lara_31.08.23_125402_20secCPA.wav,0.8205512102133953,0.8839439903698109,3.0,-42.240433,,27.3464312366676
Hear My Ship: Ferries,Miatours_Blue_Yellow_Ferry_01.09.23_135624_20secCPA.wav,0.8591079954292438,0.877078790036952,2.0,-43.71777,,155.0620050886973
Hear My Ship: Ferries,Miatours_Blue_Yellow_Ferry_04.09.23_090627_20secCPA.wav,0.4822108644163914,0.9429492895103286,2.0,-45.359528,,31.28415682027875
Hear My Ship: Ferries,Miatours_Blue_Yellow_Ferry_17.08.23_072322_20secCPA.wav,0.7251689270139454,0.9418550280890008,3.0,-40.43067,,78.29241645961886
Hear My Ship: Ferries,Miatours_Blue_Yellow_Ferry_21.08.23_135742_20secCPA.wav,0.8823483972595613,0.880029298073805,4.0,-42.899708,,88.49275253323292
Hear My Ship: Ferries,Miatours_Blue_Yellow_Ferry_24.08.23_072024_20secCPA.wav,0.7811251026859999,0.5853024609473066,3.0,-40.833553,,526.1949781740809
Hear My Ship: Ferries,Miatours_Blue_Yellow_Ferry_24.08.23_135734_20secCPA.wav,0.8019097022046244,0.8295649463508317,3.0,-41.840393,,117.92440792970204
Hear My Ship: Ferries,Miatours_Blue_Yellow_Ferry_26.08.23_135838_20secCPA.wav,0.8759404670653383,0.876963830496858,6.0,-41.942276,,74.3346698124493
Hear My Ship: Ferries,Miatours_Blue_Yellow_Ferry_27.08.23_082110_20secCPA.wav,0.7145934698767327,0.7796397023554748,2.0,-40.725082,,264.53288059718415
Hear My Ship: Ferries,Miatours_Blue_Yellow_Ferry_28.08.23_140336_20secCPA.wav,0.7605290086372339,0.8307091640642132,3.0,-40.32303,,141.34221443960652
Hear My Ship: Ferries,Miatours_Blue_Yellow_Ferry_31.08.23_135728_20secCPA.wav,0.9379913425475648,0.9149283863722888,3.0,-44.759933,,212.59897371057767
Departmental Cruise,RBW6922_20250612_051531.wav,0.9876623376623376,0.8895874416639548,2.0,-20.815765,,6.517739191690899
Departmental Cruise,RBW6922_20250612_051600.wav,0.7924074554383539,0.773738289498112,3.0,-49.28709,,4.001048682534882
Departmental Cruise,RBW6922_20250612_051700.wav,0.9131082844200386,0.8148358582325287,2.0,-59.762962,,32.83126556782032
Departmental Cruise,RBW6922_20250612_051800.wav,0.6850093522127308,0.2458171301695456,5.0,-34.89123,,3.8464969205101687
Departmental Cruise,RBW6922_20250612_051900.wav,0.8613957467321963,0.754203110810085,3.0,-49.66724,,8.839200406334502
Departmental Cruise,RBW6922_20250612_052000.wav,0.9369250112865832,0.9078095941188444,2.0,-57.735424,,5.481133894947789
Departmental Cruise,RBW6922_20250612_052100.wav,0.8993269134242124,0.6954739969429014,2.0,-10.74524,,20.082464847168374
Departmental Cruise,RBW6922_20250612_052200.wav,0.9876753771687388,0.9099194371905815,2.0,-7.446684,,24.354327485750595
Departmental Cruise,RBW6922_20250612_052300.wav,0.949905609250086,0.8291445966809183,2.0,-7.8376064,,18.80670108000088
Departmental Cruise,RBW6922_20250612_052400.wav,0.7262110846454822,0.3490450930663942,7.0,-15.479347,,8.81126591800833
Departmental Cruise,RBW6922_20250612_052500.wav,0.3400912699859988,0.7012750304842866,2.0,-36.51738,,31.099418404440744
Departmental Cruise,RBW6922_20250612_052600.wav,0.3510153294567813,0.7919658288478414,2.0,-41.94929,,90.56069124596144
Departmental Cruise,RBW6922_20250612_052700.wav,0.5430924867146671,0.8413671532219947,2.0,-45.567875,,164.31568407556284
Departmental Cruise,RBW6922_20250612_052800.wav,0.7660186352780293,0.8174309920717499,3.0,-41.17251,,69.77728927351606
Departmental Cruise,RBW6922_20250612_052900.wav,0.9919387208573226,0.8323256872978256,2.0,-43.426094,,38.6295308489412
Departmental Cruise,RBW6922_20250612_053000.wav,0.9323799207726028,0.6443778946665374,6.0,-33.940865,,49.401243831946246
Departmental Cruise,RBW6922_20250612_053100.wav,0.9111675696272078,0.216218074472699,4.0,-18.629791,,44.05968800468967
Departmental Cruise,RBW6922_20250612_053200.wav,0.917116688197236,0.4498299462152949,5.0,-44.977093,,8.570056753298102
Departmental Cruise,RBW6922_20250612_053300.wav,0.9507340631866766,0.6092296651351458,5.0,-51.668205,,8.862787604609963
Departmental Cruise,RBW6922_20250612_053400.wav,0.9482768400146748,0.4770184344516013,5.0,-49.294724,,5.816265858725648
Departmental Cruise,RBW6922_20250612_053500.wav,0.924070422121734,0.6098365663156019,3.0,-48.84232,,3.4772810691950404
Departmental Cruise,RBW6922_20250612_053600.wav,0.7814186556222046,0.4277172650877368,3.0,-27.665941,,1.7516209941454106
Departmental Cruise,RBW6922_20250612_053700.wav,0.9469163040697371,0.3858156210020658,30.0,-41.876007,,5.443201779233709
Departmental Cruise,RBW6922_20250612_053800.wav,0.9439351731466208,0.6449536634852819,5.0,-54.050823,,19.473141619093614
Departmental Cruise,RBW6922_20250612_053900.wav,0.7935983331978034,0.5001739961758381,2.0,-27.19491,,8.978953696880232
Departmental Cruise,RBW6922_20250612_054000.wav,0.8849035204794861,0.8720085180738505,2.0,-64.10007,,35.7849287581701
Departmental Cruise,RBW6922_20250612_054100.wav,0.982058474570622,0.8693663751160248,3.0,-54.737125,,13.588311891806812
Departmental Cruise,RBW6922_20250612_054200.wav,0.991176600191276,0.929403622875559,5.0,-49.96163,,11.453124191512533
Departmental Cruise,RBW6922_20250612_054300.wav,0.9605290458538448,0.6838863295256181,3.0,-39.922127,,41.87593679644657
Departmental Cruise,RBW6922_20250612_054400.wav,0.8614938964820097,0.4805331160549597,2.0,-27.449547,,21.32581899352207
Departmental Cruise,RBW6922_20250612_054500.wav,0.7354447857732698,0.3497324218303083,9.0,-29.544575,,6.733650549732015
Departmental Cruise,RBW6922_20250612_054600.wav,0.7769622100278767,0.399034669122801,4.0,-45.046875,,3.2256172274117025
Departmental Cruise,RBW6922_20250612_054700.wav,0.8344538199704153,0.3072414152789379,1.0,-21.41246,,11.926513835452925
Departmental Cruise,RBW6922_20250612_054800.wav,0.8569652647918472,0.4359225554767642,3.0,-22.51147,,7.144042740981163
Departmental Cruise,RBW6922_20250612_054900.wav,0.8023087910821216,0.9613137270856824,2.0,-57.925247,,4.644729158238002
Departmental Cruise,RBW6922_20250612_055000.wav,0.6339815406700199,0.5757156347714779,17.0,-28.972857,,13.749745270526631
Departmental Cruise,RBW6922_20250612_055100.wav,0.7121132508699167,0.7550569448555747,15.0,-31.854155,,10.68323669645478
Departmental Cruise,RBW6922_20250612_055200.wav,0.8396308105851369,0.8088182741950183,11.0,-36.0796,,22.566408979546463
Departmental Cruise,RBW6922_20250612_055300.wav,0.9743251604526108,0.8779574794463345,6.0,-35.919632,,14.520372454154115
Departmental Cruise,RBW6922_20250612_055400.wav,0.7071783341374753,0.8718455639538645,9.0,-36.237724,,7.403244647830499
Departmental Cruise,RBW6922_20250612_055500.wav,0.7876086381694059,0.6400190419684849,7.0,-37.377846,,9.6502709498663
Departmental Cruise,RBW6922_20250612_055600.wav,0.9217734284375336,0.66432480485295,7.0,-38.589424,,27.54064250666429
Departmental Cruise,RBW6922_20250612_055700.wav,0.9614164191912504,0.7217057797501752,9.0,-38.309807,,8.368199051677772
Departmental Cruise,RBW6922_20250612_055800.wav,0.9614077852386544,0.7774808472117066,8.0,-38.57045,,6.911091405028035
Departmental Cruise,RBW6922_20250612_055900.wav,0.9623812153431832,0.7238501780178077,7.0,-38.44114,,6.832287240875048
Departmental Cruise,RBW6922_20250612_060000.wav,0.9648864961593414,0.6229829698293287,5.0,-36.93936,,6.816019410965387
Departmental Cruise,RBW6922_20250612_060100.wav,0.9719325063005724,0.6352488528015487,7.0,-38.17109,,11.81728621344287
Departmental Cruise,RBW6922_20250612_060200.wav,0.9635076921685902,0.7325921035988406,10.0,-38.4088,,20.81410880077249
Departmental Cruise,RBW6922_20250612_060300.wav,0.965909737304732,0.6761189611761519,10.0,-37.716114,,5.18932442114051
Departmental Cruise,RBW6922_20250612_060400.wav,0.9379764316302478,0.7118792923995002,3.0,-37.349995,,7.570514830533236
Departmental Cruise,RBW6922_20250612_060500.wav,0.9482032172977828,0.4602978941739429,5.0,-35.417526,,5.260218329526924
Departmental Cruise,RBW6922_20250612_060600.wav,0.9574248098113084,0.6602198729388019,9.0,-36.692448,,8.206094083350216
Departmental Cruise,RBW6922_20250612_060700.wav,0.9249655927764447,0.7117309255544452,14.0,-38.841347,,159.64514731050994
Departmental Cruise,RBW6922_20250612_060800.wav,0.9473164932755394,0.6789221234872085,4.0,-36.108654,,6.369257134864698
Departmental Cruise,RBW6922_20250612_060900.wav,0.8694348622772177,0.5970853531500203,2.0,-37.41802,,13.009809519778416
Departmental Cruise,RBW6922_20250612_061000.wav,0.9571564322051874,0.7002191634823504,9.0,-37.3781,,13.172096858124709
Departmental Cruise,RBW6922_20250612_061100.wav,0.9545828477407884,0.7914044248811004,9.0,-38.365856,,8.661854491294552
Departmental Cruise,RBW6922_20250612_061200.wav,0.958554396235566,0.6595004047163391,9.0,-37.855312,,4.791128389465781
Departmental Cruise,RBW6922_20250612_061300.wav,0.96893827926483,0.7366439721288337,8.0,-37.816093,,4.0358328377055255
Departmental Cruise,RBW6922_20250612_061400.wav,0.9640445751256396,0.6824546305057759,6.0,-38.047325,,8.856318891254194
Departmental Cruise,RBW6922_20250612_061500.wav,0.9547460499905732,0.6538696957741984,4.0,-37.78833,,5.758185681468744
Departmental Cruise,RBW6922_20250612_061600.wav,0.9515595858021212,0.5553074387568051,4.0,-36.21363,,6.495184505784702
Departmental Cruise,RBW6922_20250612_061700.wav,0.9416052786594667,0.6545434416904384,7.0,-37.091362,,44.25850478568125
Departmental Cruise,RBW6922_20250612_061800.wav,0.9620897182666516,0.7621459715290242,10.0,-38.645157,,35.56998891467084
Departmental Cruise,RBW6922_20250612_061900.wav,0.9445800423193972,0.6585018169432382,8.0,-36.705956,,9.48947238146888
Departmental Cruise,RBW6922_20250612_062000.wav,0.9704088259218784,0.7199236272671872,5.0,-37.902943,,10.0504091259327
Departmental Cruise,RBW6922_20250612_062100.wav,0.9521595190668384,0.5974509078313894,7.0,-36.539482,,6.890339032120494
Departmental Cruise,RBW6922_20250612_062200.wav,0.9251680919907752,0.7080857212277509,4.0,-37.099545,,10.077966392123042
Departmental Cruise,RBW6922_20250612_062300.wav,0.9497585461154152,0.7025994956523404,4.0,-38.186333,,7.373452050655562
Departmental Cruise,RBW6922_20250612_062400.wav,0.927964241960962,0.7446165476885999,6.0,-37.4457,,8.16467051711673
Departmental Cruise,RBW6922_20250612_062500.wav,0.9511551771993356,0.6488504464657099,6.0,-36.653534,,7.143458833405474
Departmental Cruise,RBW6922_20250612_062600.wav,0.9635865850681988,0.6619349937242659,8.0,-37.249004,,8.72298886978265
Departmental Cruise,RBW6922_20250612_062700.wav,0.9425308906957148,0.6869317056415637,6.0,-37.687317,,51.75314728403464
Departmental Cruise,RBW6922_20250612_062800.wav,0.9667498752545942,0.6830345406379287,9.0,-37.63098,,114.6964290305679
Departmental Cruise,RBW6922_20250612_062900.wav,0.9552176210154631,0.6661333006852314,10.0,-37.31494,,78.57756848971562
Departmental Cruise,RBW6922_20250612_063000.wav,0.9547335994427556,0.664491913457336,8.0,-37.421288,,183.6151131393211
Departmental Cruise,RBW6922_20250612_063100.wav,0.956052117020084,0.6180584470368292,7.0,-36.897446,,90.81719823823336
Departmental Cruise,RBW6922_20250612_063200.wav,0.961340539868744,0.6826257468067571,7.0,-37.4817,,5.318070398297605
Departmental Cruise,RBW6922_20250612_063300.wav,0.9664762740738988,0.6767222073861706,8.0,-37.646812,,6.3930880289639616
Departmental Cruise,RBW6922_20250612_063400.wav,0.9577794642832216,0.5707739136711527,3.0,-37.312023,,23.567553259099185
Departmental Cruise,RBW6922_20250612_063500.wav,0.9516461841283836,0.6236239587681082,7.0,-37.22141,,48.2851422657176
Departmental Cruise,RBW6922_20250612_063600.wav,0.961164464954129,0.726933459506903,9.0,-37.05626,,88.96739246155879
Departmental Cruise,RBW6922_20250612_063700.wav,0.9560911788603512,0.7168704174931008,6.0,-36.769432,,4.068348661994374
Departmental Cruise,RBW6922_20250612_063800.wav,0.9475156176027434,0.7105594623750243,9.0,-37.709118,,3.153091302595477
Departmental Cruise,RBW6922_20250612_063900.wav,0.9488224520161068,0.7340694207770557,10.0,-37.502625,,4.78492371222763
Departmental Cruise,RBW6922_20250612_064000.wav,0.9526393618192558,0.5817081424438251,6.0,-37.111862,,4.667834928425588
Departmental Cruise,RBW6922_20250612_064100.wav,0.9561193352248016,0.6721866587098626,7.0,-36.838787,,4.411771758990916
Departmental Cruise,RBW6922_20250612_064200.wav,0.957946087369936,0.6764192523063958,8.0,-36.39755,,3.3926490927085813
Departmental Cruise,RBW6922_20250612_064300.wav,0.9497304349886514,0.630438491432559,5.0,-37.262436,,3.974652564283168
Departmental Cruise,RBW6922_20250612_064400.wav,0.9409486744042987,0.7036175918084795,9.0,-37.307373,,4.147041652685374
Departmental Cruise,RBW6922_20250612_064500.wav,0.9522871382456102,0.6244994461416831,5.0,-36.155403,,5.272086019163235
Departmental Cruise,RBW6922_20250612_064600.wav,0.9574431205045468,0.6651751052919276,7.0,-37.526737,,3.578143095276836
Departmental Cruise,RBW6922_20250612_064700.wav,0.9487135908587168,0.66414808515026,5.0,-37.12293,,8.259353027540246
Departmental Cruise,RBW6922_20250612_064800.wav,0.9309599449572644,0.6522585810621386,5.0,-37.167744,,8.146166280664813
Departmental Cruise,RBW6922_20250612_064900.wav,0.7204059024586188,0.6780522388858694,7.0,-38.210674,,5.374799422077232
Departmental Cruise,RBW6922_20250612_065000.wav,0.7495262794058788,0.6171876675814564,3.0,-37.611675,,5.625855869932788
Departmental Cruise,RBW6922_20250612_065100.wav,0.932868187454412,0.6383332739098693,8.0,-36.183426,,5.5420328128842105
Departmental Cruise,RBW6922_20250612_065200.wav,0.952072428536295,0.6011496777977344,7.0,-36.64499,,5.658364644437304
Departmental Cruise,RBW6922_20250612_065300.wav,0.9285744088184602,0.6126353890071979,11.0,-37.161633,,11.963906345892434
Departmental Cruise,RBW6922_20250612_065400.wav,0.9446984599225812,0.7014125129864134,6.0,-37.66388,,9.36163063746524
Departmental Cruise,RBW6922_20250612_065600.wav,0.9650610983293982,0.6856944134727875,7.0,-37.260735,,10.63763066286081
Departmental Cruise,RBW6922_20250612_065700.wav,0.9474389288646782,0.6644479697155322,4.0,-36.720596,,21.65740718828672
Departmental Cruise,RBW6922_20250612_065800.wav,0.9507252116752568,0.6829940001642898,10.0,-37.244392,,7.423465031814797
Departmental Cruise,RBW6922_20250612_065900.wav,0.9712799588956792,0.7343036439378533,10.0,-36.86252,,3.843864051388844
Departmental Cruise,RBW6922_20250612_070000.wav,0.9626736107413596,0.6985177677846962,8.0,-36.6744,,3.762041589673768
Departmental Cruise,RBW6922_20250612_070100.wav,0.9416077491868527,0.5845626789668884,10.0,-36.372314,,10.070477274535708
Departmental Cruise,RBW6922_20250612_070200.wav,0.9500898835093922,0.7086694500810328,5.0,-37.86772,,9.67542940715079
Departmental Cruise,RBW6922_20250612_070300.wav,0.940787971565212,0.6689101198255131,11.0,-37.129387,,26.780913591182287
Departmental Cruise,RBW6922_20250612_070400.wav,0.96512268666524,0.7240776619706621,7.0,-37.47668,,3.0268226468338657
Departmental Cruise,RBW6922_20250612_070500.wav,0.9391939813519024,0.6069233594759675,10.0,-37.658493,,3.250687431033336
Departmental Cruise,RBW6922_20250612_070600.wav,0.95319949700837,0.6422184549862607,11.0,-37.034203,,7.716092654311538
Departmental Cruise,RBW6922_20250612_070700.wav,0.9556035392668452,0.639892837662772,8.0,-37.008366,,8.38443021601388
Departmental Cruise,RBW6922_20250612_070800.wav,0.9567117356316288,0.6564924529850585,8.0,-36.401047,,13.867695108944751
Departmental Cruise,RBW6922_20250612_070900.wav,0.9642277519235352,0.6614827479053329,7.0,-36.71105,,7.011076447009297
Departmental Cruise,RBW6922_20250612_071000.wav,0.9674305297264856,0.6133551720093146,2.0,-36.979614,,6.096320197452783
Departmental Cruise,RBW6922_20250612_071100.wav,0.9563749162430816,0.6835870334932469,8.0,-36.60325,,5.261294968773406
Departmental Cruise,RBW6922_20250612_071200.wav,0.9552987517906412,0.6292954864504154,8.0,-36.009903,,3.983873410337909
Departmental Cruise,RBW6922_20250612_071300.wav,0.970732594651592,0.6400915293349901,6.0,-36.748287,,3.762976290045139
Departmental Cruise,RBW6922_20250612_071400.wav,0.9602610407787302,0.5663495325097653,4.0,-36.80265,,5.213710799388027
Departmental Cruise,RBW6922_20250612_071500.wav,0.9633079382701372,0.6043166421877826,9.0,-36.81622,,4.69925278081693
Departmental Cruise,RBW6922_20250612_071600.wav,0.9554518056632576,0.5993355691016058,11.0,-36.32949,,4.828669441712184
Departmental Cruise,RBW6922_20250612_071700.wav,0.9596293580960312,0.5591833974276913,4.0,-36.869865,,5.076535241689675
Departmental Cruise,RBW6922_20250612_071800.wav,0.9283478938165682,0.7036703465037778,5.0,-37.424698,,5.32527341266787
Departmental Cruise,RBW6922_20250612_071900.wav,0.9305721205140128,0.6950112350799449,8.0,-36.91254,,4.938331854430599
Departmental Cruise,RBW6922_20250612_072000.wav,0.9485108229471996,0.647125874819228,6.0,-37.04007,,4.662164628626366
Departmental Cruise,RBW6922_20250612_072100.wav,0.9671656496971428,0.7072742062556374,9.0,-37.0597,,6.520292514099976
Departmental Cruise,RBW6922_20250612_072200.wav,0.956742255890372,0.6655928532227168,9.0,-36.578686,,5.1384562540575605
Departmental Cruise,RBW6922_20250612_072300.wav,0.9462643342686607,0.6686681604713124,8.0,-37.325817,,4.677330693907082
Departmental Cruise,RBW6922_20250612_072400.wav,0.9646780883800228,0.5742975087891818,7.0,-36.658672,,4.716302977592382
Departmental Cruise,RBW6922_20250612_072500.wav,0.9387073968327504,0.63357652161266,4.0,-36.33635,,3.909695468380705
Departmental Cruise,RBW6922_20250612_072600.wav,0.9625448833735408,0.6101764169938685,10.0,-35.624954,,4.080946405460385
Departmental Cruise,RBW6922_20250612_072700.wav,0.9471808892037954,0.6598214098851198,7.0,-36.412434,,4.21825833232969
Departmental Cruise,RBW6922_20250612_072800.wav,0.9447336282977656,0.5683026233634777,7.0,-35.79616,,6.231034076510287
Departmental Cruise,RBW6922_20250612_072900.wav,0.9584372697190588,0.6740399370413072,6.0,-36.973778,,6.48663062412786
Departmental Cruise,RBW6922_20250612_073000.wav,0.9776443112969404,0.7010005855589164,5.0,-37.367626,,6.367903442588486
Departmental Cruise,RBW6922_20250612_073100.wav,0.9541790679199073,0.7191191702677786,10.0,-37.012928,,6.250271952540217
Departmental Cruise,RBW6922_20250612_073200.wav,0.9560015537799385,0.6138353933667566,11.0,-36.375984,,6.644992959665132
Departmental Cruise,RBW6922_20250612_073300.wav,0.9230480369123936,0.6754245305233658,7.0,-36.846695,,5.393646731953936
Departmental Cruise,RBW6922_20250612_073400.wav,0.9434280467787656,0.6754381759518208,10.0,-37.2208,,5.417030350252468
Departmental Cruise,RBW6922_20250612_073500.wav,0.9301086959836063,0.6200238921283828,8.0,-36.915257,,6.462949736417125
Departmental Cruise,RBW6922_20250612_073600.wav,0.950695620083072,0.5932317492828004,8.0,-36.622997,,7.55984938769352
Departmental Cruise,RBW6922_20250612_073700.wav,0.9471010323031656,0.6841960859783885,8.0,-37.319874,,6.396037789713533
Departmental Cruise,RBW6922_20250612_073800.wav,0.9456170662991156,0.7292743944440487,13.0,-36.524105,,6.020290434371688
Departmental Cruise,RBW6922_20250612_073900.wav,0.9343147565701468,0.6562292910094939,9.0,-36.69996,,5.575299897106166
Departmental Cruise,RBW6922_20250612_074000.wav,0.9572123659680416,0.5448666282562471,7.0,-36.313297,,7.58690155437948
Departmental Cruise,RBW6922_20250612_074100.wav,0.944002839816192,0.6523785961129657,11.0,-37.054173,,10.34716835899193
Departmental Cruise,RBW6922_20250612_074200.wav,0.9598064842860374,0.6558089997695454,7.0,-37.052273,,20.873402942282308
Departmental Cruise,RBW6922_20250612_074300.wav,0.9443130473460034,0.686140423440138,7.0,-37.617165,,5.362521112468843
Departmental Cruise,RBW6922_20250612_074400.wav,0.9386431441094056,0.6378452139323078,10.0,-36.786507,,5.204212979855632
Departmental Cruise,RBW6922_20250612_074500.wav,0.953337631386632,0.7180446791548887,10.0,-37.64032,,11.39056751384378
Departmental Cruise,RBW6922_20250612_074600.wav,0.9425188417234298,0.6489682396516918,13.0,-36.898083,,17.20181714998056
Departmental Cruise,RBW6922_20250612_074700.wav,0.9110210103950712,0.6853940994494723,12.0,-37.063114,,11.195339589975925
Departmental Cruise,RBW6922_20250612_074800.wav,0.9331900464282008,0.685698305393454,3.0,-36.541935,,4.31816001657977
Departmental Cruise,RBW6922_20250612_074900.wav,0.953641878449532,0.6314774043662518,4.0,-36.65852,,4.09071193558965
Departmental Cruise,RBW6922_20250612_075000.wav,0.9270510379715092,0.7459835031330821,14.0,-36.76886,,7.460985143568156
Departmental Cruise,RBW6922_20250612_075100.wav,0.9416790075959376,0.7012853667430173,8.0,-36.80288,,6.062884131552369
Departmental Cruise,RBW6922_20250612_075200.wav,0.9444285957318784,0.7010219500792941,8.0,-36.54104,,12.177405193597217
Departmental Cruise,RBW6922_20250612_075300.wav,0.9242718228601472,0.596860263252644,10.0,-36.77565,,6.855031814878733
Departmental Cruise,RBW6922_20250612_075400.wav,0.9015704608133586,0.6346696145482819,9.0,-36.672935,,6.15612106222341
Departmental Cruise,RBW6922_20250612_075500.wav,0.710738140059738,0.6730221618202107,10.0,-35.47233,,13.235655585730376
Departmental Cruise,RBW6922_20250612_075600.wav,0.8168472709743887,0.6072181854899972,5.0,-18.531439,,9.11916990015868
Departmental Cruise,RBW6922_20250612_075700.wav,0.981545855929058,0.9216482974449192,6.0,-19.840878,,31.74332714001325
Departmental Cruise,RBW6922_20250612_075800.wav,0.954901439563474,0.8971660623090773,2.0,-25.892292,,97.82766001834014
Departmental Cruise,RBW6922_20250612_075900.wav,0.9706896551724138,0.9235981593522946,2.0,-23.692307,,27.606118273966008
Departmental Cruise,RBW6922_20250612_080000.wav,0.963154960981048,0.885905590772096,2.0,-24.273163,,98.03076361812772
Departmental Cruise,RBW6922_20250612_080100.wav,0.986231884057971,0.9051630107689906,2.0,-25.38171,,58.265433085978025
Departmental Cruise,RBW6922_20250612_080200.wav,0.9528985507246376,0.892532347064433,2.0,-26.37634,,60.80161111042473
Departmental Cruise,RBW6922_20250612_080300.wav,0.9636363636363636,0.9061737509109709,2.0,-25.933502,,81.29505243375489
Departmental Cruise,RBW6922_20250612_080400.wav,0.8980335540311867,0.9220107640408484,2.0,-29.61962,,23.11700372514528
Departmental Cruise,RBW6922_20250612_080500.wav,0.9775744221229626,0.9020825215623436,4.0,-26.045311,,90.18126858735415
Departmental Cruise,RBW6922_20250612_080600.wav,0.993991415198113,0.9238838901149832,3.0,-25.286152,,45.673490037455466
Departmental Cruise,RBW6922_20250612_080700.wav,0.9499682860252032,0.9005344856719816,3.0,-25.862263,,39.44834816299649
Departmental Cruise,RBW6922_20250612_080800.wav,0.9801743773950828,0.9038248087331748,3.0,-25.267365,,78.0407514165892
Departmental Cruise,RBW6922_20250612_080900.wav,0.950653847312938,0.9258573459885854,2.0,-26.830463,,67.70512527336322
Departmental Cruise,RBW6922_20250612_081000.wav,1.0,0.994702125685536,2.0,-27.06972,,61.26902246897449
Departmental Cruise,RBW6922_20250612_081100.wav,0.999982466825388,0.969360412908876,2.0,-27.573154,,48.107475541018985
Departmental Cruise,RBW6922_20250612_081200.wav,0.8966680250502287,0.8901490274759296,3.0,-26.496565,,51.99165736095226
Departmental Cruise,RBW6922_20250612_081300.wav,0.7976486177743651,0.7434841457926259,3.0,-19.621496,,7.615505645371391
Departmental Cruise,RBW6922_20250612_081400.wav,0.811391834345978,0.6918553775832682,3.0,-16.149347,,14.061801589111491
Departmental Cruise,RBW6922_20250612_081500.wav,0.867497834585205,0.3682480618672343,5.0,-12.22168,,22.997254008133908
Departmental Cruise,RBW6922_20250612_081600.wav,0.944053976725415,0.6570746054152634,10.0,-30.527027,,20.30040169140192
Departmental Cruise,RBW6922_20250612_081700.wav,0.9797595239397908,0.6931193923456807,5.0,-17.034655,,17.087790728865727
Departmental Cruise,RBW6922_20250612_081800.wav,0.81590369526013,0.4553285745849111,4.0,-17.160892,,20.65164226397395
Departmental Cruise,RBW6922_20250612_081900.wav,0.910534931989523,0.6446910090876108,3.0,-13.885481,,27.38236188965059
Departmental Cruise,RBW6922_20250612_082000.wav,0.9995727281124536,0.9463131355064996,3.0,-2.4622283,,25.631117173370665
Departmental Cruise,RBW6922_20250612_082100.wav,0.9998905850650508,0.9672223102206412,2.0,-1.7380637,,23.71238695861486
Departmental Cruise,RBW6922_20250612_082200.wav,0.9967273705973364,0.9734921880482772,3.0,-1.5639813,,17.307640609664077
Departmental Cruise,RBW6922_20250612_082300.wav,0.9992720732356304,0.9723622334272732,3.0,-1.4393495,,19.934871245527717
Departmental Cruise,RBW6922_20250612_082400.wav,0.9991938911695262,0.974835464870356,2.0,-1.2145352,,28.84666974441231
Departmental Cruise,RBW6922_20250612_082500.wav,0.9989121486407112,0.9769325904046392,2.0,-1.1087177,,30.16146246845481
Departmental Cruise,RBW6922_20250612_082600.wav,0.9990639087033224,0.9793521458073634,2.0,-1.2067792,,27.76483881969332
Departmental Cruise,RBW6922_20250612_082700.wav,0.998781783374655,0.979654833701539,5.0,-1.1163772,,37.23411955869578
Departmental Cruise,RBW6922_20250612_082800.wav,0.9989066912053114,0.980479574538482,3.0,-1.1253062,,39.13418224150887
Departmental Cruise,RBW6922_20250612_082900.wav,0.998744151436329,0.9651072265146646,2.0,-1.102006,,30.161929758098896
Departmental Cruise,RBW6922_20250612_083000.wav,0.9990910947070596,0.9620106111211048,2.0,-1.1839952,,21.282513004701528
Departmental Cruise,RBW6922_20250612_083100.wav,0.9989092516684076,0.9709654507271412,5.0,-1.2338756,,24.695444130750666
Departmental Cruise,RBW6922_20250612_083200.wav,0.9989393669331712,0.9755463456921496,5.0,-1.217878,,28.31954093102128
Departmental Cruise,RBW6922_20250612_083300.wav,0.999051546613504,0.9804439797263532,2.0,-1.2452893,,28.22872378775364
Departmental Cruise,RBW6922_20250612_083400.wav,0.9989710458271956,0.9782911992294347,2.0,-1.2033479,,28.835968057810074
Departmental Cruise,RBW6922_20250612_083500.wav,0.9986603784042876,0.9670699154661724,2.0,-1.1996905,,24.931615136932404
Departmental Cruise,RBW6922_20250612_083600.wav,0.9989583925163688,0.9789466836569996,2.0,-1.1904976,,26.2856893716568
Departmental Cruise,RBW6922_20250612_083700.wav,0.9990313512980612,0.9844496931142452,3.0,-1.1635519,,28.522416653997464
Departmental Cruise,RBW6922_20250612_083800.wav,0.9989768493793176,0.964877546818582,2.0,-1.1470858,,25.711898545193627
Departmental Cruise,RBW6922_20250612_083900.wav,0.9987999538530676,0.9748799367384812,2.0,-1.2300943,,30.51741744726071
Departmental Cruise,RBW6922_20250612_084000.wav,0.9990485640202532,0.975160092940268,2.0,-1.2226528,,25.97585824088377
Departmental Cruise,RBW6922_20250612_084100.wav,0.999125624282558,0.9756317752901316,2.0,-1.1420547,,26.768750456880444
Departmental Cruise,RBW6922_20250612_084200.wav,0.9990189066707816,0.9783125572278862,2.0,-1.0310305,,32.89363889019582
Departmental Cruise,RBW6922_20250612_084300.wav,0.9834602475259904,0.9365874307492184,2.0,-1.3225975,,18.881709892426585
Departmental Cruise,RBW6922_20250612_084400.wav,0.9993916328323076,0.973809311704216,2.0,-1.3146338,,21.166398116489734
Departmental Cruise,RBW6922_20250612_084500.wav,0.999277628899138,0.9746271915226098,2.0,-1.3803356,,25.087319213867467
Departmental Cruise,RBW6922_20250612_084600.wav,0.999048339885426,0.973332074952047,2.0,-1.3548392,,20.485829048951423
Departmental Cruise,RBW6922_20250612_084700.wav,0.9987766870712124,0.9778723109072052,2.0,-1.2764615,,22.13481211564496
Departmental Cruise,RBW6922_20250612_084800.wav,1.0,0.9854534307351336,2.0,-1.1556379,,15.196028497560327
Departmental Cruise,RBW6922_20250612_084900.wav,1.0,0.9965025947777864,2.0,-1.0795658,,16.752221225761467
Departmental Cruise,RBW6922_20250612_085000.wav,0.9999854171463656,0.9900324717604532,2.0,-1.1556982,,18.93514697139708
Departmental Cruise,RBW6922_20250612_085100.wav,1.0,0.9907975353626486,2.0,-1.0450686,,15.965701989174466
Departmental Cruise,RBW6922_20250612_085200.wav,1.0,0.9896746727762528,2.0,-1.0456076,,13.842728946703929
Departmental Cruise,RBW6922_20250612_085300.wav,1.0,0.9922594171662822,2.0,-1.0324128,,15.560859918159752
Departmental Cruise,RBW6922_20250612_085400.wav,1.0,0.9894664692800208,2.0,-1.0594858,,18.09195199956203
Departmental Cruise,RBW6922_20250612_085500.wav,1.0,0.989164673866922,2.0,-1.1297928,,15.218096170005806
Departmental Cruise,RBW6922_20250612_085600.wav,1.0,0.9854751163770588,2.0,-1.1251601,,15.91754754440858
Departmental Cruise,RBW6922_20250612_085700.wav,1.0,0.9799550492890232,2.0,-1.1032026,,14.689337934680452
Departmental Cruise,RBW6922_20250612_085800.wav,0.9999855052562516,0.9851175906077968,2.0,-1.036371,,15.24810268139532
Departmental Cruise,RBW6922_20250612_085900.wav,0.9998703779506072,0.9872617324774764,2.0,-1.1458759,,15.038530656156649
Departmental Cruise,RBW6922_20250612_090000.wav,0.9981267616010266,0.9473802883594832,3.0,-2.1906288,,17.40299507923376
Departmental Cruise,RBW6922_20250612_090100.wav,0.9975073716596384,0.9676516800277,3.0,-3.0605695,,16.587005589803315
Departmental Cruise,RBW6922_20250612_090200.wav,0.9979614632036524,0.9711831923707074,3.0,-2.6798406,,19.22372603234532
Departmental Cruise,RBW6922_20250612_090300.wav,0.9971666422901326,0.9569524349511056,3.0,-2.8792253,,18.60457192688973
Departmental Cruise,RBW6922_20250612_090400.wav,0.9974326646887636,0.948535210029692,3.0,-2.5586078,,17.502916039898412
Departmental Cruise,RBW6922_20250612_090500.wav,0.9988455064939642,0.9659717776809238,3.0,-2.6233876,,24.560086258811506
Departmental Cruise,RBW6922_20250612_090600.wav,0.9992890363700336,0.9671098074432956,3.0,-2.3743885,,18.77874914711547
Departmental Cruise,RBW6922_20250612_090700.wav,0.929326580555044,0.8331794443709836,3.0,-2.5923393,,16.605139990387908
Departmental Cruise,RBW6922_20250612_090800.wav,0.6196294252704565,0.5853975952997011,9.0,-18.100016,,13.339040080590872
Departmental Cruise,RBW6922_20250612_090900.wav,0.9999666715685228,0.981365814481643,3.0,-32.309574,,629.7433423064408
Departmental Cruise,RBW6922_20250612_091000.wav,0.9999576744513504,0.9836470611369572,3.0,-32.23138,,622.2914541180596
Departmental Cruise,RBW6922_20250612_091100.wav,0.9888720728932482,0.9730506843561932,3.0,-31.824032,,114.72498625743654
Departmental Cruise,RBW6922_20250612_091200.wav,0.9999051755785612,0.976264172711224,2.0,-31.276184,,666.1734094479147
Departmental Cruise,RBW6922_20250612_091300.wav,0.9998803674054536,0.9752098382658776,3.0,-31.226234,,1002.158437226102
Departmental Cruise,RBW6922_20250612_091400.wav,0.999846003797585,0.9643372624241758,3.0,-31.867054,,621.3537602961492
Departmental Cruise,RBW6922_20250612_091500.wav,0.9999448771624202,0.986296421428428,3.0,-31.806976,,949.3968054696109
Departmental Cruise,RBW6922_20250612_091600.wav,0.9998503065718278,0.9577784181106516,3.0,-31.629955,,905.378472032066
Departmental Cruise,RBW6922_20250612_091700.wav,0.9998209518151758,0.9734943494158992,3.0,-31.223848,,1147.1239373211483
Departmental Cruise,RBW6922_20250612_091800.wav,0.9999256196645204,0.9743378362295796,3.0,-31.833364,,1083.7839231911782
Departmental Cruise,RBW6922_20250612_091900.wav,0.9998834791961184,0.975166884344397,3.0,-31.606792,,1085.7946860573168
Departmental Cruise,RBW6922_20250612_092000.wav,0.9998985818145024,0.9712135232425142,3.0,-31.980797,,1341.5937649309717
Departmental Cruise,RBW6922_20250612_092100.wav,0.9997732572875973,0.9185468929438896,3.0,-33.319237,,90.26264085592835
Departmental Cruise,RBW6922_20250612_092200.wav,0.9993336444336144,0.9637699783952696,3.0,-33.455753,,667.3948961202409
Departmental Cruise,RBW6922_20250612_092300.wav,0.9986870092610493,0.9421537238706428,3.0,-34.04512,,487.48481881788
Departmental Cruise,RBW6922_20250612_092400.wav,0.9990534790499492,0.9658168969871412,3.0,-34.108818,,562.9929445822789
Departmental Cruise,RBW6922_20250612_092500.wav,0.9809058857987252,0.8430450292933905,3.0,-24.179571,,46.48645365045267
Departmental Cruise,RBW6922_20250612_092600.wav,0.9996045184253948,0.9640305614595198,3.0,-30.592764,,116.6217233625378
Departmental Cruise,RBW6922_20250612_092700.wav,0.99187395713352,0.8630857443564574,3.0,-28.93436,,67.57560816515075
Departmental Cruise,RBW6922_20250612_092800.wav,0.9462486002239642,0.929397787007877,5.0,-33.644367,,176.4357874379582
Departmental Cruise,RBW6922_20250612_115214.wav,0.9872254933927276,0.7266546418022327,2.0,-33.87182,,69.85844912207922
Croatia: Diver & DPV,RBW6737_20250723_094600.wav,0.916168273401464,0.3974101954950189,4.0,-27.380464553833008,2307_free,4.344150452703568
Croatia: Diver & DPV,RBW6737_20250723_094700.wav,0.8934824084643896,0.5953336649766984,14.0,-46.9420280456543,2307_free,3.3475271360696963
Croatia: Diver & DPV,RBW6737_20250723_094800.wav,0.850385687484014,0.5033380319176265,13.0,-36.46328353881836,2307_free,5.094606946842791
Croatia: Diver & DPV,RBW6737_20250723_094900.wav,0.8113716895284906,0.5032307538567475,5.0,-14.125995635986328,2307_free,32.04181461330091
Croatia: Diver & DPV,RBW6737_20250723_095000.wav,0.8685516755708153,0.5166877349136113,8.0,-15.449334144592283,2307_free,27.690026504900747
Croatia: Diver & DPV,RBW6737_20250723_095100.wav,0.9482204769963556,0.7722079323702588,8.0,-42.96821594238281,2307_free,3.2880745599462413
Croatia: Diver & DPV,RBW6737_20250723_095200.wav,0.9297718763735836,0.8054315769236168,6.0,-39.49858856201172,2307_free,33.055203766821435
Croatia: Diver & DPV,RBW6737_20250723_095300.wav,0.943322297423462,0.724991164494496,4.0,-37.33473205566406,2307_free,354.32841965071333
Croatia: Diver & DPV,RBW6737_20250723_095400.wav,0.8370020838575293,0.5986884872834736,1.0,-27.05091857910156,2307_free,45.45646408243419
Croatia: Diver & DPV,RBW6737_20250723_095500.wav,0.9034084432854508,0.4836950087480774,4.0,-23.63222885131836,2307_free,6.383302869896278
Croatia: Diver & DPV,RBW6737_20250723_095600.wav,0.8069495420288124,0.7038724534219895,116.0,-51.51441955566406,2307_free,2.23566446561403
Croatia: Diver & DPV,RBW6737_20250723_095700.wav,0.9286048756254688,0.2017142798379536,19.0,-18.80697250366211,2307_free,4.990368727282061
Croatia: Diver & DPV,RBW6737_20250723_095800.wav,0.9037925226376138,0.5486353734946999,10.0,-20.61579132080078,2307_free,14.329044244899686
Croatia: Diver & DPV,RBW6737_20250723_095900.wav,0.9982859064219384,0.8208993288491988,27.0,-42.54496765136719,2307_free,9.957562152446275
Croatia: Diver & DPV,RBW6737_20250723_100000.wav,0.9807891951804116,0.7217538411445011,52.0,-42.37353515625,2307_free,7.219610416309965
Croatia: Diver & DPV,RBW6737_20250723_100100.wav,0.9196035185519976,0.8460581168835112,13.0,-43.86006927490234,2307_free,5.833009201274043
Croatia: Diver & DPV,RBW6737_20250723_100200.wav,0.9299937462210096,0.8002001805411405,3.0,-42.76402282714844,2307_free,164.10719527904027
Croatia: Diver & DPV,RBW6737_20250723_100300.wav,0.9484569886300585,0.6769268093166138,3.0,-40.88665008544922,2307_free,510.0926872501191
Croatia: Diver & DPV,RBW6737_20250723_100400.wav,0.9851678963851138,0.8096665263261705,3.0,-43.22871780395508,2307_free,26.62588380801063
Croatia: Diver & DPV,RBW6737_20250723_100500.wav,0.9782550946864712,0.5876474188219003,3.0,-43.265045166015625,2307_free,804.4254762273761
Croatia: Diver & DPV,RBW6737_20250723_100600.wav,0.9914430949961104,0.6730802182667106,4.0,-40.78898620605469,2307_free,346.83886971765133
Croatia: Diver & DPV,RBW6737_20250723_100700.wav,0.97707625425519,0.4507018305767302,3.0,-40.75416946411133,2307_free,334.4333831823973
Croatia: Diver & DPV,RBW6737_20250723_100800.wav,0.9144465780683017,0.6542087344307334,5.0,-41.62693786621094,2307_free,801.2237924711832
Croatia: Diver & DPV,RBW6737_20250723_100900.wav,0.9732481335504284,0.5061207433923827,4.0,-40.277610778808594,2307_free,563.5076876932092
Croatia: Diver & DPV,RBW6737_20250723_101000.wav,0.975097810665448,0.5282833748740648,5.0,-41.96996688842773,2307_free,993.6766911086212
Croatia: Diver & DPV,RBW6737_20250723_101100.wav,0.9839635184706594,0.6730814631320818,2.0,-39.96663284301758,2307_free,437.1858503499103
Croatia: Diver & DPV,RBW6737_20250723_101200.wav,0.9639273935366092,0.6902252613510359,3.0,-40.77667617797852,2307_free,175.6086266820398
Croatia: Diver & DPV,RBW6737_20250723_101300.wav,0.9860204965067572,0.8086778194657351,8.0,-41.24574279785156,2307_free,10.61025034373428
Croatia: Diver & DPV,RBW6737_20250723_101400.wav,0.9924494375977796,0.8290923396631825,47.0,-41.82815933227539,2307_free,6.614513053248065
Croatia: Diver & DPV,RBW6737_20250723_101500.wav,0.940595469643998,0.7698247604250795,8.0,-44.32540130615234,2307_free,7.324994765783033
Croatia: Diver & DPV,RBW6737_20250723_101600.wav,0.8791745015301698,0.6715533388832391,5.0,-45.15468978881836,2307_free,18.170081138649635
Croatia: Diver & DPV,RBW6737_20250723_101700.wav,0.9990210743771816,0.8383243427443897,41.0,-44.23877334594727,2307_free,9.841876633811928
Croatia: Diver & DPV,RBW6737_20250723_101800.wav,0.9334146848650496,0.7588743607529226,20.0,-42.76879119873047,2307_free,19.65326477486816
Croatia: Diver & DPV,RBW6737_20250723_101900.wav,0.8771056720048079,0.7685998757225055,31.0,-41.254432678222656,2307_free,13.618954749912756
Croatia: Diver & DPV,RBW6737_20250723_102000.wav,0.8381869667925961,0.7577557019198794,11.0,-45.38544464111328,2307_free,9.58624591529258
Croatia: Diver & DPV,RBW6737_20250723_102100.wav,0.8603971804474364,0.8077361984978487,37.0,-45.1395263671875,2307_free,4.122911029704574
Croatia: Diver & DPV,RBW6737_20250723_102200.wav,0.8444289817259608,0.8113748814230579,15.0,-46.27889633178711,2307_free,4.048488027816474
Croatia: Diver & DPV,RBW6737_20250723_102300.wav,0.9167093720232358,0.781677939941723,36.0,-42.85374450683594,2307_free,6.05902739514571
Croatia: Diver & DPV,RBW6737_20250723_102400.wav,0.8798338037158149,0.7874674017778651,35.0,-45.31671524047852,2307_free,6.742532759551608
Croatia: Diver & DPV,RBW6737_20250723_102500.wav,0.9097293366696206,0.9153292162768216,3.0,-46.80636596679688,2307_free,9.217044068387027
Croatia: Diver & DPV,RBW6737_20250723_102600.wav,0.9620034864401348,0.9052420646069996,5.0,-46.900299072265625,2307_free,5.443700742934796
Croatia: Diver & DPV,RBW6737_20250723_102700.wav,0.926205895355038,0.9239687746492652,26.0,-41.56100845336914,2307_free,1.9155490684634988
Croatia: Diver & DPV,RBW6737_20250723_102800.wav,0.9493595557568612,0.7908381675776851,124.0,-37.46768951416016,2307_free,3.07873447060812
Croatia: Diver & DPV,RBW6737_20250723_102900.wav,0.8997662713563206,0.8033950456853124,9.0,-42.43292236328125,2307_free,3.8237760792736832
Croatia: Diver & DPV,RBW6737_20250723_103000.wav,0.8870790661200063,0.8125907706537555,40.0,-40.76812744140625,2307_free,4.744858447706675
Croatia: Diver & DPV,RBW6737_20250723_103100.wav,0.992219548301752,0.7858845290728348,37.0,-40.70124816894531,2307_free,7.587088727222915
Croatia: Diver & DPV,RBW6737_20250723_103200.wav,0.9812433272164176,0.8072286550847253,34.0,-41.09845733642578,2307_free,7.450005241587954
Croatia: Diver & DPV,RBW6737_20250723_103300.wav,0.931965292297642,0.8298140564603141,29.0,-41.93966674804688,2307_free,6.986827924925527
Croatia: Diver & DPV,RBW6737_20250723_103400.wav,0.9759912549727182,0.6407039134619152,7.0,-41.09716796875,2307_free,98.6064609165322
Croatia: Diver & DPV,RBW6737_20250723_103500.wav,0.9643867825065254,0.6056508857651656,5.0,-41.645503997802734,2307_free,645.8296189344982
Croatia: Diver & DPV,RBW6737_20250723_103600.wav,0.9038712545530728,0.8087426446741972,37.0,-41.38011932373047,2307_free,8.522982261492688
Croatia: Diver & DPV,RBW6737_20250723_103700.wav,0.9028488786771574,0.894198621909414,59.0,-40.863555908203125,2307_free,6.539454638934746
Croatia: Diver & DPV,RBW6737_20250723_103800.wav,0.9378860360558764,0.8758377144405031,64.0,-42.0066032409668,2307_free,6.555881781375385
Croatia: Diver & DPV,RBW6737_20250723_103900.wav,0.9422882939984376,0.8418176339151483,38.0,-41.940059661865234,2307_free,8.191273306418347
Croatia: Diver & DPV,RBW6737_20250723_104000.wav,0.9225847938274782,0.8101203896881408,43.0,-43.24101257324219,2307_free,7.666020490564494
Croatia: Diver & DPV,RBW6737_20250723_104100.wav,0.931394626469444,0.8942999277400704,4.0,-41.17435836791992,2307_free,14.503744402648284
Croatia: Diver & DPV,RBW6737_20250723_104200.wav,0.9844076673083006,0.8171468534969094,6.0,-42.011966705322266,2307_free,44.31949420416254
Croatia: Diver & DPV,RBW6737_20250723_104300.wav,0.9215670611276848,0.778265070624876,10.0,-41.248046875,2307_free,44.67942600204873
Croatia: Diver & DPV,RBW6737_20250723_104400.wav,0.9437749984030198,0.8220619287613679,4.0,-40.13612747192383,2307_free,37.12223392254202
Croatia: Diver & DPV,RBW6737_20250723_104500.wav,0.9530858523499894,0.7931829344448561,19.0,-38.71256256103516,2307_free,10.005841187001742
Croatia: Diver & DPV,RBW6737_20250723_104600.wav,0.9896878937438468,0.7696023913108307,41.0,-41.19269943237305,2307_free,9.431571643497152
Croatia: Diver & DPV,RBW6737_20250723_104700.wav,0.9834815093383104,0.8250660206116448,36.0,-40.95439529418945,2307_free,9.25557788599624
Croatia: Diver & DPV,RBW6737_20250723_104800.wav,0.9528532342375478,0.7825886836512833,9.0,-41.7817268371582,2307_free,40.67240583990451
Croatia: Diver & DPV,RBW6737_20250723_104900.wav,0.9246840748424108,0.5669722590897972,12.0,-37.04374313354492,2307_free,4.063968201953308
Croatia: Diver & DPV,RBW6737_20250724_091100.wav,0.8120931322200494,0.7435519479058001,148.0,-39.97190475463867,2407_1_600m,2.73570501050404
Croatia: Diver & DPV,RBW6737_20250724_091200.wav,0.8508296160998551,0.7359572120570371,146.0,-40.34253692626953,2407_1_600m,2.3908841190519
Croatia: Diver & DPV,RBW6737_20250724_091300.wav,0.8200493198339598,0.7841369430361288,105.0,-39.84321975708008,2407_1_600m,2.3133729208994143
Croatia: Diver & DPV,RBW6737_20250724_091400.wav,0.7994816930325345,0.747439917847363,158.0,-39.70904159545898,2407_1_600m,2.4826708522444303
Croatia: Diver & DPV,RBW6737_20250724_091500.wav,0.878003246160005,0.7230280685530763,135.0,-36.75079345703125,2407_1_600m,2.511400931560408
Croatia: Diver & DPV,RBW6737_20250724_091600.wav,0.8529357203416802,0.7807861762929993,152.0,-38.033958435058594,2407_1_600m,2.2974426696655077
Croatia: Diver & DPV,RBW6737_20250724_091700.wav,0.7961449904353621,0.7848442260745409,134.0,-39.45493316650391,2407_1_600m,2.5820576003847657
Croatia: Diver & DPV,RBW6737_20250724_091800.wav,0.8286588197626195,0.7784453803557017,4.0,-41.57159805297852,2407_1_600m,3.315402604246864
Croatia: Diver & DPV,RBW6737_20250724_091900.wav,0.8805327802017687,0.814555393573379,3.0,-40.22718048095703,2407_1_600m,5.192401734419378
Croatia: Diver & DPV,RBW6737_20250724_092000.wav,0.9295923010090328,0.8129266038346961,4.0,-38.08745574951172,2407_1_600m,8.840293534185097
Croatia: Diver & DPV,RBW6737_20250724_092100.wav,0.9438060022434498,0.8403192503721567,3.0,-38.78320693969727,2407_1_600m,16.460360460695625
Croatia: Diver & DPV,RBW6737_20250724_092200.wav,0.9023552598645924,0.8294065805307231,3.0,-40.656681060791016,2407_1_600m,21.095709591654025
Croatia: Diver & DPV,RBW6737_20250724_092300.wav,0.9678326920703438,0.8765929171428013,3.0,-39.65356063842773,2407_1_600m,32.078841572065
Croatia: Diver & DPV,RBW6737_20250724_092400.wav,0.9630900541556128,0.8882482239461079,3.0,-38.723758697509766,2407_1_600m,48.76577802816757
Croatia: Diver & DPV,RBW6737_20250724_092500.wav,0.9785687231689062,0.917586994397675,3.0,-40.70867156982422,2407_1_600m,58.00693825711352
Croatia: Diver & DPV,RBW6737_20250724_092600.wav,0.9699739948618508,0.9131248521836158,3.0,-39.45500946044922,2407_1_600m,143.80924994101636
Croatia: Diver & DPV,RBW6737_20250724_092700.wav,0.987834821239478,0.953559146984086,3.0,-39.630855560302734,2407_1_600m,100.23692401145986
Croatia: Diver & DPV,RBW6737_20250724_092800.wav,0.9956597593189422,0.9690104233575496,3.0,-39.986236572265625,2407_1_600m,245.67027247934644
Croatia: Diver & DPV,RBW6737_20250724_092900.wav,0.9999057841909116,0.9594078508191286,3.0,-40.01679992675781,2407_1_600m,349.8430212637585
Croatia: Diver & DPV,RBW6737_20250724_093000.wav,0.9997290120297224,0.9351937782639108,3.0,-39.69673538208008,2407_1_600m,312.2309925879108
Croatia: Diver & DPV,RBW6737_20250724_093100.wav,0.999236828334794,0.8657366731095365,3.0,-40.43151473999024,2407_1_600m,415.5330865915657
Croatia: Diver & DPV,RBW6737_20250724_093200.wav,0.9939431106311426,0.8192702254297811,3.0,-38.90620803833008,2407_1_600m,698.882492699321
Croatia: Diver & DPV,RBW6737_20250724_093300.wav,0.9820167044135968,0.8470482134864956,3.0,-39.338661193847656,2407_1_600m,444.7037238477715
Croatia: Diver & DPV,RBW6737_20250724_093400.wav,0.9589424683222516,0.6523881203707402,4.0,-40.903167724609375,2407_1_600m,785.8544277581177
Croatia: Diver & DPV,RBW6737_20250724_093500.wav,0.9275681443734268,0.6680169218157547,5.0,-39.3601188659668,2407_1_600m,362.72265900495904
Croatia: Diver & DPV,RBW6737_20250724_093600.wav,0.942490697002703,0.8710033932253475,5.0,-39.417518615722656,2407_1_600m,81.9334295754687
Croatia: Diver & DPV,RBW6737_20250724_093700.wav,0.8991376757499804,0.853463195192322,6.0,-40.60493469238281,2407_1_600m,15.1308875925293
Croatia: Diver & DPV,RBW6737_20250724_093800.wav,0.9214334811656364,0.8945737029967824,6.0,-39.07036209106445,2407_1_600m,34.58335956312414
Croatia: Diver & DPV,RBW6737_20250724_093900.wav,0.8702474824729979,0.8386651885088394,7.0,-38.77241516113281,2407_1_600m,16.40821072478602
Croatia: Diver & DPV,RBW6737_20250724_094000.wav,0.926046821371036,0.8811371735129946,5.0,-41.65920639038086,2407_1_600m,25.743101033915423
Croatia: Diver & DPV,RBW6737_20250724_094100.wav,0.8529513164569948,0.831188396374294,5.0,-42.393646240234375,2407_1_600m,12.58007223058097
Croatia: Diver & DPV,RBW6737_20250724_094200.wav,0.8682985453287554,0.8281945605040576,8.0,-41.64591217041016,2407_1_600m,9.67208375038377
Croatia: Diver & DPV,RBW6737_20250724_094300.wav,0.8450237504821448,0.7756713710371025,2.0,-39.74238586425781,2407_1_600m,6.469998089001482
Croatia: Diver & DPV,RBW6737_20250724_094400.wav,0.9125031511897416,0.8640342574166411,2.0,-39.34339141845703,2407_1_600m,99.98202138868712
Croatia: Diver & DPV,RBW6737_20250724_094500.wav,0.999971748596035,0.8464658549092379,2.0,-39.03370666503906,2407_1_600m,186.20311199117413
Croatia: Diver & DPV,RBW6737_20250724_094600.wav,0.9642350864214836,0.8149366674592899,3.0,-41.28570938110352,2407_1_600m,69.89987363706082
Croatia: Diver & DPV,RBW6737_20250724_094700.wav,0.9639546604718088,0.7949879022845122,3.0,-40.469268798828125,2407_1_600m,73.707937964781
Croatia: Diver & DPV,RBW6737_20250724_094800.wav,0.94385711368083,0.8560990456605745,3.0,-39.99958419799805,2407_1_600m,52.82924521282858
Croatia: Diver & DPV,RBW6737_20250724_094900.wav,0.8091973790463015,0.7370774272212895,3.0,-40.82948303222656,2407_1_600m,4.059119726427956
Croatia: Diver & DPV,RBW6737_20250724_095000.wav,0.8449452308841535,0.7919758766314343,8.0,-39.76491928100586,2407_1_600m,4.2502196762085305
Croatia: Diver & DPV,RBW6737_20250724_095100.wav,0.904313387424226,0.8599625347179695,5.0,-39.68929672241211,2407_1_600m,4.359809951833861
Croatia: Diver & DPV,RBW6737_20250724_095200.wav,0.913685124868277,0.8830988057632608,5.0,-39.784854888916016,2407_1_600m,15.6608478447232
Croatia: Diver & DPV,RBW6737_20250724_095300.wav,0.9088104211163316,0.9088464381656164,5.0,-38.79362487792969,2407_1_600m,20.89113674589269
Croatia: Diver & DPV,RBW6737_20250724_095400.wav,0.8717952580904743,0.9376564668277084,4.0,-39.69329452514648,2407_1_600m,11.713622671537824
Croatia: Diver & DPV,RBW6737_20250724_095500.wav,0.9058691497016608,0.8858582158204191,3.0,-39.8348388671875,2407_1_600m,18.53643131475109
Croatia: Diver & DPV,RBW6737_20250724_095600.wav,0.9192761575716336,0.8537109770064982,2.0,-38.80424880981445,2407_1_600m,16.60758674131629
Croatia: Diver & DPV,RBW6737_20250724_095700.wav,0.9305740540796928,0.8926129304665875,2.0,-38.57422637939453,2407_1_600m,24.9948912780426
Croatia: Diver & DPV,RBW6737_20250724_095800.wav,0.8529824670109845,0.833592038402794,8.0,-39.91958236694336,2407_1_600m,4.275443071056875
Croatia: Diver & DPV,RBW6737_20250724_095900.wav,0.8661380105468203,0.7577577113867089,11.0,-38.28166961669922,2407_1_600m,8.458503531201494
Croatia: Diver & DPV,RBW6737_20250724_100000.wav,0.8219957631311087,0.7651395663816126,82.0,-39.54972076416016,2407_1_600m,3.030866883808007
Croatia: Diver & DPV,RBW6737_20250724_100100.wav,0.8110545072613893,0.7505410461890989,4.0,-39.80867004394531,2407_1_600m,5.137763224315959
Croatia: Diver & DPV,RBW6737_20250724_100200.wav,0.8179614956482076,0.7833553581221547,5.0,-40.77435302734375,2407_1_600m,3.910218464109132
Croatia: Diver & DPV,RBW6737_20250724_100300.wav,0.8114364562329323,0.7992324217740543,4.0,-38.9285888671875,2407_1_600m,4.541863657977606
Croatia: Diver & DPV,RBW6737_20250724_100400.wav,0.8300071895516373,0.8054458951374054,3.0,-38.15050506591797,2407_1_600m,13.457015400735258
Croatia: Diver & DPV,RBW6737_20250724_100500.wav,0.8901316955639974,0.8333994166678421,3.0,-37.57578659057617,2407_1_600m,13.834987058841133
Croatia: Diver & DPV,RBW6737_20250724_100600.wav,0.9681429356831966,0.8089673548488405,10.0,-38.76044845581055,2407_1_600m,8.089346012579096
Croatia: Diver & DPV,RBW6737_20250724_100700.wav,0.9352119069537612,0.7881437084655002,19.0,-38.71620941162109,2407_1_600m,3.455458857349396
Croatia: Diver & DPV,RBW6737_20250724_100800.wav,0.9466139699729578,0.7300524175971811,7.0,-11.969651222229004,2407_1_600m,13.904318309126548
Croatia: Diver & DPV,RBW6737_20250724_100900.wav,0.997479258692032,0.8409453715693433,36.0,-3.124972343444824,2407_1_600m,17.91844516908542
Croatia: Diver & DPV,RBW6737_20250724_101000.wav,0.9976013188841923,0.9759862114183536,48.0,-0.8514487147331238,2407_1_600m,13.5552293903818
Croatia: Diver & DPV,RBW6737_20250724_162800.wav,0.9748798998011242,0.6152728611078085,3.0,-42.04883575439453,2407_2_snake,284.2501229823521
Croatia: Diver & DPV,RBW6737_20250724_162900.wav,0.9634464650046092,0.9060020054686184,3.0,-40.178836822509766,2407_2_snake,11.745039781860052
Croatia: Diver & DPV,RBW6737_20250724_163000.wav,0.9795462870189658,0.8128866649318974,16.0,-40.61669921875,2407_2_snake,10.14464312464799
Croatia: Diver & DPV,RBW6737_20250724_163100.wav,0.9946603425738602,0.9457035641645204,3.0,-40.445411682128906,2407_2_snake,210.86487644910832
Croatia: Diver & DPV,RBW6737_20250724_163200.wav,0.9674968385746232,0.875495868219521,3.0,-40.10749816894531,2407_2_snake,20.687483570910096
Croatia: Diver & DPV,RBW6737_20250724_163300.wav,0.9868909971199494,0.8162794662650104,23.0,-39.95191192626953,2407_2_snake,10.66934075220318
Croatia: Diver & DPV,RBW6737_20250724_163400.wav,0.96901392387869,0.8143711081020886,45.0,-40.06450271606445,2407_2_snake,8.754956309506513
Croatia: Diver & DPV,RBW6737_20250724_163500.wav,0.9625803168474194,0.8325401326420168,42.0,-41.490455627441406,2407_2_snake,10.86193175091287
Croatia: Diver & DPV,RBW6737_20250724_163600.wav,0.9744121661910476,0.8653621847412886,3.0,-41.30531692504883,2407_2_snake,38.50606154899756
Croatia: Diver & DPV,RBW6737_20250724_163700.wav,0.9696522247952172,0.8551488693161681,2.0,-40.91777038574219,2407_2_snake,23.55210750641585
Croatia: Diver & DPV,RBW6737_20250724_163800.wav,0.9541520362780708,0.7824244686796757,5.0,-39.93349456787109,2407_2_snake,18.84009704286318
Croatia: Diver & DPV,RBW6737_20250724_163900.wav,0.9667771314025708,0.7350215989239862,20.0,-40.66803741455078,2407_2_snake,10.703420897300363
Croatia: Diver & DPV,RBW6737_20250724_164000.wav,0.9111961004265916,0.7947149902617033,3.0,-39.4447021484375,2407_2_snake,28.67540243566642
Croatia: Diver & DPV,RBW6737_20250724_164100.wav,0.8356205687245003,0.8557768951841984,4.0,-41.83395004272461,2407_2_snake,14.159807070552995
Croatia: Diver & DPV,RBW6737_20250724_164200.wav,0.9855635443684424,0.8624869203614173,37.0,-40.84674835205078,2407_2_snake,11.23538098792145
Croatia: Diver & DPV,RBW6737_20250724_164300.wav,0.9569645179728158,0.795523223085127,21.0,-40.73247528076172,2407_2_snake,11.45905497570942
Croatia: Diver & DPV,RBW6737_20250724_164400.wav,0.9909132542962132,0.8303532384405816,18.0,-39.888973236083984,2407_2_snake,9.918808873903616
Croatia: Diver & DPV,RBW6737_20250724_164500.wav,0.8827778053202993,0.9398265705244554,90.0,-41.173431396484375,2407_2_snake,2.5025512201084683
Croatia: Diver & DPV,RBW6737_20250724_164600.wav,0.9932657026588608,0.8663180873261626,6.0,-41.48552322387695,2407_2_snake,15.698997724311848
Croatia: Diver & DPV,RBW6737_20250724_164700.wav,0.9862409639558468,0.8660252734966964,4.0,-40.87643432617188,2407_2_snake,54.05833731542904
Croatia: Diver & DPV,RBW6737_20250724_164800.wav,0.9488286415998796,0.7591179755018144,3.0,-39.00571060180664,2407_2_snake,369.36266864402177
Croatia: Diver & DPV,RBW6737_20250724_164900.wav,0.939460470085978,0.5287487673626075,5.0,-30.53574752807617,2407_2_snake,445.6796654767421
Croatia: Diver & DPV,RBW6737_20250724_162100.wav,0.96961770546884,0.7036305128938346,6.0,-31.95633888244629,out,26.96558111573218
Croatia: Diver & DPV,RBW6737_20250724_162200.wav,0.8645869892834473,0.6382759659241076,5.0,-23.419841766357425,out,14.051901336995892
Croatia: Diver & DPV,RBW6737_20250724_162300.wav,0.9406732728775286,0.5799813695027264,115.0,-26.43467712402344,out,4.238796963394764
Croatia: Diver & DPV,RBW6737_20250724_162400.wav,0.9470371716735144,0.5007117065156641,7.0,-35.11637878417969,out,23.926546546560395
Croatia: Diver & DPV,RBW6737_20250724_162500.wav,0.9253814823636888,0.6585519305774653,7.0,-41.671043395996094,out,5.782242161097418
Croatia: Diver & DPV,RBW6737_20250724_162600.wav,0.9713597930856944,0.8647508419536027,38.0,-40.585227966308594,out,13.528180685360809
Croatia: Diver & DPV,RBW6737_20250724_162700.wav,0.9876012815956392,0.9408723292605372,64.0,-40.18668365478516,out,13.35504200464062
Croatia: Diver & DPV,RBW6737_20250724_165000.wav,0.9720185269394848,0.7235610479963288,43.0,-34.22770309448242,out,3.316735882371989
Croatia: Diver & DPV,RBW6737_20250724_165100.wav,0.8740734319726166,0.6108079659822828,6.0,-42.52899169921875,out,5.11022749492176
Croatia: Diver & DPV,RBW6737_20250724_165200.wav,0.9123650633242336,0.2384363974994128,10.0,-15.783449172973633,out,5.849975044425478
Croatia: Diver & DPV,RBW6737_20250724_165300.wav,0.9499258931500828,0.4150656974086664,21.0,-14.204225540161133,out,8.512377493729053
Croatia: Diver & DPV,RBW6737_20250724_165400.wav,0.9752583111570492,0.7344213232660376,8.0,-31.234283447265625,out,18.545671135977692
Croatia: Diver & DPV,RBW6737_20250724_165500.wav,0.9465880226632932,0.4515506957473807,13.0,-11.856230735778809,out,15.001538659452644
Croatia: Diver & DPV,RBW6737_20250724_165600.wav,0.9351744513932808,0.2557520894504504,7.0,-20.80083465576172,out,17.365692454508906
Croatia: Diver & DPV,RBW6737_20250724_165700.wav,0.9564681644461438,0.8191661314408627,61.0,-45.10011291503906,out,2.419610708089404
Croatia: Diver & DPV,RBW6737_20250725_080100.wav,0.9755550011502248,0.9789996279094004,116.0,-58.32210159301758,2507_1_1k,2.9943585976879654
Croatia: Diver & DPV,RBW6737_20250725_080200.wav,0.9508386788554803,0.982868932387122,3.0,-57.37598419189453,2507_1_1k,2.727329606300412
Croatia: Diver & DPV,RBW6737_20250725_080300.wav,0.950532865275695,0.955153649301757,3.0,-58.38699722290039,2507_1_1k,7.324404712793483
Croatia: Diver & DPV,RBW6737_20250725_080400.wav,0.960668280709331,0.9714367059197984,152.0,-56.94694137573242,2507_1_1k,3.518379703973741
Croatia: Diver & DPV,RBW6737_20250725_080500.wav,0.9931718992560052,0.9773951812681886,113.0,-58.04450225830078,2507_1_1k,4.151188124315992
Croatia: Diver & DPV,RBW6737_20250725_080600.wav,0.9975081663412758,0.9815746371975126,103.0,-57.94385528564453,2507_1_1k,4.400651749698193
Croatia: Diver & DPV,RBW6737_20250725_080700.wav,0.9890995214346188,0.9705515972062432,140.0,-58.08893585205078,2507_1_1k,3.8323473163960697
Croatia: Diver & DPV,RBW6737_20250725_080800.wav,0.9972429853524428,0.9754989418585656,125.0,-58.14849472045898,2507_1_1k,3.896540353767959
Croatia: Diver & DPV,RBW6737_20250725_080900.wav,0.9726424104312902,0.971460993806363,91.0,-58.531517028808594,2507_1_1k,3.513040912909987
Croatia: Diver & DPV,RBW6737_20250725_081000.wav,0.9267607506003084,0.9309856884638236,3.0,-57.29690170288086,2507_1_1k,21.987747781845776
Croatia: Diver & DPV,RBW6737_20250725_081100.wav,0.971991686682172,0.8849335921326622,3.0,-57.68130493164063,2507_1_1k,55.10551150998119
Croatia: Diver & DPV,RBW6737_20250725_081200.wav,0.948379333260978,0.9089368699612328,3.0,-56.48749923706055,2507_1_1k,58.254340805855584
Croatia: Diver & DPV,RBW6737_20250725_081300.wav,0.940047588312228,0.913550741579896,3.0,-57.63680267333984,2507_1_1k,44.65504161836839
Croatia: Diver & DPV,RBW6737_20250725_081400.wav,0.8799431546218321,0.925902634355808,3.0,-57.01635360717773,2507_1_1k,13.534580740003358
Croatia: Diver & DPV,RBW6737_20250725_081500.wav,0.9807734132175296,0.92489516616731,3.0,-57.92780303955078,2507_1_1k,11.685484578652671
Croatia: Diver & DPV,RBW6737_20250725_081600.wav,0.9736022855321048,0.9043327253543644,3.0,-58.07781982421875,2507_1_1k,5.522071192800529
Croatia: Diver & DPV,RBW6737_20250725_081700.wav,0.9801753829478984,0.9512798317752776,3.0,-56.415626525878906,2507_1_1k,7.516809053161899
Croatia: Diver & DPV,RBW6737_20250725_081800.wav,0.9413658481548688,0.9696370183117526,5.0,-57.631126403808594,2507_1_1k,2.35173880011799
Croatia: Diver & DPV,RBW6737_20250725_081900.wav,0.9649603799686628,0.9164074454420756,4.0,-57.17097854614258,2507_1_1k,3.1261714636856666
Croatia: Diver & DPV,RBW6737_20250725_082000.wav,0.989209125957125,0.9126001429710326,4.0,-57.583961486816406,2507_1_1k,14.757877850588168
Croatia: Diver & DPV,RBW6737_20250725_082100.wav,0.9738736908949984,0.9213297627435536,5.0,-57.839542388916016,2507_1_1k,8.21906048451129
Croatia: Diver & DPV,RBW6737_20250725_082200.wav,0.976071945326765,0.9332453142740192,3.0,-57.3934326171875,2507_1_1k,10.29116595203066
Croatia: Diver & DPV,RBW6737_20250725_082300.wav,0.9669233905171108,0.9510709528958706,5.0,-56.70265579223633,2507_1_1k,6.033076452692368
Croatia: Diver & DPV,RBW6737_20250725_082400.wav,0.9294933064167914,0.9406761062972944,3.0,-56.14400863647461,2507_1_1k,9.584026817297095
Croatia: Diver & DPV,RBW6737_20250725_082500.wav,0.9318135087132126,0.935326772602942,3.0,-56.23285675048828,2507_1_1k,18.22054580757888
Croatia: Diver & DPV,RBW6737_20250725_082600.wav,0.8764655597006712,0.9406512215234945,4.0,-56.42143249511719,2507_1_1k,9.95067668299444
Croatia: Diver & DPV,RBW6737_20250725_082700.wav,0.9408956373966684,0.9089247529538528,3.0,-56.76626205444336,2507_1_1k,8.618395651129038
Croatia: Diver & DPV,RBW6737_20250725_082800.wav,0.9774595903971136,0.9849818842273051,73.0,-55.55916213989258,2507_1_1k,4.0779842631758285
Croatia: Diver & DPV,RBW6737_20250725_082900.wav,0.8969898969135827,0.9379473363531212,3.0,-56.54264068603516,2507_1_1k,12.432773549879665
Croatia: Diver & DPV,RBW6737_20250725_083000.wav,0.9813971996912136,0.9743226657596168,6.0,-56.66753387451172,2507_1_1k,4.483747665085885
Croatia: Diver & DPV,RBW6737_20250725_083100.wav,0.9550165155697002,0.9608289923250204,4.0,-57.259376525878906,2507_1_1k,4.197835624639805
Croatia: Diver & DPV,RBW6737_20250725_083200.wav,0.991003183848294,0.9260706356344014,4.0,-57.28354644775391,2507_1_1k,11.395842708815731
Croatia: Diver & DPV,RBW6737_20250725_083300.wav,0.9972744350923134,0.9044307846919328,4.0,-56.95403671264648,2507_1_1k,18.521628074136352
Croatia: Diver & DPV,RBW6737_20250725_083400.wav,0.9862284442996296,0.9524568176949408,6.0,-56.714473724365234,2507_1_1k,8.915884743433885
Croatia: Diver & DPV,RBW6737_20250725_083500.wav,0.99199291052241,0.8276763460142403,3.0,-57.19503402709961,2507_1_1k,35.614092837155326
Croatia: Diver & DPV,RBW6737_20250725_083600.wav,0.9905759957491118,0.9190423554331484,4.0,-57.344913482666016,2507_1_1k,17.166569052626265
Croatia: Diver & DPV,RBW6737_20250725_083700.wav,0.9902274574512054,0.9497773207428564,4.0,-57.49700546264648,2507_1_1k,7.428722402691742
Croatia: Diver & DPV,RBW6737_20250725_083800.wav,0.9855422948925644,0.9534669981582712,5.0,-57.87240982055664,2507_1_1k,5.882258570638208
Croatia: Diver & DPV,RBW6737_20250725_083900.wav,0.9453142126832498,0.9465672739661324,5.0,-57.42727279663086,2507_1_1k,2.5430728091420947
Croatia: Diver & DPV,RBW6737_20250725_084000.wav,0.927135273006968,0.942718652977037,5.0,-57.61882781982422,2507_1_1k,4.591132039205033
Croatia: Diver & DPV,RBW6737_20250725_084100.wav,0.989470606974138,0.959329401552452,6.0,-57.787879943847656,2507_1_1k,24.454926186504096
Croatia: Diver & DPV,RBW6737_20250725_084200.wav,0.9516770301836948,0.9457134845184052,4.0,-57.77642822265625,2507_1_1k,15.174589202036294
Croatia: Diver & DPV,RBW6737_20250725_084300.wav,0.92062252980408,0.9603864115707754,4.0,-57.83570098876953,2507_1_1k,5.532403975627195
Croatia: Diver & DPV,RBW6737_20250725_084400.wav,0.9998991650729218,0.9645446053065172,5.0,-58.095703125,2507_1_1k,30.608024033530988
Croatia: Diver & DPV,RBW6737_20250725_084500.wav,0.9886225352089648,0.9614326362753088,3.0,-58.015533447265625,2507_1_1k,68.07252000198591
Croatia: Diver & DPV,RBW6737_20250725_084600.wav,0.999359005874313,0.9284943164550338,4.0,-58.03184127807617,2507_1_1k,65.36543399441
Croatia: Diver & DPV,RBW6737_20250725_084700.wav,0.9993714722831428,0.8843115845925217,3.0,-57.8135871887207,2507_1_1k,135.86808632493813
Croatia: Diver & DPV,RBW6737_20250725_084800.wav,0.9759255324449988,0.8332269637435282,4.0,-57.45643997192383,2507_1_1k,160.91121496848965
Croatia: Diver & DPV,RBW6737_20250725_084900.wav,0.9267117003618592,0.6029284540019492,56.0,-20.937965393066406,2507_1_1k,16.975517282881594
Croatia: Diver & DPV,RBW6737_20250725_085000.wav,0.984124351017332,0.8234309141459057,4.0,-57.70658493041992,2507_1_1k,129.08569381089896
Croatia: Diver & DPV,RBW6737_20250725_085100.wav,0.9955714476289916,0.9090836766213812,7.0,-57.86223983764648,2507_1_1k,27.28983232756861
Croatia: Diver & DPV,RBW6737_20250725_085200.wav,0.965852447531536,0.9278747672650822,4.0,-58.11612701416016,2507_1_1k,10.590899880728164
Croatia: Diver & DPV,RBW6737_20250725_085300.wav,0.920192304963016,0.8469918333091147,4.0,-57.68519973754883,2507_1_1k,11.1596888874826
Croatia: Diver & DPV,RBW6737_20250725_085400.wav,0.9431063013078836,0.9538589070923316,4.0,-57.46590423583984,2507_1_1k,5.103257578428664
Croatia: Diver & DPV,RBW6737_20250725_085500.wav,0.9723481555709996,0.9174960656699396,49.0,-56.845733642578125,2507_1_1k,3.250073793667089
Croatia: Diver & DPV,RBW6737_20250725_085600.wav,0.9463608098017292,0.8837864347445943,11.0,-57.524940490722656,2507_1_1k,3.822511570420366
Croatia: Diver & DPV,RBW6737_20250725_085700.wav,0.9475802291625224,0.9001631594223044,3.0,-57.05447769165039,2507_1_1k,13.123437870087198
Croatia: Diver & DPV,RBW6737_20250725_085800.wav,0.968598059370247,0.9862397397319764,131.0,-57.08028793334961,2507_1_1k,2.380994471678168
Croatia: Diver & DPV,RBW6737_20250725_085900.wav,0.9726309420014302,0.964675977429973,173.0,-57.2865104675293,2507_1_1k,2.5182136487510465
Croatia: Diver & DPV,RBW6737_20250725_090000.wav,0.98513713859634,0.9704612237969888,121.0,-56.96036911010742,2507_1_1k,2.712281069680597
Croatia: Diver & DPV,RBW6737_20250725_090100.wav,0.9892487582746802,0.9735876784541077,172.0,-56.86228942871094,2507_1_1k,2.8756493033102366
Croatia: Diver & DPV,RBW6737_20250725_090200.wav,0.9970443062138448,0.974503535283784,149.0,-57.9067268371582,2507_1_1k,3.774784614654956
Croatia: Diver & DPV,RBW6737_20250725_090300.wav,0.9915641200341266,0.9844872163111584,115.0,-57.08829879760742,2507_1_1k,3.0018642604466352
Croatia: Diver & DPV,RBW6737_20250725_090400.wav,0.9770071924136644,0.9650138427414606,4.0,-58.00712585449219,2507_1_1k,6.9230972182054025
Croatia: Diver & DPV,RBW6737_20250725_090500.wav,0.9906905513566588,0.904255047292753,3.0,-58.02141189575195,2507_1_1k,18.55203812370364
Croatia: Diver & DPV,RBW6737_20250725_090600.wav,0.9442907905396548,0.969986369109734,6.0,-57.8618392944336,2507_1_1k,4.124431386433131
Croatia: Diver & DPV,RBW6737_20250725_090700.wav,0.959884146469154,0.9632938334917488,4.0,-57.97932434082031,2507_1_1k,5.165564117680022
Croatia: Diver & DPV,RBW6737_20250725_090800.wav,0.972849269990561,0.9672025559335043,4.0,-58.01978302001953,2507_1_1k,3.834363144985948
Croatia: Diver & DPV,RBW6737_20250725_090900.wav,0.9439308676091462,0.95726518156375,3.0,-58.21644592285156,2507_1_1k,4.677723521820551
Croatia: Diver & DPV,RBW6737_20250725_091000.wav,0.9267838430622384,0.9435145571841704,3.0,-58.23773956298828,2507_1_1k,14.746976290329526
Croatia: Diver & DPV,RBW6737_20250725_091100.wav,0.947998569516371,0.937907687505739,3.0,-58.199127197265625,2507_1_1k,4.817658347623344
Croatia: Diver & DPV,RBW6737_20250725_091200.wav,0.9367966914873076,0.8815130869405223,5.0,-57.80258941650391,2507_1_1k,10.23989410994322
Croatia: Diver & DPV,RBW6737_20250725_091300.wav,0.9115263413865656,0.7482133625304277,8.0,-57.27030944824219,2507_1_1k,11.09658950816514
Croatia: Diver & DPV,RBW6737_20250725_091400.wav,0.8976124750140868,0.7394201812439141,5.0,-55.78668975830078,2507_1_1k,11.383498343136855
Croatia: Diver & DPV,RBW6737_20250725_091500.wav,0.9682856543561508,0.9807962582357024,155.0,-54.19641876220703,2507_1_1k,2.827740829429008
Croatia: Diver & DPV,RBW6737_20250725_091600.wav,0.97566045936301,0.977566139427983,151.0,-57.16865921020508,2507_1_1k,3.306430595290966
Croatia: Diver & DPV,RBW6737_20250725_091700.wav,0.9844787621066106,0.9641799801169592,9.0,-57.02538299560547,2507_1_1k,2.94270260988976
Croatia: Diver & DPV,RBW6737_20250725_091800.wav,0.9791185966312252,0.9449385261377292,10.0,-58.371463775634766,2507_1_1k,7.8271314212487955
Croatia: Diver & DPV,RBW6737_20250725_091900.wav,0.9646765795881744,0.941776664805562,35.0,-58.10161972045898,2507_1_1k,4.036447304353457
Croatia: Diver & DPV,RBW6737_20250725_092000.wav,0.9325766448770526,0.940447643796368,4.0,-58.19756317138672,2507_1_1k,7.282773942270352
Croatia: Diver & DPV,RBW6737_20250725_092100.wav,0.9578256423181268,0.9792307280385036,5.0,-58.31430435180664,2507_1_1k,4.12316137389649
Croatia: Diver & DPV,RBW6737_20250725_092200.wav,0.9732515413983794,0.9838977840037472,7.0,-57.87889862060547,2507_1_1k,2.787310404780521
Croatia: Diver & DPV,RBW6737_20250725_092300.wav,0.9783283269318924,0.974488336121491,6.0,-58.08183288574219,2507_1_1k,3.6475617771067177
Croatia: Diver & DPV,RBW6737_20250725_092400.wav,0.9856807901090796,0.9619012932041888,33.0,-58.22264099121094,2507_1_1k,3.95768596155008
Croatia: Diver & DPV,RBW6737_20250725_092500.wav,0.9658501126749838,0.906656266705268,26.0,-58.03583526611328,2507_1_1k,3.777496998963972
Croatia: Diver & DPV,RBW6737_20250725_092600.wav,0.956490285005734,0.9767684858631206,5.0,-57.9615592956543,2507_1_1k,2.251053681832628
Croatia: Diver & DPV,RBW6737_20250725_092700.wav,0.97766542145334,0.9748836920780762,44.0,-58.091102600097656,2507_1_1k,2.397594260035964
Croatia: Diver & DPV,RBW6737_20250725_092800.wav,0.9684914596946612,0.9348944969557786,10.0,-58.12931823730469,2507_1_1k,4.284579226482466
Croatia: Diver & DPV,RBW6737_20250725_092900.wav,0.983265051543975,0.909162529325906,15.0,-58.12729644775391,2507_1_1k,4.836047461654032
Croatia: Diver & DPV,RBW6737_20250725_093000.wav,0.9567675697328676,0.5605574346775187,3.0,-57.61735916137695,2507_1_1k,58.774092852900814
Croatia: Diver & DPV,RBW6737_20250725_094100.wav,0.922182426449114,0.9123256933063612,3.0,-58.26051330566406,2507_2_joint,8.349605687774453
Croatia: Diver & DPV,RBW6737_20250725_094200.wav,0.9359483015808048,0.9587199716710858,8.0,-58.07242584228516,2507_2_joint,2.5121809388870133
Croatia: Diver & DPV,RBW6737_20250725_094300.wav,0.9255754097313036,0.9479541036646852,6.0,-58.37208557128906,2507_2_joint,4.349245682443192
Croatia: Diver & DPV,RBW6737_20250725_094400.wav,0.9325802319161474,0.7820158718033047,9.0,-58.19319915771485,2507_2_joint,7.717319219008058
Croatia: Diver & DPV,RBW6737_20250725_094500.wav,0.9721238139786906,0.854308637602415,4.0,-58.2485237121582,2507_2_joint,21.279646642552528
Croatia: Diver & DPV,RBW6737_20250725_094600.wav,0.9367189657338612,0.5333630248743497,6.0,-58.29132080078125,2507_2_joint,83.31684221189487
Croatia: Diver & DPV,RBW6737_20250725_094700.wav,0.950267082008704,0.936137707112005,51.0,-58.16381454467773,2507_2_joint,2.891257501673001
Croatia: Diver & DPV,RBW6737_20250725_094800.wav,0.989876262339936,0.6826709952282806,30.0,-46.121315002441406,2507_2_joint,8.895362358201112
Croatia: Diver & DPV,RBW6737_20250725_094900.wav,0.9593175285412592,0.4883463828799557,6.0,-49.23946380615234,2507_2_joint,59.62007106836879
Croatia: Diver & DPV,RBW6737_20250725_095000.wav,0.9587521535142736,0.792651128037139,9.0,-51.08139801025391,2507_2_joint,31.07855888189994
Croatia: Diver & DPV,RBW6737_20250725_095100.wav,0.99533925663427,0.887292225058007,5.0,-57.29605102539063,2507_2_joint,550.6450618334619
Croatia: Diver & DPV,RBW6737_20250725_095200.wav,0.9998933730732212,0.8285973074121574,4.0,-57.667930603027344,2507_2_joint,2523.185219541653
Croatia: Diver & DPV,RBW6737_20250725_095300.wav,0.99353556155477,0.8040875256016305,5.0,-58.136207580566406,2507_2_joint,372.6964566849514
Croatia: Diver & DPV,RBW6737_20250725_095400.wav,0.9999921953892048,0.8917287443268536,6.0,-58.359561920166016,2507_2_joint,261.9169829190523
Croatia: Diver & DPV,RBW6737_20250725_095500.wav,0.9955049154022982,0.8391287740073795,4.0,-58.19657897949219,2507_2_joint,933.4454821157324
Croatia: Diver & DPV,RBW6737_20250725_095600.wav,0.9958576648586208,0.8823345895344246,3.0,-57.96923065185547,2507_2_joint,69.0187046630088
Croatia: Diver & DPV,RBW6737_20250725_095700.wav,0.9683605182342864,0.8980639925034649,24.0,-49.274940490722656,2507_2_joint,15.240887395991956
Croatia: Diver & DPV,RBW6737_20250725_095800.wav,0.9926169053228032,0.8329135882639145,4.0,-54.76638412475586,2507_2_joint,11.857779507922636
Croatia: Diver & DPV,RBW6737_20250725_095900.wav,0.9915285241178649,0.8678847615824559,3.0,-57.790313720703125,2507_2_joint,29.63235781328364
Croatia: Diver & DPV,RBW6737_20250725_100000.wav,0.9842590270698058,0.803032768188114,4.0,-53.133338928222656,2507_2_joint,231.41873608765525
Croatia: Diver & DPV,RBW6737_20250725_100100.wav,0.9655815234282557,0.5361853369630901,4.0,-26.10542678833008,2507_2_joint,159.70745380933454
Croatia: Diver & DPV,RBW6737_20250725_100200.wav,0.9431900657871242,0.954584549526806,51.0,-56.98151397705078,2507_2_joint,6.602598234257488
Croatia: Diver & DPV,RBW6737_20250725_100300.wav,0.9956354433623504,0.8606002351395704,16.0,-57.78271484375,2507_2_joint,16.121672711789913
Croatia: Diver & DPV,RBW6737_20250725_100400.wav,0.9875628230374608,0.9369688141399884,44.0,-56.41058349609375,2507_2_joint,5.832342240669036
Croatia: Diver & DPV,RBW6737_20250725_100500.wav,0.9786348109199118,0.8695793114320312,50.0,-57.52165985107422,2507_2_joint,11.355686547176354
Croatia: Diver & DPV,RBW6737_20250725_100600.wav,0.9619944871145568,0.8748814115756129,22.0,-57.59724044799805,2507_2_joint,8.30884667949787
Croatia: Diver & DPV,RBW6737_20250725_100700.wav,0.9417191544505688,0.5590254627808405,5.0,-58.04814147949219,2507_2_joint,27.374624269692628
Croatia: Diver & DPV,RBW6737_20250725_100800.wav,0.9963813551010868,0.9524678504545842,5.0,-57.399044036865234,2507_2_joint,13.166178967275258
Croatia: Diver & DPV,RBW6737_20250725_100900.wav,0.9157052720916622,0.9326139038961258,18.0,-58.321876525878906,2507_2_joint,6.861394985802289
Croatia: Diver & DPV,RBW6737_20250725_101000.wav,0.8992844858586827,0.9731961297910964,60.0,-57.84616088867188,2507_2_joint,2.7227034794365386
Croatia: Diver & DPV,RBW6737_20250725_101100.wav,0.9683594766081683,0.9825614721846968,43.0,-57.74891662597656,2507_2_joint,2.0119601797164526
Croatia: Diver & DPV,RBW6737_20250725_101200.wav,0.9462848240244024,0.97491078825044,73.0,-57.920021057128906,2507_2_joint,1.9365967004576967
Croatia: Diver & DPV,RBW6737_20250725_101300.wav,0.97945623703133,0.9237633679448396,16.0,-58.02489471435547,2507_2_joint,4.157826767663307
Croatia: Diver & DPV,RBW6737_20250725_101400.wav,0.9532979466405288,0.7175840739823137,3.0,-57.90519714355469,2507_2_joint,1072.1409866390889
Croatia: Diver & DPV,RBW6737_20250725_101500.wav,0.9625460478334608,0.7017828440963741,16.0,-18.280704498291016,2507_2_joint,11.954990128259135
Croatia: Diver & DPV,RBW6737_20250725_101600.wav,0.9429128063299886,0.4124327496036091,40.0,-25.472745895385746,2507_2_joint,2.8443462828006174
Croatia: Diver & DPV,RBW6737_20250725_101700.wav,0.9942746502223996,0.9293986120193568,94.0,-49.15188217163086,2507_2_joint,9.052649587281138
Croatia: Diver & DPV,RBW6737_20250725_101800.wav,0.9960632423298668,0.9325424908938976,50.0,-46.99115753173828,2507_2_joint,12.69703069536783
Croatia: Diver & DPV,RBW6737_20250725_101900.wav,0.9950628051001534,0.9204718358555942,7.0,-47.83932495117188,2507_2_joint,15.96726225185383
Croatia: Diver & DPV,RBW6737_20250725_102000.wav,0.9949217812079284,0.925714561493624,26.0,-44.55059051513672,2507_2_joint,12.460603272526344
Croatia: Diver & DPV,RBW6737_20250725_102100.wav,0.9949512817643704,0.9655473916976298,7.0,-42.539310455322266,2507_2_joint,16.899659060980586
Croatia: Diver & DPV,RBW6737_20250725_102200.wav,0.993116489645932,0.9731178543990356,5.0,-42.28677749633789,2507_2_joint,14.97353088140641
Croatia: Diver & DPV,RBW6737_20250725_102300.wav,0.9967814895629904,0.9697110965458152,12.0,-41.79582214355469,2507_2_joint,11.55375035647493
Croatia: Diver & DPV,RBW6737_20250725_102400.wav,0.9981204411354144,0.9723637602904708,12.0,-42.36968231201172,2507_2_joint,13.866174764374584
Croatia: Diver & DPV,RBW6737_20250725_102500.wav,0.9816174272435142,0.9314383332040576,13.0,-42.22951889038086,2507_2_joint,13.006603878946198
Croatia: Diver & DPV,RBW6737_20250725_102600.wav,0.9333253264841764,0.9708697539369076,3.0,-41.74586868286133,2507_2_joint,16.367797717533247
Croatia: Diver & DPV,RBW6737_20250725_102700.wav,0.9750100039809688,0.96818752120107,2.0,-41.531646728515625,2507_2_joint,22.332905838652792
Croatia: Diver & DPV,RBW6737_20250725_102800.wav,0.9462256876355136,0.955989748537948,2.0,-41.21039581298828,2507_2_joint,23.694458118914
Croatia: Diver & DPV,RBW6737_20250725_102900.wav,0.9921699249868808,0.917951569399712,22.0,-48.71281433105469,2507_2_joint,10.647061562655344
Croatia: Diver & DPV,RBW6737_20250725_103000.wav,0.9586615950034986,0.9650935627168798,45.0,-49.72107696533203,2507_2_joint,15.087549530847353
Hear My Ship: Aux Vessels,Kapetan MRS_09.08.23_160955_20secCPA.wav,0.6180012753095818,0.8545420854075306,63.0,-71.82659149169922,Hear My Ship: Aux Vessels,5.329600811004639
Hear My Ship: Aux Vessels,Kapetan MRS_23.08.23_175306_20secCPA.wav,0.706326057463493,0.8926900765362867,91.0,-77.18579864501953,Hear My Ship: Aux Vessels,4.1877336502075195
Hear My Ship: Aux Vessels,RosacAux_03.08.23_142125_20secCPA.wav,0.39098878130743037,0.8244565797282077,9.0,-76.10943603515625,Hear My Ship: Aux Vessels,18.871057510375977
Hear My Ship: Fishing Boats,Fishing Boats_Full Cabin_03.09.23_133017_20secCPA.wav,0.544900073688884,0.8738861284619949,4.0,-82.43185424804688,Hear My Ship: Fishing Boats,14.316352844238281
Hear My Ship: Fishing Boats,Fishing Boats_Trawler_09.08.23_071037_20secCPA.wav,0.023747067514956956,0.4600051078379842,3.0,-77.73660278320312,Hear My Ship: Fishing Boats,434.6843566894531
