Label,File,Jf,Ja,Bandwidth,Power_dB
Croatia: Diver & DPV,RBW6737_20250723_094600.wav,0.8540130887918197,0.3510578452518979,4.0,-27.380465
Croatia: Diver & DPV,RBW6737_20250723_094700.wav,0.8244961624963839,0.5856359958084748,14.0,-46.942028
Croatia: Diver & DPV,RBW6737_20250723_094800.wav,0.78579119117425,0.49351476667196464,12.0,-36.463284
Croatia: Diver & DPV,RBW6737_20250723_094900.wav,0.8225359953866013,0.4858425888203241,2.0,-14.125996
Croatia: Diver & DPV,RBW6737_20250723_095000.wav,0.8404103759919147,0.4969152678774534,10.0,-15.449334
Croatia: Diver & DPV,RBW6737_20250723_095100.wav,0.933455619839294,0.7607183712829602,18.0,-42.968216
Croatia: Diver & DPV,RBW6737_20250723_095200.wav,0.8973745153390741,0.7268677885975386,6.0,-39.49859
Croatia: Diver & DPV,RBW6737_20250723_095300.wav,0.9085053525815439,0.7510509928391033,4.0,-37.334732
Croatia: Diver & DPV,RBW6737_20250723_095400.wav,0.8002025348723957,0.5891973186352077,3.0,-27.050919
Croatia: Diver & DPV,RBW6737_20250723_095500.wav,0.9043729335231326,0.5252643352103242,45.0,-23.632229
Croatia: Diver & DPV,RBW6737_20250723_095600.wav,0.7118752663648672,0.6319052691846888,5.0,-51.51442
Croatia: Diver & DPV,RBW6737_20250723_095700.wav,0.8728212735108684,0.19455275291569,69.0,-18.806973
Croatia: Diver & DPV,RBW6737_20250723_095800.wav,0.9328181420567535,0.49911070791491813,15.0,-20.615791
Croatia: Diver & DPV,RBW6737_20250723_095900.wav,0.9891734973245954,0.7701435994088115,26.0,-42.544968
Croatia: Diver & DPV,RBW6737_20250723_100000.wav,0.9904174810784223,0.6951292496816778,12.0,-42.373535
Croatia: Diver & DPV,RBW6737_20250723_100100.wav,0.9425926202098176,0.8433673465237569,30.0,-43.86007
Croatia: Diver & DPV,RBW6737_20250723_100200.wav,0.8856178363804741,0.815315249615003,3.0,-42.764023
Croatia: Diver & DPV,RBW6737_20250723_100300.wav,0.9599569447171343,0.6916821671570741,3.0,-40.88665
Croatia: Diver & DPV,RBW6737_20250723_100400.wav,0.9522992117639081,0.8386908822942498,3.0,-43.228718
Croatia: Diver & DPV,RBW6737_20250723_100500.wav,0.9223455331912422,0.6150236605508506,3.0,-43.265045
Croatia: Diver & DPV,RBW6737_20250723_100600.wav,0.9666105140250293,0.6786110881951575,4.0,-40.788986
Croatia: Diver & DPV,RBW6737_20250723_100700.wav,0.9385195601301451,0.46961391743339803,3.0,-40.75417
Croatia: Diver & DPV,RBW6737_20250723_100800.wav,0.8363573700970134,0.6241842980016289,5.0,-41.626938
Croatia: Diver & DPV,RBW6737_20250723_100900.wav,0.9309938434041262,0.5362515148126725,4.0,-40.27761
Croatia: Diver & DPV,RBW6737_20250723_101000.wav,0.933367821376259,0.5496045325015454,5.0,-41.969967
Croatia: Diver & DPV,RBW6737_20250723_101100.wav,0.9668404814509574,0.6875719244375893,2.0,-39.966633
Croatia: Diver & DPV,RBW6737_20250723_101200.wav,0.929139684218118,0.7193002432881284,3.0,-40.776676
Croatia: Diver & DPV,RBW6737_20250723_101300.wav,0.9640022559894209,0.8387950150791167,28.0,-41.245743
Croatia: Diver & DPV,RBW6737_20250723_101400.wav,0.9836501430967974,0.817681137490205,17.0,-41.82816
Croatia: Diver & DPV,RBW6737_20250723_101500.wav,0.9538881095682847,0.7530786701618261,36.0,-44.3254
Croatia: Diver & DPV,RBW6737_20250723_101600.wav,0.8458281252690915,0.6406515789267694,4.0,-45.15469
Croatia: Diver & DPV,RBW6737_20250723_101700.wav,0.9960681563324613,0.8120282594505565,27.0,-44.238773
Croatia: Diver & DPV,RBW6737_20250723_101800.wav,0.9242477520888731,0.7583774641506533,16.0,-42.76879
Croatia: Diver & DPV,RBW6737_20250723_101900.wav,0.9279767153343208,0.6906924849717787,20.0,-41.254433
Croatia: Diver & DPV,RBW6737_20250723_102000.wav,0.8306645481370262,0.6718173940483704,11.0,-45.385445
Croatia: Diver & DPV,RBW6737_20250723_102100.wav,0.8276549100481286,0.7129223475659788,22.0,-45.139526
Croatia: Diver & DPV,RBW6737_20250723_102200.wav,0.8139013715887483,0.7602719275137693,6.0,-46.278896
Croatia: Diver & DPV,RBW6737_20250723_102300.wav,0.9965507657564018,0.7331682495372464,31.0,-42.853745
Croatia: Diver & DPV,RBW6737_20250723_102400.wav,0.9420727991663115,0.7750435458982281,51.0,-45.316715
Croatia: Diver & DPV,RBW6737_20250723_102500.wav,0.8957126087000793,0.8688799079367868,3.0,-46.806366
Croatia: Diver & DPV,RBW6737_20250723_102600.wav,0.9267004770638297,0.883082105682622,5.0,-46.9003
Croatia: Diver & DPV,RBW6737_20250723_102700.wav,0.8644117332935172,0.9186549409753243,52.0,-41.56101
Croatia: Diver & DPV,RBW6737_20250723_102800.wav,0.8930580277727937,0.8052462842658006,124.0,-37.46769
Croatia: Diver & DPV,RBW6737_20250723_102900.wav,0.8616925780756666,0.7999505065358123,9.0,-42.432922
Croatia: Diver & DPV,RBW6737_20250723_103000.wav,0.9336373279317393,0.7958534170507653,8.0,-40.768127
Croatia: Diver & DPV,RBW6737_20250723_103100.wav,0.994402775770117,0.7990263032763635,37.0,-40.70125
Croatia: Diver & DPV,RBW6737_20250723_103200.wav,0.9916835223531087,0.8336389818471037,24.0,-41.098457
Croatia: Diver & DPV,RBW6737_20250723_103300.wav,0.9436599507517536,0.8280339371608204,26.0,-41.939667
Croatia: Diver & DPV,RBW6737_20250723_103400.wav,0.932077506033593,0.671311634542518,7.0,-41.097168
Croatia: Diver & DPV,RBW6737_20250723_103500.wav,0.9118190284184552,0.627091563398006,5.0,-41.645504
Croatia: Diver & DPV,RBW6737_20250723_103600.wav,0.8361734079003055,0.8225584784338554,15.0,-41.38012
Croatia: Diver & DPV,RBW6737_20250723_103700.wav,0.8581588409918849,0.8384254009342008,11.0,-40.863556
Croatia: Diver & DPV,RBW6737_20250723_103800.wav,0.9523635875997988,0.8701677078319477,33.0,-42.006603
Croatia: Diver & DPV,RBW6737_20250723_103900.wav,0.98860265346973,0.8382417858671776,22.0,-41.94006
Croatia: Diver & DPV,RBW6737_20250723_104000.wav,0.8891738315938337,0.7875200702923485,29.0,-43.241013
Croatia: Diver & DPV,RBW6737_20250723_104100.wav,0.877423541826771,0.8700869123119207,22.0,-41.17436
Croatia: Diver & DPV,RBW6737_20250723_104200.wav,0.9785035057630815,0.8409047269772719,6.0,-42.011967
Croatia: Diver & DPV,RBW6737_20250723_104300.wav,0.8750690778708842,0.8153098281783905,10.0,-41.248047
Croatia: Diver & DPV,RBW6737_20250723_104400.wav,0.9067702475536695,0.8267212532492638,4.0,-40.136127
Croatia: Diver & DPV,RBW6737_20250723_104500.wav,0.9620347968588513,0.778191402917499,19.0,-38.712563
Croatia: Diver & DPV,RBW6737_20250723_104600.wav,0.9886049932357595,0.7553366492638579,30.0,-41.1927
Croatia: Diver & DPV,RBW6737_20250723_104700.wav,0.9550735443837234,0.8108492633370029,31.0,-40.954395
Croatia: Diver & DPV,RBW6737_20250723_104800.wav,0.9099673314783866,0.8095579696768027,9.0,-41.781727
Croatia: Diver & DPV,RBW6737_20250723_104900.wav,0.882190267844858,0.5836235054560203,12.0,-37.043743
Croatia: Diver & DPV,RBW6737_20250724_091100.wav,0.7064428223404698,0.7073669736610079,148.0,-39.971905
Croatia: Diver & DPV,RBW6737_20250724_091200.wav,0.798656528629909,0.715646920073938,146.0,-40.342537
Croatia: Diver & DPV,RBW6737_20250724_091300.wav,0.8060190734237153,0.7570375934577807,105.0,-39.84322
Croatia: Diver & DPV,RBW6737_20250724_091400.wav,0.7893102053350289,0.7176791381787951,158.0,-39.70904
Croatia: Diver & DPV,RBW6737_20250724_091500.wav,0.8072192208058814,0.6905113359949103,135.0,-36.750793
Croatia: Diver & DPV,RBW6737_20250724_091600.wav,0.8174547123030952,0.7597355676233856,152.0,-38.03396
Croatia: Diver & DPV,RBW6737_20250724_091700.wav,0.6919896405210061,0.7517810709541836,134.0,-39.454933
Croatia: Diver & DPV,RBW6737_20250724_091800.wav,0.7299482985335911,0.7255009346007784,4.0,-41.571598
Croatia: Diver & DPV,RBW6737_20250724_091900.wav,0.7878839597351996,0.7810989870598718,3.0,-40.22718
Croatia: Diver & DPV,RBW6737_20250724_092000.wav,0.8808615481284541,0.7668013637107786,4.0,-38.087456
Croatia: Diver & DPV,RBW6737_20250724_092100.wav,0.8589546323928062,0.7873097677100861,3.0,-38.783207
Croatia: Diver & DPV,RBW6737_20250724_092200.wav,0.830340321422086,0.7688561354776566,3.0,-40.65668
Croatia: Diver & DPV,RBW6737_20250724_092300.wav,0.9008304359185971,0.8272206636221836,3.0,-39.65356
Croatia: Diver & DPV,RBW6737_20250724_092400.wav,0.885493498795738,0.8424122082717339,3.0,-38.72376
Croatia: Diver & DPV,RBW6737_20250724_092500.wav,0.937926260001066,0.8801306535944494,3.0,-40.70867
Croatia: Diver & DPV,RBW6737_20250724_092600.wav,0.9207122465166301,0.9103899415104694,3.0,-39.45501
Croatia: Diver & DPV,RBW6737_20250724_092700.wav,0.9373579104218098,0.9326103295058398,3.0,-39.630856
Croatia: Diver & DPV,RBW6737_20250724_092800.wav,0.9739258632538031,0.9691807866323239,3.0,-39.986237
Croatia: Diver & DPV,RBW6737_20250724_092900.wav,0.9910367568507944,0.9541863047249826,3.0,-40.0168
Croatia: Diver & DPV,RBW6737_20250724_093000.wav,0.9867837713880405,0.9355487682277758,3.0,-39.696735
Croatia: Diver & DPV,RBW6737_20250724_093100.wav,0.9908620289643483,0.8670864831210022,3.0,-40.431515
Croatia: Diver & DPV,RBW6737_20250724_093200.wav,0.984416358016103,0.8213912821908792,3.0,-38.906208
Croatia: Diver & DPV,RBW6737_20250724_093300.wav,0.969589363892282,0.8559235215964041,3.0,-39.33866
Croatia: Diver & DPV,RBW6737_20250724_093400.wav,0.9076326318962326,0.688960235343136,4.0,-40.903168
Croatia: Diver & DPV,RBW6737_20250724_093500.wav,0.876939051285265,0.7029049194405346,5.0,-39.36012
Croatia: Diver & DPV,RBW6737_20250724_093600.wav,0.8877587342601445,0.8806507864953063,5.0,-39.41752
Croatia: Diver & DPV,RBW6737_20250724_093700.wav,0.7912848750660508,0.8597248504381997,7.0,-40.604935
Croatia: Diver & DPV,RBW6737_20250724_093800.wav,0.808206976841472,0.8783572425383449,6.0,-39.070362
Croatia: Diver & DPV,RBW6737_20250724_093900.wav,0.762235576223221,0.7959253271568864,7.0,-38.772415
Croatia: Diver & DPV,RBW6737_20250724_094000.wav,0.8371895480602669,0.8711530759188831,5.0,-41.659206
Croatia: Diver & DPV,RBW6737_20250724_094100.wav,0.7417019732410948,0.7948609471754989,5.0,-42.393646
Croatia: Diver & DPV,RBW6737_20250724_094200.wav,0.7617541307782089,0.7879110243052055,8.0,-41.645912
Croatia: Diver & DPV,RBW6737_20250724_094300.wav,0.8147802562598643,0.7284573636794981,2.0,-39.742386
Croatia: Diver & DPV,RBW6737_20250724_094400.wav,0.9121370536269066,0.8645803783470885,2.0,-39.34339
Croatia: Diver & DPV,RBW6737_20250724_094500.wav,0.9876311186296295,0.8442356159407808,2.0,-39.033707
Croatia: Diver & DPV,RBW6737_20250724_094600.wav,0.9488656663590532,0.8276635582397418,3.0,-41.28571
Croatia: Diver & DPV,RBW6737_20250724_094700.wav,0.9412353207259382,0.7798702820320039,3.0,-40.46927
Croatia: Diver & DPV,RBW6737_20250724_094800.wav,0.9125817087856044,0.8336886241101557,3.0,-39.999584
Croatia: Diver & DPV,RBW6737_20250724_094900.wav,0.7059109885775543,0.7068222993798976,3.0,-40.829483
Croatia: Diver & DPV,RBW6737_20250724_095000.wav,0.7617120311906106,0.750048177809188,8.0,-39.76492
Croatia: Diver & DPV,RBW6737_20250724_095100.wav,0.8348543989578681,0.8208955106800907,5.0,-39.689297
Croatia: Diver & DPV,RBW6737_20250724_095200.wav,0.81936495288484,0.8760032528471916,5.0,-39.784855
Croatia: Diver & DPV,RBW6737_20250724_095300.wav,0.8414443026020916,0.9077119333398821,5.0,-38.793625
Croatia: Diver & DPV,RBW6737_20250724_095400.wav,0.7856506440454983,0.9076879633230458,4.0,-39.693295
Croatia: Diver & DPV,RBW6737_20250724_095500.wav,0.8817906194219072,0.8735454784825613,3.0,-39.83484
Croatia: Diver & DPV,RBW6737_20250724_095600.wav,0.9006118736560316,0.8235669005617982,2.0,-38.80425
Croatia: Diver & DPV,RBW6737_20250724_095700.wav,0.897710630663195,0.8671523240532711,2.0,-38.574226
Croatia: Diver & DPV,RBW6737_20250724_095800.wav,0.7522472976057633,0.7941192445241695,8.0,-39.919582
Croatia: Diver & DPV,RBW6737_20250724_095900.wav,0.8837495436820643,0.7389193637124222,11.0,-38.28167
Croatia: Diver & DPV,RBW6737_20250724_100000.wav,0.747731713470443,0.7247113831366209,82.0,-39.54972
Croatia: Diver & DPV,RBW6737_20250724_100100.wav,0.7373097680936911,0.7206668092836734,4.0,-39.80867
Croatia: Diver & DPV,RBW6737_20250724_100200.wav,0.7102538535159414,0.7435494040974305,5.0,-40.774353
Croatia: Diver & DPV,RBW6737_20250724_100300.wav,0.7658042668165662,0.7772774497483711,4.0,-38.92859
Croatia: Diver & DPV,RBW6737_20250724_100400.wav,0.7394685675860956,0.7783841193331305,3.0,-38.150505
Croatia: Diver & DPV,RBW6737_20250724_100500.wav,0.7875017296086404,0.8133267183094087,3.0,-37.575787
Croatia: Diver & DPV,RBW6737_20250724_100600.wav,0.9377947039868304,0.8498735941353046,10.0,-38.76045
Croatia: Diver & DPV,RBW6737_20250724_100700.wav,0.9130226459589829,0.807159508304988,23.0,-38.71621
Croatia: Diver & DPV,RBW6737_20250724_100800.wav,0.9636169334885758,0.71163068342701,5.0,-11.969651
Croatia: Diver & DPV,RBW6737_20250724_100900.wav,0.9975507792063407,0.8568512841618011,28.0,-3.1249723
Croatia: Diver & DPV,RBW6737_20250724_101000.wav,0.9984712950781818,0.9617565280040044,32.0,-0.8514487
Croatia: Diver & DPV,RBW6737_20250724_162800.wav,0.91954749712538,0.6712561124979551,3.0,-42.048836
Croatia: Diver & DPV,RBW6737_20250724_162900.wav,0.9428333249340685,0.8942577453692545,10.0,-40.178837
Croatia: Diver & DPV,RBW6737_20250724_163000.wav,0.9447919280125676,0.8555181645879936,63.0,-40.6167
Croatia: Diver & DPV,RBW6737_20250724_163100.wav,0.9767740589703587,0.9519191298960378,3.0,-40.44541
Croatia: Diver & DPV,RBW6737_20250724_163200.wav,0.928156492064001,0.8786343668245973,3.0,-40.1075
Croatia: Diver & DPV,RBW6737_20250724_163300.wav,0.9858655503991379,0.7969335231731037,34.0,-39.951912
Croatia: Diver & DPV,RBW6737_20250724_163400.wav,0.9519379356780973,0.7877506473185313,13.0,-40.064503
Croatia: Diver & DPV,RBW6737_20250724_163500.wav,0.9243699478273228,0.8252217651861408,66.0,-41.490456
Croatia: Diver & DPV,RBW6737_20250724_163600.wav,0.927879125888149,0.8292443563529036,3.0,-41.305317
Croatia: Diver & DPV,RBW6737_20250724_163700.wav,0.9336274485366483,0.8832482034382938,2.0,-40.91777
Croatia: Diver & DPV,RBW6737_20250724_163800.wav,0.9094702487255732,0.7936098538121167,5.0,-39.933495
Croatia: Diver & DPV,RBW6737_20250724_163900.wav,0.9828580652432825,0.7374025450310663,19.0,-40.668037
Croatia: Diver & DPV,RBW6737_20250724_164000.wav,0.8654850367761795,0.8223435938286673,3.0,-39.444702
Croatia: Diver & DPV,RBW6737_20250724_164100.wav,0.7898754255051049,0.8324999646561219,4.0,-41.83395
Croatia: Diver & DPV,RBW6737_20250724_164200.wav,0.9878097274063027,0.8791455990467173,92.0,-40.84675
Croatia: Diver & DPV,RBW6737_20250724_164300.wav,0.9827932384645678,0.8187535169928465,13.0,-40.732475
Croatia: Diver & DPV,RBW6737_20250724_164400.wav,0.980592261253229,0.8281847711065068,36.0,-39.888973
Croatia: Diver & DPV,RBW6737_20250724_164500.wav,0.8494734655642017,0.9213071313178688,123.0,-41.17343
Croatia: Diver & DPV,RBW6737_20250724_164600.wav,0.9874756824504115,0.8671887323355346,6.0,-41.485523
Croatia: Diver & DPV,RBW6737_20250724_164700.wav,0.9758163976428812,0.8668442730556342,4.0,-40.876434
Croatia: Diver & DPV,RBW6737_20250724_164800.wav,0.9330419150376305,0.7678684741346236,3.0,-39.00571
Croatia: Diver & DPV,RBW6737_20250724_164900.wav,0.9037664673602218,0.5231999341044916,5.0,-30.535748
Croatia: Diver & DPV,RBW6737_20250724_162100.wav,0.9354949758261785,0.7147092745468698,6.0,-31.956339
Croatia: Diver & DPV,RBW6737_20250724_162200.wav,0.8144422697428841,0.6118576349018771,2.0,-23.419842
Croatia: Diver & DPV,RBW6737_20250724_162300.wav,0.9017926040381643,0.5627120224625407,21.0,-26.434677
Croatia: Diver & DPV,RBW6737_20250724_162400.wav,0.9787060192143137,0.5206063522847041,5.0,-35.11638
Croatia: Diver & DPV,RBW6737_20250724_162500.wav,0.9056273583255514,0.6940768118132824,7.0,-41.671043
Croatia: Diver & DPV,RBW6737_20250724_162600.wav,0.9599120282784991,0.8415960719002261,18.0,-40.585228
Croatia: Diver & DPV,RBW6737_20250724_162700.wav,0.9789699285715822,0.9418252264338679,67.0,-40.186684
Croatia: Diver & DPV,RBW6737_20250724_165000.wav,0.973409191850021,0.7541571135656865,28.0,-34.227703
Croatia: Diver & DPV,RBW6737_20250724_165100.wav,0.8254740306359039,0.5860257881453332,6.0,-42.52899
Croatia: Diver & DPV,RBW6737_20250724_165200.wav,0.8264830397612933,0.22443878948945292,7.0,-15.783449
Croatia: Diver & DPV,RBW6737_20250724_165300.wav,0.8990557729426459,0.38963874763894485,5.0,-14.204226
Croatia: Diver & DPV,RBW6737_20250724_165400.wav,0.9429780193786811,0.6519145343335176,4.0,-31.234283
Croatia: Diver & DPV,RBW6737_20250724_165500.wav,0.9013736227475256,0.4464947554847283,11.0,-11.856231
Croatia: Diver & DPV,RBW6737_20250724_165600.wav,0.8833632701207391,0.24760059052193087,6.0,-20.800835
Croatia: Diver & DPV,RBW6737_20250724_165700.wav,0.9428210530193089,0.8254579177002274,8.0,-45.100113
Croatia: Diver & DPV,RBW6737_20250725_080100.wav,0.9755550011502248,0.9789996279094004,116.0,-58.3221
Croatia: Diver & DPV,RBW6737_20250725_080200.wav,0.9508386788554803,0.982868932387122,3.0,-57.375984
Croatia: Diver & DPV,RBW6737_20250725_080300.wav,0.950532865275695,0.955153649301757,3.0,-58.386997
Croatia: Diver & DPV,RBW6737_20250725_080400.wav,0.960668280709331,0.9714367059197984,152.0,-56.94694
Croatia: Diver & DPV,RBW6737_20250725_080500.wav,0.9931718992560051,0.9773951812681886,113.0,-58.044502
Croatia: Diver & DPV,RBW6737_20250725_080600.wav,0.9975081663412758,0.9815746371975126,103.0,-57.943855
Croatia: Diver & DPV,RBW6737_20250725_080700.wav,0.9807785225620346,0.9707817620154442,140.0,-58.088936
Croatia: Diver & DPV,RBW6737_20250725_080800.wav,0.9972429853524428,0.9754989418585657,125.0,-58.148495
Croatia: Diver & DPV,RBW6737_20250725_080900.wav,0.9726424104312902,0.971460993806363,91.0,-58.531517
Croatia: Diver & DPV,RBW6737_20250725_081000.wav,0.8954880827590984,0.9350829027219246,3.0,-57.2969
Croatia: Diver & DPV,RBW6737_20250725_081100.wav,0.9572334291478398,0.8912925526952157,3.0,-57.681305
Croatia: Diver & DPV,RBW6737_20250725_081200.wav,0.9375201084253266,0.9135027603656588,3.0,-56.4875
Croatia: Diver & DPV,RBW6737_20250725_081300.wav,0.9352444254904229,0.9144836852038947,3.0,-57.636803
Croatia: Diver & DPV,RBW6737_20250725_081400.wav,0.8619427229553708,0.9287486085428432,3.0,-57.016354
Croatia: Diver & DPV,RBW6737_20250725_081500.wav,0.961394841368084,0.9268231143830787,3.0,-57.927803
Croatia: Diver & DPV,RBW6737_20250725_081600.wav,0.9488792076111249,0.9057270361504242,3.0,-58.07782
Croatia: Diver & DPV,RBW6737_20250725_081700.wav,0.9682114979973228,0.9513326076189211,3.0,-56.415627
Croatia: Diver & DPV,RBW6737_20250725_081800.wav,0.8963220215405866,0.9675162394723755,3.0,-57.631126
Croatia: Diver & DPV,RBW6737_20250725_081900.wav,0.9396714700740586,0.9279046344507081,4.0,-57.17098
Croatia: Diver & DPV,RBW6737_20250725_082000.wav,0.9793395134278694,0.9130046799382919,4.0,-57.58396
Croatia: Diver & DPV,RBW6737_20250725_082100.wav,0.9553972750926554,0.9244328901903048,5.0,-57.839542
Croatia: Diver & DPV,RBW6737_20250725_082200.wav,0.976071945326765,0.9332453142740191,3.0,-57.393433
Croatia: Diver & DPV,RBW6737_20250725_082300.wav,0.9323156596557868,0.9547627059641121,5.0,-56.702656
Croatia: Diver & DPV,RBW6737_20250725_082400.wav,0.8444926579056213,0.9394150666426144,3.0,-56.14401
Croatia: Diver & DPV,RBW6737_20250725_082500.wav,0.8585041205174134,0.9370913763676924,3.0,-56.232857
Croatia: Diver & DPV,RBW6737_20250725_082600.wav,0.8084158483099588,0.9221840131147522,3.0,-56.421432
Croatia: Diver & DPV,RBW6737_20250725_082700.wav,0.8957492678542996,0.9146339305106824,3.0,-56.766262
Croatia: Diver & DPV,RBW6737_20250725_082800.wav,0.9441840428693516,0.9868778363915472,73.0,-55.559162
Croatia: Diver & DPV,RBW6737_20250725_082900.wav,0.8969898969135827,0.9379473363531212,3.0,-56.54264
Croatia: Diver & DPV,RBW6737_20250725_083000.wav,0.9813971996912136,0.9743226657596168,6.0,-56.667534
Croatia: Diver & DPV,RBW6737_20250725_083100.wav,0.9509169362563473,0.9589777645376962,4.0,-57.259377
Croatia: Diver & DPV,RBW6737_20250725_083200.wav,0.991003183848294,0.9260706356344014,4.0,-57.283546
Croatia: Diver & DPV,RBW6737_20250725_083300.wav,0.9972744350923134,0.9044307846919327,4.0,-56.954037
Croatia: Diver & DPV,RBW6737_20250725_083400.wav,0.9862284442996295,0.9524568176949408,6.0,-56.714474
Croatia: Diver & DPV,RBW6737_20250725_083500.wav,0.9919929105224101,0.8276763460142403,3.0,-57.195034
Croatia: Diver & DPV,RBW6737_20250725_083600.wav,0.9905759957491118,0.9190423554331484,4.0,-57.344913
Croatia: Diver & DPV,RBW6737_20250725_083700.wav,0.9902274574512054,0.9497773207428565,4.0,-57.497005
Croatia: Diver & DPV,RBW6737_20250725_083800.wav,0.9790274882038679,0.9536373598992242,5.0,-57.87241
Croatia: Diver & DPV,RBW6737_20250725_083900.wav,0.9379832790991113,0.9459993102770942,5.0,-57.427273
Croatia: Diver & DPV,RBW6737_20250725_084000.wav,0.9271352730069679,0.942718652977037,5.0,-57.618828
Croatia: Diver & DPV,RBW6737_20250725_084100.wav,0.9894706069741379,0.959329401552452,6.0,-57.78788
Croatia: Diver & DPV,RBW6737_20250725_084200.wav,0.9516770301836948,0.9457134845184051,4.0,-57.77643
Croatia: Diver & DPV,RBW6737_20250725_084300.wav,0.9206225298040799,0.9603864115707754,4.0,-57.8357
Croatia: Diver & DPV,RBW6737_20250725_084400.wav,0.9998991650729218,0.9645446053065173,5.0,-58.095703
Croatia: Diver & DPV,RBW6737_20250725_084500.wav,0.9886225352089647,0.9614326362753088,3.0,-58.015533
Croatia: Diver & DPV,RBW6737_20250725_084600.wav,0.999359005874313,0.9284943164550338,4.0,-58.03184
Croatia: Diver & DPV,RBW6737_20250725_084700.wav,0.9993714722831427,0.8843115845925217,3.0,-57.813587
Croatia: Diver & DPV,RBW6737_20250725_084800.wav,0.971095176909492,0.8343270457077279,4.0,-57.45644
Croatia: Diver & DPV,RBW6737_20250725_084900.wav,0.9275342773491583,0.5976910117865127,54.0,-20.937965
Croatia: Diver & DPV,RBW6737_20250725_085000.wav,0.9841243510173321,0.8234309141459057,4.0,-57.706585
Croatia: Diver & DPV,RBW6737_20250725_085100.wav,0.9955714476289916,0.9090836766213811,7.0,-57.86224
Croatia: Diver & DPV,RBW6737_20250725_085200.wav,0.9616130219598517,0.928856692764907,4.0,-58.116127
Croatia: Diver & DPV,RBW6737_20250725_085300.wav,0.9201923049630159,0.8469918333091147,4.0,-57.6852
Croatia: Diver & DPV,RBW6737_20250725_085400.wav,0.9318027717591094,0.9537509367927548,4.0,-57.465904
Croatia: Diver & DPV,RBW6737_20250725_085500.wav,0.9723481555709995,0.9174960656699395,49.0,-56.845734
Croatia: Diver & DPV,RBW6737_20250725_085600.wav,0.9079795584612705,0.8777747196160949,3.0,-57.52494
Croatia: Diver & DPV,RBW6737_20250725_085700.wav,0.935423542589309,0.9057955191246484,3.0,-57.054478
Croatia: Diver & DPV,RBW6737_20250725_085800.wav,0.968598059370247,0.9862397397319765,131.0,-57.080288
Croatia: Diver & DPV,RBW6737_20250725_085900.wav,0.9651223288530265,0.9656945034290101,173.0,-57.28651
Croatia: Diver & DPV,RBW6737_20250725_090000.wav,0.9832155439755312,0.9704250572670651,121.0,-56.96037
Croatia: Diver & DPV,RBW6737_20250725_090100.wav,0.9892487582746802,0.9735876784541077,172.0,-56.86229
Croatia: Diver & DPV,RBW6737_20250725_090200.wav,0.9970443062138448,0.9745035352837839,149.0,-57.906727
Croatia: Diver & DPV,RBW6737_20250725_090300.wav,0.9915641200341266,0.9844872163111583,115.0,-57.0883
Croatia: Diver & DPV,RBW6737_20250725_090400.wav,0.9522093199007009,0.9612326021946885,4.0,-58.007126
Croatia: Diver & DPV,RBW6737_20250725_090500.wav,0.9906905513566587,0.904255047292753,3.0,-58.02141
Croatia: Diver & DPV,RBW6737_20250725_090600.wav,0.9166010769746089,0.9711273951737803,6.0,-57.86184
Croatia: Diver & DPV,RBW6737_20250725_090700.wav,0.9437184220182401,0.9645747569600639,4.0,-57.979324
Croatia: Diver & DPV,RBW6737_20250725_090800.wav,0.9682012865706978,0.9682379883826376,4.0,-58.019783
Croatia: Diver & DPV,RBW6737_20250725_090900.wav,0.9439308676091462,0.95726518156375,3.0,-58.216446
Croatia: Diver & DPV,RBW6737_20250725_091000.wav,0.9267838430622385,0.9435145571841703,3.0,-58.23774
Croatia: Diver & DPV,RBW6737_20250725_091100.wav,0.9418782806932139,0.9401562479533219,3.0,-58.199127
Croatia: Diver & DPV,RBW6737_20250725_091200.wav,0.9386947824051995,0.8842947638335167,5.0,-57.80259
Croatia: Diver & DPV,RBW6737_20250725_091300.wav,0.8604448593278179,0.715081577101393,4.0,-57.27031
Croatia: Diver & DPV,RBW6737_20250725_091400.wav,0.8672156170591024,0.7164369722955432,5.0,-55.78669
Croatia: Diver & DPV,RBW6737_20250725_091500.wav,0.9580889293216223,0.980534936815241,155.0,-54.19642
Croatia: Diver & DPV,RBW6737_20250725_091600.wav,0.9738424101747851,0.9752110184382022,151.0,-57.16866
Croatia: Diver & DPV,RBW6737_20250725_091700.wav,0.9844787621066106,0.9641799801169592,9.0,-57.025383
Croatia: Diver & DPV,RBW6737_20250725_091800.wav,0.9791185966312251,0.9449385261377291,10.0,-58.371464
Croatia: Diver & DPV,RBW6737_20250725_091900.wav,0.9646765795881743,0.941776664805562,35.0,-58.10162
Croatia: Diver & DPV,RBW6737_20250725_092000.wav,0.9281039671085095,0.9416958381754231,4.0,-58.197563
Croatia: Diver & DPV,RBW6737_20250725_092100.wav,0.9578256423181267,0.9792307280385036,5.0,-58.314304
Croatia: Diver & DPV,RBW6737_20250725_092200.wav,0.9732515413983794,0.9838977840037472,7.0,-57.8789
Croatia: Diver & DPV,RBW6737_20250725_092300.wav,0.9783283269318925,0.974488336121491,6.0,-58.081833
Croatia: Diver & DPV,RBW6737_20250725_092400.wav,0.9856807901090795,0.9619012932041887,33.0,-58.22264
Croatia: Diver & DPV,RBW6737_20250725_092500.wav,0.9658501126749838,0.9066562667052679,26.0,-58.035835
Croatia: Diver & DPV,RBW6737_20250725_092600.wav,0.9564902850057341,0.9767684858631206,5.0,-57.96156
Croatia: Diver & DPV,RBW6737_20250725_092700.wav,0.9727018872343322,0.9752561917466324,44.0,-58.091103
Croatia: Diver & DPV,RBW6737_20250725_092800.wav,0.9684914596946613,0.9348944969557786,10.0,-58.12932
Croatia: Diver & DPV,RBW6737_20250725_092900.wav,0.983265051543975,0.9091625293259061,15.0,-58.127296
Croatia: Diver & DPV,RBW6737_20250725_093000.wav,0.9518843875609996,0.5609434339102414,3.0,-57.61736
Croatia: Diver & DPV,RBW6737_20250725_094100.wav,0.8803476136172447,0.9161777827665561,3.0,-58.260513
Croatia: Diver & DPV,RBW6737_20250725_094200.wav,0.8980947162410097,0.9612139807399247,10.0,-58.072426
Croatia: Diver & DPV,RBW6737_20250725_094300.wav,0.9222045427497512,0.9480189839984732,6.0,-58.372086
Croatia: Diver & DPV,RBW6737_20250725_094400.wav,0.9068386505064185,0.7630845943031762,7.0,-58.1932
Croatia: Diver & DPV,RBW6737_20250725_094500.wav,0.9494396371986961,0.8160619886575923,11.0,-58.248524
Croatia: Diver & DPV,RBW6737_20250725_094600.wav,0.9190085066989168,0.5559193358912714,6.0,-58.29132
Croatia: Diver & DPV,RBW6737_20250725_094700.wav,0.9168382607401743,0.924349483636122,33.0,-58.163815
Croatia: Diver & DPV,RBW6737_20250725_094800.wav,0.9879580345724003,0.603431194999369,55.0,-46.121315
Croatia: Diver & DPV,RBW6737_20250725_094900.wav,0.9423803195350878,0.4193306938827956,6.0,-49.239464
Croatia: Diver & DPV,RBW6737_20250725_095000.wav,0.9587521535142737,0.792651128037139,9.0,-51.081398
Croatia: Diver & DPV,RBW6737_20250725_095100.wav,0.9953392566342701,0.887292225058007,5.0,-57.29605
Croatia: Diver & DPV,RBW6737_20250725_095200.wav,0.9998933730732212,0.8285973074121574,4.0,-57.66793
Croatia: Diver & DPV,RBW6737_20250725_095300.wav,0.9935355615547699,0.8040875256016305,5.0,-58.136208
Croatia: Diver & DPV,RBW6737_20250725_095400.wav,0.9999921953892049,0.8917287443268536,6.0,-58.359562
Croatia: Diver & DPV,RBW6737_20250725_095500.wav,0.9955049154022982,0.8391287740073795,4.0,-58.19658
Croatia: Diver & DPV,RBW6737_20250725_095600.wav,0.9958576648586207,0.8823345895344246,3.0,-57.96923
Croatia: Diver & DPV,RBW6737_20250725_095700.wav,0.9683605182342863,0.8980639925034649,24.0,-49.27494
Croatia: Diver & DPV,RBW6737_20250725_095800.wav,0.982913129860712,0.8222030978013181,5.0,-54.766384
Croatia: Diver & DPV,RBW6737_20250725_095900.wav,0.987210084301635,0.8693348008389098,3.0,-57.790314
Croatia: Diver & DPV,RBW6737_20250725_100000.wav,0.9842590270698058,0.803032768188114,4.0,-53.13334
Croatia: Diver & DPV,RBW6737_20250725_100100.wav,0.9474431528871042,0.5591494922218155,4.0,-26.105427
Croatia: Diver & DPV,RBW6737_20250725_100200.wav,0.936346421621742,0.9562695097086928,31.0,-56.981514
Croatia: Diver & DPV,RBW6737_20250725_100300.wav,0.9859357826313659,0.8780030466014775,20.0,-57.782715
Croatia: Diver & DPV,RBW6737_20250725_100400.wav,0.9747704534144811,0.896845494459877,28.0,-56.410583
Croatia: Diver & DPV,RBW6737_20250725_100500.wav,0.9615065970349524,0.8537007692629871,37.0,-57.52166
Croatia: Diver & DPV,RBW6737_20250725_100600.wav,0.9411482495943786,0.8380956877878818,22.0,-57.59724
Croatia: Diver & DPV,RBW6737_20250725_100700.wav,0.9224689546111423,0.5736289334173151,5.0,-58.04814
Croatia: Diver & DPV,RBW6737_20250725_100800.wav,0.9942328703709057,0.9526929389581786,5.0,-57.399044
Croatia: Diver & DPV,RBW6737_20250725_100900.wav,0.9142877383322968,0.9344059876758477,18.0,-58.321877
Croatia: Diver & DPV,RBW6737_20250725_101000.wav,0.8804483352829041,0.9732340559856443,60.0,-57.84616
Croatia: Diver & DPV,RBW6737_20250725_101100.wav,0.9638650286061446,0.982650888551981,43.0,-57.748917
Croatia: Diver & DPV,RBW6737_20250725_101200.wav,0.9345697726837786,0.9753556735936574,73.0,-57.92002
Croatia: Diver & DPV,RBW6737_20250725_101300.wav,0.9794562370313299,0.9237633679448396,16.0,-58.024895
Croatia: Diver & DPV,RBW6737_20250725_101400.wav,0.9628494145697483,0.7251335211586584,3.0,-57.905197
Croatia: Diver & DPV,RBW6737_20250725_101500.wav,0.950771176826647,0.6821340812888238,16.0,-18.280704
Croatia: Diver & DPV,RBW6737_20250725_101600.wav,0.9251855456100967,0.41010380373233396,12.0,-25.472746
Croatia: Diver & DPV,RBW6737_20250725_101700.wav,0.9833166171468332,0.9224737886110917,61.0,-49.151882
Croatia: Diver & DPV,RBW6737_20250725_101800.wav,0.9740808396069789,0.9425638532713725,30.0,-46.991158
Croatia: Diver & DPV,RBW6737_20250725_101900.wav,0.9689264716969074,0.9151861248672403,15.0,-47.839325
Croatia: Diver & DPV,RBW6737_20250725_102000.wav,0.9801684231275797,0.9198099326454187,26.0,-44.55059
Croatia: Diver & DPV,RBW6737_20250725_102100.wav,0.9789617614161227,0.970083220654351,7.0,-42.53931
Croatia: Diver & DPV,RBW6737_20250725_102200.wav,0.9778921359491711,0.9776969417813586,5.0,-42.286777
Croatia: Diver & DPV,RBW6737_20250725_102300.wav,0.9746811125644407,0.9786146239277128,6.0,-41.795822
Croatia: Diver & DPV,RBW6737_20250725_102400.wav,0.9769840733209006,0.9751583921551088,4.0,-42.369682
Croatia: Diver & DPV,RBW6737_20250725_102500.wav,0.9756608836124762,0.9638179063372262,13.0,-42.22952
Croatia: Diver & DPV,RBW6737_20250725_102600.wav,0.9287785242144976,0.9747064414140613,5.0,-41.74587
Croatia: Diver & DPV,RBW6737_20250725_102700.wav,0.9643056383831475,0.9689520529240885,4.0,-41.531647
Croatia: Diver & DPV,RBW6737_20250725_102800.wav,0.9620041290083302,0.9706970619943275,4.0,-41.210396
Croatia: Diver & DPV,RBW6737_20250725_102900.wav,0.9594582197991497,0.9278100051501532,15.0,-48.712814
Croatia: Diver & DPV,RBW6737_20250725_103000.wav,0.9163738129243698,0.9555476587633457,18.0,-49.721077
Croatia: Diver & DPV,merged_2307_free.wav,0.8554635484637062,0.35107394863109137,4.0,-27.380505
Croatia: Diver & DPV,merged_2407_1_600m.wav,0.6964578170488137,0.7076657059887582,148.0,-39.973076
Croatia: Diver & DPV,merged_2407_2_snake.wav,0.91954749712538,0.6712253215074143,3.0,-42.050495
Croatia: Diver & DPV,merged_2507_1_1k.wav,0.969905317614697,0.9791957765438809,148.0,-58.421158
Croatia: Diver & DPV,merged_2507_2_joint.wav,0.8889155066995836,0.916200362604505,3.0,-58.359993
AUV: Field Trials,leg1_straight_line_2_8m_s_6922_827-837.wav,0.47770723695306394,0.9497318822768328,2.0,-62.159714
AUV: Field Trials,leg2_straight_line_1_8m_s_6922_840-857.wav,1.0,0.994285854075111,2.0,-62.575638
AUV: Field Trials,leg3_straight_line_1_112m_s_6922_900-910.wav,0.999987358868419,0.9923374146961393,2.0,-62.221405
AUV: Field Trials,leg1_straight_line_2_8m_s_6695_827-837.wav,0.9480654987982584,0.7380045091278357,5.0,-37.931385
AUV: Field Trials,leg2_straight_line_1_8m_s_6695_840-857.wav,0.7831777795913321,0.731611595379469,3.0,-38.93253
AUV: Field Trials,leg3_straight_line_1_112m_s_6695_900-910.wav,0.6038456025220059,0.6674236731050144,1.0,-38.64444
AUV: Field Trials,leg1_Polygon_6922_921-929.wav,1.0,0.996939425210296,2.0,-56.16837
AUV: Field Trials,leg2_Polygon_6922_934-955.wav,1.0,0.9963203791506717,2.0,-55.732468
AUV: Field Trials,leg1_Polygon_6695_921-929.wav,0.6853929598743544,0.8357324842968371,2.0,-38.384594
AUV: Field Trials,leg2_Polygon_6695_934-955.wav,0.5850844345450539,0.6348313756050571,1.0,-38.2645
AUV: Field Trials,array_6ch.wav,0.7640578822102284,0.8938307243172088,2.0,-23.576427
AUV: Field Trials,array_ch1.wav,0.7640578822102284,0.8938307243172088,2.0,-23.576427
AUV: Field Trials,array_ch2.wav,0.9750284233333361,0.9324364233224489,2.0,-27.297104
AUV: Field Trials,array_ch3.wav,0.934991826578027,0.9134240569512155,3.0,-24.293674
AUV: Field Trials,array_ch4.wav,0.8433114910496353,0.8652672948648097,22.0,-22.860289
AUV: Field Trials,array_ch5.wav,0.859933208626295,0.9195409980937379,3.0,-28.156036
AUV: Field Trials,array_ch6.wav,0.763035745314029,0.7255476789494614,8.0,-20.010471
AUV: Field Trials,array_6ch.wav,0.9391450323682801,0.6265984053338395,26.0,-29.635822
AUV: Field Trials,array_ch1.wav,0.9391450323682801,0.6265984053338395,26.0,-29.635822
AUV: Field Trials,array_ch2.wav,0.7147486774040499,0.8876235810835421,3.0,-29.446344
AUV: Field Trials,array_ch3.wav,1.0,0.9955555316441863,2.0,-33.698566
AUV: Field Trials,array_ch4.wav,0.7766022810694283,0.8460664280513258,5.0,-30.629446
AUV: Field Trials,array_ch5.wav,0.8583861229246527,0.9378551770955577,2.0,-37.658066
AUV: Field Trials,array_ch6.wav,0.7283621067271491,0.6599105382779502,11.0,-25.621315
AUV: Field Trials,array_6ch.wav,0.889278082813285,0.7870719120541944,4.0,-28.632263
AUV: Field Trials,array_ch1.wav,0.889278082813285,0.7870719120541944,4.0,-28.632263
AUV: Field Trials,array_ch2.wav,0.8124739200619596,0.7727543692771371,2.0,-29.979774
AUV: Field Trials,array_ch3.wav,0.9484750631659166,0.988825745429469,2.0,-30.820047
AUV: Field Trials,array_ch4.wav,0.7464281392174016,0.8717411305093495,6.0,-28.764746
AUV: Field Trials,array_ch5.wav,0.8909313263005819,0.8895482054181348,2.0,-35.73982
AUV: Field Trials,array_ch6.wav,0.6782774900443519,0.681690311466406,24.0,-24.706774
AUV: Field Trials,array_6ch.wav,0.9295332703023266,0.7132364595080043,9.0,-25.27671
AUV: Field Trials,array_ch1.wav,0.9295332703023266,0.7132364595080043,9.0,-25.27671
AUV: Field Trials,array_ch2.wav,0.8473819604928979,0.8943998084506787,3.0,-26.481335
AUV: Field Trials,array_ch3.wav,0.9787114845938376,0.9915821117141422,2.0,-28.003952
AUV: Field Trials,array_ch4.wav,0.8381976476924882,0.8611977719690502,3.0,-25.977016
AUV: Field Trials,array_ch5.wav,0.9516654027190227,0.977607718389157,2.0,-32.8444
AUV: Field Trials,array_ch6.wav,0.7555807152178041,0.5718828566144732,4.0,-22.259552
AUV: Field Trials,array_6ch.wav,0.9289030901848317,0.9176650874474447,3.0,-31.614273
AUV: Field Trials,array_ch1.wav,0.9289030901848317,0.9176650874474447,3.0,-31.614273
AUV: Field Trials,array_ch2.wav,0.8752340342826637,0.8000956644015899,2.0,-33.832165
AUV: Field Trials,array_ch3.wav,0.9475228844171859,0.993216274208011,2.0,-33.320034
AUV: Field Trials,array_ch4.wav,0.7797371410982299,0.868193007071045,2.0,-31.653242
AUV: Field Trials,array_ch5.wav,0.9508644567235406,0.9860922095752578,2.0,-38.378994
AUV: Field Trials,array_ch6.wav,0.7230919148096389,0.6899199543877335,64.0,-27.515238
AUV: Field Trials,array_6ch.wav,0.8647662534124535,0.7132274379500726,18.0,-24.053791
AUV: Field Trials,array_ch1.wav,0.8647662534124535,0.7132274379500726,18.0,-24.053791
AUV: Field Trials,array_ch2.wav,0.989885764683648,0.9896437923976645,2.0,-28.9887
AUV: Field Trials,array_ch3.wav,0.9077443025083977,0.9922425525438924,2.0,-25.89163
AUV: Field Trials,array_ch4.wav,0.797439205448773,0.929716298381893,2.0,-24.94519
AUV: Field Trials,array_ch5.wav,0.9796735146816183,0.9872205680635598,2.0,-30.034449
AUV: Field Trials,array_ch6.wav,0.7216277082295542,0.6927364600730826,5.0,-21.27261
AUV: Field Trials,array_6ch.wav,0.991447311549219,0.9802476898211175,2.0,-26.476845
AUV: Field Trials,array_ch1.wav,0.991447311549219,0.9802476898211175,2.0,-26.476845
AUV: Field Trials,array_ch2.wav,0.9787610619469026,0.9936537731048883,2.0,-31.88174
AUV: Field Trials,array_ch3.wav,1.0,0.9972535101375145,2.0,-29.664604
AUV: Field Trials,array_ch4.wav,0.9700866376941879,0.9843011827588626,2.0,-28.116827
AUV: Field Trials,array_ch5.wav,1.0,0.9940287279720604,2.0,-35.250305
AUV: Field Trials,array_ch6.wav,0.8858014712535619,0.7315857691120368,5.0,-23.469398
AUV: Field Trials,array_6ch.wav,0.9308660743978336,0.8049494374254704,12.0,-22.914593
AUV: Field Trials,array_ch1.wav,0.9308660743978336,0.8049494374254704,12.0,-22.914593
AUV: Field Trials,array_ch2.wav,0.4399235912129895,0.8432118213062931,2.0,-23.67186
AUV: Field Trials,array_ch3.wav,1.0,0.9946515766557348,2.0,-26.810045
AUV: Field Trials,array_ch4.wav,0.6829689256318213,0.8459935946501466,3.0,-24.642715
AUV: Field Trials,array_ch5.wav,0.8828089752199894,0.9608172153823433,2.0,-32.028477
AUV: Field Trials,array_ch6.wav,0.5797441811700567,0.7478407873984838,2.0,-20.73355
Garda: Petrol Craft,1006.wav,0.5755993778338558,0.8061271057034861,4.0,-57.327835
Garda: Petrol Craft,1008.wav,0.9241581520982124,0.9551604101461879,4.0,-59.534725
Garda: Petrol Craft,1014.wav,0.9839033801153082,0.9184736208647638,3.0,-59.85163
Garda: Petrol Craft,1028.wav,0.8140423773239025,0.8583464613002169,3.0,-57.69604
Garda: Petrol Craft,1033.wav,0.9086000031238474,0.8219005605941166,12.0,-58.88022
Garda: Petrol Craft,1037.wav,0.8558488419656193,0.8625047620633189,16.0,-57.951538
Garda: Petrol Craft,1040.wav,0.8494784212777352,0.8738726949693311,22.0,-58.22438
Garda: Petrol Craft,1044.wav,0.7780859858376684,0.8504534376588451,4.0,-54.217953
Hear My Ship: Tour Boats,Tourboat_1_01.09.23_183403_20secCPA.wav,0.7107040985750169,0.912302625662406,3.0,-46.19196
Hear My Ship: Tour Boats,Tourboat_1_02.09.23_073045_20secCPA.wav,1.0,0.9348164107437983,3.0,-51.61642
Hear My Ship: Tour Boats,Tourboat_1_03.08.23_123640_20secCPA.wav,1.0,0.9313236931943788,3.0,-53.034805
Hear My Ship: Tour Boats,Tourboat_1_03.09.23_093846_20secCPA.wav,1.0,0.9360932298652022,2.0,-52.2807
Hear My Ship: Tour Boats,Tourboat_1_03.09.23_151547_20secCPA.wav,1.0,0.9844358991384573,2.0,-52.500443
Hear My Ship: Tour Boats,Tourboat_1_04.09.23_094010_20secCPA.wav,0.9307692307692308,0.8793607071808694,2.0,-54.904816
Hear My Ship: Tour Boats,Tourboat_1_04.09.23_110902_20secCPA.wav,0.9307692307692308,0.9128191489135353,2.0,-45.712082
Hear My Ship: Tour Boats,Tourboat_1_04.09.23_130712_20secCPA.wav,0.8909090909090909,0.9599079599110566,2.0,-47.17897
Hear My Ship: Tour Boats,Tourboat_1_04.09.23_153804_20secCPA.wav,0.9307692307692308,0.9604433363563981,2.0,-45.097103
Hear My Ship: Tour Boats,Tourboat_1_04.09.23_183606_20secCPA.wav,0.9439153082442109,0.9217237139731594,2.0,-46.690002
Hear My Ship: Tour Boats,Tourboat_1_05.09.23_130728_20secCPA.wav,0.7581711845007119,0.9711330545445954,3.0,-44.446484
Hear My Ship: Tour Boats,Tourboat_1_05.09.23_183306_20secCPA.wav,0.9291809470518291,0.9506929590059517,3.0,-45.467102
Hear My Ship: Tour Boats,Tourboat_1_08.08.23_144035_20secCPA.wav,0.999951521443192,0.9492532062932375,3.0,-51.052887
Hear My Ship: Tour Boats,Tourboat_1_08.08.23_154258_20secCPA.wav,1.0,0.9723780195458668,3.0,-52.669395
Hear My Ship: Tour Boats,Tourboat_1_16.08.23_183254_20secCPA.wav,0.784,0.9605991563158065,2.0,-47.06746
Hear My Ship: Tour Boats,Tourboat_1_17.08.23_071711_20secCPA.wav,0.9567031998236791,0.9659313892409243,2.0,-50.27475
Hear My Ship: Tour Boats,Tourboat_1_17.08.23_094132_20secCPA.wav,0.9999619613454815,0.9499461333144184,3.0,-53.17886
Hear My Ship: Tour Boats,Tourboat_1_17.08.23_100802_20secCPA.wav,0.8929218226144169,0.9460986546798935,3.0,-46.784595
Hear My Ship: Tour Boats,Tourboat_1_17.08.23_140702_20secCPA.wav,0.8946808510638298,0.9794912778349474,2.0,-47.709732
Hear My Ship: Tour Boats,Tourboat_1_18.08.23_134144_20secCPA.wav,1.0,0.9639476405506295,2.0,-53.77937
Hear My Ship: Tour Boats,Tourboat_1_19.08.23_110831_20secCPA.wav,0.9586956521739131,0.9205425753552783,2.0,-45.218323
Hear My Ship: Tour Boats,Tourboat_1_22.08.23_110848_20secCPA.wav,0.8486497949950516,0.9425396804100569,2.0,-45.465855
Hear My Ship: Tour Boats,Tourboat_1_22.08.23_130809_20secCPA.wav,0.9066520349869284,0.8766696563939487,2.0,-45.696457
Hear My Ship: Tour Boats,Tourboat_1_22.08.23_181559_20secCPA.wav,0.7616261549943761,0.9663624962307081,2.0,-51.80446
Hear My Ship: Tour Boats,Tourboat_1_23.08.23_071652_20secCPA.wav,0.7543068713659385,0.9266028336776464,2.0,-52.226074
Hear My Ship: Tour Boats,Tourboat_1_24.08.23_071830_20secCPA.wav,1.0,0.9809908720639084,2.0,-51.350864
Hear My Ship: Tour Boats,Tourboat_1_24.08.23_100751_20secCPA.wav,0.876791789991978,0.9766533237386077,3.0,-47.709927
Hear My Ship: Tour Boats,Tourboat_1_24.08.23_103817_20secCPA.wav,1.0,0.9326128031085711,3.0,-53.519066
Hear My Ship: Tour Boats,Tourboat_1_25.08.23_144013_20secCPA.wav,1.0,0.9751628665442581,2.0,-52.984215
Hear My Ship: Tour Boats,Tourboat_1_26.08.23_181526_20secCPA.wav,0.6187183433253566,0.9464118615228055,2.0,-53.367085
Hear My Ship: Tour Boats,Tourboat_1_31.08.23_090751_20secCPA.wav,0.9302095385010927,0.8804788546284366,3.0,-45.29632
Hear My Ship: Tour Boats,Tourboat_1_31.08.23_100714_20secCPA.wav,0.9597381142544874,0.9188969611830955,2.0,-45.065132
Hear My Ship: Tour Boats,Tourboat_1_31.08.23_140743_20secCPA.wav,0.959710074570444,0.9241029409152797,3.0,-44.56673
Hear My Ship: Tour Boats,Tourboat_A_18.08.23_071749_20secCPA.wav,1.0,0.9689477762005491,3.0,-50.656982
Hear My Ship: Tour Boats,TourBoat_2_03.08.23_151238_20secCPA.wav,0.9998866341684616,0.9644141516959098,2.0,-50.879448
Hear My Ship: Tour Boats,TourBoat_2_05.09.23_124400_20secCPA.wav,0.5669524509630383,0.9413734008013902,3.0,-52.36408
Hear My Ship: Tour Boats,TourBoat_2_22.08.23_174304_20secCPA.wav,0.9597040605643496,0.90999140204147,3.0,-49.232502
Hear My Ship: Tour Boats,TourBoat_2_23.08.23_124256_20secCPA.wav,0.5536350955797661,0.9608853888344526,3.0,-51.160934
Hear My Ship: Tour Boats,TourBoat_2_28.08.23_101254_20secCPA.wav,0.9603586516078972,0.9710072434503665,2.0,-50.72411
Hear My Ship: Tour Boats,TourBoat_2_28.08.23_124142_20secCPA.wav,0.9971601657120346,0.8795357338621431,18.0,-43.38498
Hear My Ship: Tour Boats,TourBoat_2_28.08.23_151013_20secCPA.wav,1.0,0.9880888655382101,2.0,-51.150406
Hear My Ship: Tour Boats,TourBoat_2_31.08.23_124320_20secCPA.wav,0.9999057492931197,0.9615558119638773,3.0,-50.925602
Hear My Ship: Tour Boats,TourBoat_3_White_Grey_01.09.23_102402_20secCPA.wav,0.9544625159902723,0.9554598807775182,3.0,-45.75843
Hear My Ship: Tour Boats,TourBoat_3_White_Grey_22.08.23_170819_20secCPA.wav,0.9820793302647431,0.9162391890811995,3.0,-44.722054
Hear My Ship: Tour Boats,TourBoat_3_White_Grey_23.08.23_143001_20secCPA.wav,0.9514940860850052,0.9668595424840123,3.0,-41.754906
Hear My Ship: Tour Boats,TourBoat_4_White_Brown_White_Bouys_05.09.23_183055_20secCPA.wav,0.6687426426493126,0.9192239260801987,2.0,-45.037453
Hear My Ship: Tour Boats,TourBoat_4_White_Brown_White_Bouys_09.08.23_084450_20secCPA.wav,0.9146414979961607,0.7504480930429842,2.0,-40.52707
Hear My Ship: Tour Boats,TourBoat_5_White_WideBrown_White_Bouys_24.08.23_101218_20secCPA.wav,0.9316408954534964,0.8362133035032997,3.0,-41.70971
Hear My Ship: Tour Boats,TourBoat_5_White_WideBrown_White_Bouys_31.08.23_100037_20secCPA.wav,0.8820990479677774,0.8544891382250143,3.0,-41.82651
Hear My Ship: Tour Boats,TourBoat_5_White_WideBrown_White_Bouys_026.08.23_160612_20secCPA.wav,0.5928343477859691,0.9646136955668277,3.0,-41.99987
Hear My Ship: Tour Boats,Tourboat_unk_01.09.23_172029_20secCPA.wav,0.7999403074964815,0.9321382777003641,3.0,-43.414803
Hear My Ship: Tour Boats,TourBoat_6_White_Red_White_Bouys_01.09.23_151307_20secCPA.wav,0.8842883241525953,0.9879807113475211,2.0,-43.220844
Hear My Ship: Tour Boats,TourBoat_6_White_Red_White_Bouys_18.08.23_101417_20secCPA.wav,0.9445221549593438,0.9796078935004542,2.0,-44.84353
Hear My Ship: Tour Boats,TourBoat_7_White_Trimaran_01.09.23_095028_20secCPA.wav,0.4881981838377457,0.9862391610735399,3.0,-46.542133
Hear My Ship: Tour Boats,TourBoat_7_White_Trimaran_01.09.23_160357_20secCPA.wav,0.7662762913675928,0.8666613403369587,4.0,-43.156113
Hear My Ship: Tour Boats,TourBoat_7_White_Trimaran_03.08.23_160705_20secCPA.wav,0.3014364924151762,0.9109821888458067,2.0,-35.88844
Hear My Ship: Tour Boats,TourBoat_8_Brown_Blue_02.09.23_104550_20secCPA.wav,0.8749501532786681,0.9395422804431344,3.0,-43.147892
Hear My Ship: Tour Boats,TourBoat_8_Brown_Blue_04.09.23_161810_20secCPA.wav,0.981740956063773,0.8821321824909463,3.0,-35.970966
Hear My Ship: Tour Boats,TourBoat_8_Brown_Blue_31.08.23_162121_20secCPA.wav,0.9603518753171357,0.8832182450046672,3.0,-34.51365
Hear My Ship: Tour Boats,TourBoat_8_Fast_24.08.23_100912_20secCPA.wav,0.4286010206351549,0.8349597062764735,3.0,-40.12135
Hear My Ship: Tour Boats,TourBoat_9_Brown_White_Mast_01.09.23_101922_20secCPA.wav,0.5141276716109748,0.8647562151241843,3.0,-46.989933
Hear My Ship: Tour Boats,TourBoat_9_Brown_White_Mast_05.09.23_170033_20secCPA.wav,0.4225848933974977,0.9705889526422226,3.0,-51.621964
Hear My Ship: Tour Boats,TourBoat_9_Brown_White_Mast_23.08.23_102520_20secCPA.wav,0.4984331759900051,0.9236568169408595,3.0,-46.83968
Garda: Electric Craft,0928.wav,0.9917381955556589,0.9245448319029353,4.0,-60.464706
Garda: Electric Craft,0937.wav,0.9425851224075682,0.9487918426892593,3.0,-60.362488
Garda: Electric Craft,0946.wav,0.7638561745363152,0.5698676873951958,6.0,-56.053204
Garda: Electric Craft,0951.wav,0.9207220476354075,0.9193328327061221,3.0,-60.06058
Garda: Electric Craft,0958.wav,0.8208786782573739,0.9077393954595517,3.0,-58.218838
Hear My Ship: Motor Boats,Motorboat_01.09.23_072916_20secCPA.wav,0.8800249947927515,0.9231419377657862,2.0,-52.308968
Hear My Ship: Motor Boats,Motorboat_01.09.23_073809_20secCPA.wav,0.943331233181612,0.8995122131210066,2.0,-41.847996
Hear My Ship: Motor Boats,Motorboat_01.09.23_085154_20secCPA.wav,0.49255884558671686,0.9215014954348976,3.0,-46.306717
Hear My Ship: Motor Boats,Motorboat_01.09.23_085334_20secCPA.wav,0.3526193733827388,0.8834933470065347,2.0,-40.58296
Hear My Ship: Motor Boats,Motorboat_01.09.23_085822_20secCPA.wav,0.866690884769791,0.8957433866530069,7.0,-47.46093
Hear My Ship: Motor Boats,Motorboat_01.09.23_090454_20secCPA.wav,0.6258017357475326,0.6565134091091448,2.0,-42.98284
Hear My Ship: Motor Boats,Motorboat_01.09.23_092242_20secCPA.wav,0.9407591895665792,0.9024616722578281,10.0,-45.998886
Hear My Ship: Motor Boats,Motorboat_01.09.23_100710_20secCPA.wav,0.8818830764067033,0.9207698295050523,3.0,-42.663803
Hear My Ship: Motor Boats,Motorboat_01.09.23_104053_20secCPA.wav,0.7823410221731416,0.9651696908758528,3.0,-45.039066
Hear My Ship: Motor Boats,Motorboat_01.09.23_104209_20secCPA.wav,0.8291053804458123,0.9273706329491949,7.0,-47.043644
Hear My Ship: Motor Boats,Motorboat_01.09.23_105739_20secCPA.wav,0.9498053695797807,0.8801223748737398,3.0,-42.58209
Hear My Ship: Motor Boats,Motorboat_01.09.23_110956_20secCPA.wav,0.9588557299157623,0.9325752910308578,3.0,-43.534798
Hear My Ship: Motor Boats,Motorboat_01.09.23_113540_20secCPA.wav,0.8961848991121794,0.9397405887295069,2.0,-50.947495
Hear My Ship: Motor Boats,Motorboat_01.09.23_114407_20secCPA.wav,0.8604145071334773,0.924231270312843,3.0,-46.92666
Hear My Ship: Motor Boats,Motorboat_01.09.23_121514_20secCPA.wav,0.9452655836409903,0.8636366482017206,2.0,-43.562622
Hear My Ship: Motor Boats,Motorboat_01.09.23_121753_20secCPA.wav,0.6854550950512299,0.9184765775684132,5.0,-45.619812
Hear My Ship: Motor Boats,Motorboat_01.09.23_121911_20secCPA.wav,0.9826805524599711,0.9278932235796721,4.0,-43.00641
Hear My Ship: Motor Boats,Motorboat_01.09.23_122223_20secCPA.wav,0.4439716809579363,0.7411272100067696,3.0,-40.74356
Hear My Ship: Motor Boats,Motorboat_01.09.23_130106_20secCPA.wav,0.9998305958069424,0.9327713985509396,4.0,-45.364212
Hear My Ship: Motor Boats,Motorboat_01.09.23_131148_20secCPA.wav,0.8642857142857143,0.9069002139646325,3.0,-41.126434
Hear My Ship: Motor Boats,Motorboat_01.09.23_132059_20secCPA.wav,0.9893869410035692,0.8954907501940705,3.0,-44.97343
Hear My Ship: Motor Boats,Motorboat_01.09.23_132459_20secCPA.wav,0.9026227252780271,0.8834714727294565,5.0,-50.068665
Hear My Ship: Motor Boats,Motorboat_01.09.23_133458_20secCPA.wav,0.9421123480555145,0.9753385063164035,3.0,-46.70401
Hear My Ship: Motor Boats,Motorboat_01.09.23_134437_20secCPA.wav,0.9878099556034776,0.7546884300369356,4.0,-39.330765
Hear My Ship: Motor Boats,Motorboat_01.09.23_134609_20secCPA.wav,0.6165637573104253,0.8673677324543556,2.0,-43.462505
Hear My Ship: Motor Boats,Motorboat_01.09.23_134935_20secCPA.wav,0.9876454083194021,0.8593949565068847,3.0,-42.655964
Hear My Ship: Motor Boats,Motorboat_01.09.23_141044_20secCPA.wav,0.9622470933522623,0.9096230434074566,2.0,-39.692562
Hear My Ship: Motor Boats,Motorboat_01.09.23_141834_20secCPA.wav,0.9998829050566199,0.9064638138829485,6.0,-45.76184
Hear My Ship: Motor Boats,Motorboat_01.09.23_142857_20secCPA.wav,0.8623408049657331,0.9237849855373447,11.0,-38.009346
Hear My Ship: Motor Boats,Motorboat_01.09.23_144457_20secCPA.wav,0.8117832879639957,0.9490207607102384,3.0,-48.638973
Hear My Ship: Motor Boats,Motorboat_01.09.23_151844_20secCPA.wav,0.9927637764388701,0.8493228811791692,4.0,-38.132618
Hear My Ship: Motor Boats,Motorboat_01.09.23_160533_20secCPA.wav,0.9888372197085605,0.9309189376042448,28.0,-42.46801
Hear My Ship: Motor Boats,Motorboat_01.09.23_162309_20secCPA.wav,0.9060635592065996,0.8828937592293998,3.0,-52.062984
Hear My Ship: Motor Boats,Motorboat_01.09.23_162951_20secCPA.wav,0.9875991087136573,0.8508508913664428,4.0,-42.970867
Hear My Ship: Motor Boats,Motorboat_01.09.23_163438_20secCPA.wav,0.9132668397589224,0.8658415032117488,7.0,-43.228474
Hear My Ship: Motor Boats,Motorboat_01.09.23_171501_20secCPA.wav,0.38295663274681047,0.8176215671653856,3.0,-46.09594
Hear My Ship: Motor Boats,Motorboat_01.09.23_172512_20secCPA.wav,0.9301698914872735,0.863747507715063,3.0,-42.653473
Hear My Ship: Motor Boats,Motorboat_01.09.23_183934_20secCPA.wav,0.6019660208564297,0.8277976950874903,2.0,-40.069218
Hear My Ship: Motor Boats,Motorboat_01.09.23_184334_20secCPA.wav,0.7024153622700741,0.9471881453729843,3.0,-47.777557
Hear My Ship: Motor Boats,Motorboat_01.09.23_184512_20secCPA.wav,0.5443021415033715,0.9510590471925116,5.0,-47.282204
Hear My Ship: Motor Boats,Motorboat_02.08.23_110547_20secCPA.wav,0.7377570693289055,0.892420778851397,3.0,-40.693527
Hear My Ship: Motor Boats,Motorboat_02.08.23_111713_20secCPA.wav,0.9261858770758521,0.8793782935766117,3.0,-40.626225
Hear My Ship: Motor Boats,Motorboat_02.08.23_112229_20secCPA.wav,0.9423518696885709,0.9179734055548027,3.0,-46.240612
Hear My Ship: Motor Boats,Motorboat_02.08.23_112421_20secCPA.wav,0.9876186515236344,0.8654627292523698,3.0,-43.366283
Hear My Ship: Motor Boats,Motorboat_02.08.23_113110_20secCPA.wav,0.919446424980347,0.9257562947108915,4.0,-50.817112
Hear My Ship: Motor Boats,Motorboat_02.08.23_115002_20secCPA.wav,0.9999645873059112,0.9051117784512347,5.0,-36.168606
Hear My Ship: Motor Boats,Motorboat_02.08.23_115547_20secCPA.wav,0.7513073666521404,0.8570917981045926,3.0,-47.51557
Hear My Ship: Motor Boats,Motorboat_02.08.23_120645_20secCPA.wav,0.736214145651959,0.9717439495667254,3.0,-45.77541
Hear My Ship: Motor Boats,Motorboat_02.08.23_124357_20secCPA.wav,0.8078369015945575,0.7541711121399702,3.0,-52.099495
Hear My Ship: Motor Boats,Motorboat_02.08.23_124509_20secCPA.wav,0.9994906974659719,0.9044413436946709,2.0,-45.289005
Hear My Ship: Motor Boats,Motorboat_02.08.23_125004_20secCPA.wav,0.9801791710734296,0.9324664021482019,2.0,-41.374023
Hear My Ship: Motor Boats,Motorboat_02.08.23_130949_20secCPA.wav,0.8124191155047531,0.9074757378749838,3.0,-38.03875
Hear My Ship: Motor Boats,Motorboat_02.08.23_131436_20secCPA.wav,0.9999933058997827,0.9002458449525647,3.0,-45.216366
Hear My Ship: Motor Boats,Motorboat_02.08.23_134925_20secCPA.wav,0.5058556483131261,0.910502011151591,3.0,-44.237144
Hear My Ship: Motor Boats,Motorboat_02.08.23_135128_20secCPA.wav,0.9859447012927463,0.8170255346879842,4.0,-43.20253
Hear My Ship: Motor Boats,Motorboat_02.08.23_140109_20secCPA.wav,0.9610804830714842,0.6946185896872955,6.0,-34.210632
Hear My Ship: Motor Boats,Motorboat_02.08.23_143256_20secCPA.wav,0.9679491480283102,0.8160964667868635,4.0,-40.308628
Hear My Ship: Motor Boats,Motorboat_02.09.23_075449_20secCPA.wav,0.43540891392541226,0.8047800823037609,2.0,-49.73584
Hear My Ship: Motor Boats,Motorboat_02.09.23_083258_20secCPA.wav,0.9999784099266886,0.8943077133147769,3.0,-45.934105
Hear My Ship: Motor Boats,Motorboat_02.09.23_085334_20secCPA.wav,0.9474316685148954,0.9189218369442715,3.0,-44.59745
Hear My Ship: Motor Boats,Motorboat_02.09.23_085511_20secCPA.wav,0.9059762962962963,0.9609462927986444,3.0,-52.616135
Hear My Ship: Motor Boats,Motorboat_02.09.23_085739_20secCPA.wav,0.6848280254584691,0.7782760765261173,4.0,-46.09577
Hear My Ship: Motor Boats,Motorboat_02.09.23_090558_20secCPA.wav,0.8809901836423945,0.9017016341726111,3.0,-47.918266
Hear My Ship: Motor Boats,Motorboat_02.09.23_091103_20secCPA.wav,0.6546568315200313,0.9158674454142882,3.0,-39.86282
Hear My Ship: Motor Boats,Motorboat_02.09.23_091518_20secCPA.wav,0.9588585910733561,0.9670067560805639,2.0,-52.818108
Hear My Ship: Motor Boats,Motorboat_02.09.23_092121_20secCPA.wav,0.5957939920125884,0.8823917686958828,2.0,-44.020824
Hear My Ship: Motor Boats,Motorboat_02.09.23_093141_20secCPA.wav,1.0,0.8919424056086638,2.0,-44.58222
Hear My Ship: Motor Boats,Motorboat_02.09.23_095008_20secCPA.wav,0.9999897124912015,0.9782389018037064,2.0,-41.038586
Hear My Ship: Motor Boats,Motorboat_02.09.23_095359_20secCPA.wav,0.9999846902270533,0.8180721238495562,3.0,-40.007927
Hear My Ship: Motor Boats,Motorboat_02.09.23_095555_20secCPA.wav,0.46386927079921525,0.8188170544540536,3.0,-47.905674
Hear My Ship: Motor Boats,Motorboat_02.09.23_095710_20secCPA.wav,0.39798596653872514,0.733603311328761,3.0,-54.008274
Hear My Ship: Motor Boats,Motorboat_02.09.23_101302_20secCPA.wav,0.5027721467059773,0.8512543867539842,4.0,-40.72352
Hear My Ship: Motor Boats,Motorboat_02.09.23_102524_20secCPA.wav,0.7814551718973264,0.8985874521893414,3.0,-51.88997
Hear My Ship: Motor Boats,Motorboat_02.09.23_105227_20secCPA.wav,0.6965148769262335,0.967191881253345,2.0,-49.50036
Hear My Ship: Motor Boats,Motorboat_02.09.23_105348_20secCPA.wav,0.8627987202580293,0.9271822875947175,2.0,-50.075317
Hear My Ship: Motor Boats,Motorboat_02.09.23_113513_20secCPA.wav,0.9792843861583269,0.8723604423143404,5.0,-43.123207
Hear My Ship: Motor Boats,Motorboat_02.09.23_114145_20secCPA.wav,0.9607502900157638,0.8941479317136982,11.0,-46.38979
Hear My Ship: Motor Boats,Motorboat_02.09.23_130616_20secCPA.wav,0.8649723603346782,0.818130688356059,7.0,-47.19357
Hear My Ship: Motor Boats,Motorboat_02.09.23_133512_20secCPA.wav,0.9999871994786697,0.8863492273635295,3.0,-38.59411
Hear My Ship: Motor Boats,Motorboat_02.09.23_134452_20secCPA.wav,0.879152078966781,0.9188115390431405,2.0,-46.538986
Hear My Ship: Motor Boats,Motorboat_02.09.23_135215_20secCPA.wav,0.868802143855509,0.7165058854636812,7.0,-41.54814
Hear My Ship: Motor Boats,Motorboat_02.09.23_140444_20secCPA.wav,1.0,0.8634188852525343,2.0,-41.207146
Hear My Ship: Motor Boats,Motorboat_02.09.23_140848_20secCPA.wav,0.9523911445061088,0.8595708706044782,3.0,-45.530323
Hear My Ship: Motor Boats,Motorboat_02.09.23_142318_20secCPA.wav,0.46134487106072736,0.8673203623700364,3.0,-43.62995
Hear My Ship: Motor Boats,Motorboat_02.09.23_144733_20secCPA.wav,0.9877136611092588,0.8085171986893429,3.0,-42.410553
Hear My Ship: Motor Boats,Motorboat_02.09.23_154609_20secCPA.wav,0.6754392385485509,0.7357434078780618,3.0,-41.354084
Hear My Ship: Motor Boats,Motorboat_02.09.23_155008_20secCPA.wav,0.9877669949086588,0.9093073186471977,8.0,-38.808624
Hear My Ship: Motor Boats,Motorboat_02.09.23_161227_20secCPA.wav,0.23082232741787895,0.9521297331289462,3.0,-56.064903
Hear My Ship: Motor Boats,Motorboat_02.09.23_161427_20secCPA.wav,0.999963579857233,0.8670020518229462,3.0,-48.63894
Hear My Ship: Motor Boats,Motorboat_02.09.23_163049_20secCPA.wav,0.9427235101227204,0.9128432940000212,4.0,-41.797504
Hear My Ship: Motor Boats,Motorboat_02.09.23_165908_20secCPA.wav,0.9999649864053362,0.8327692220885002,2.0,-46.260963
Hear My Ship: Motor Boats,Motorboat_02.09.23_175524_20secCPA.wav,0.9519854763649388,0.9221435065955563,5.0,-41.908726
Hear My Ship: Motor Boats,Motorboat_03.08.23_111357_20secCPA.wav,0.4388010410710413,0.9242215473194211,2.0,-42.52766
Hear My Ship: Motor Boats,Motorboat_03.08.23_112355_20secCPA.wav,0.9524743497514983,0.748770698177233,3.0,-39.11139
Hear My Ship: Motor Boats,Motorboat_03.08.23_112558_20secCPA.wav,0.9876446007699914,0.848782324695089,4.0,-44.989418
Hear My Ship: Motor Boats,Motorboat_03.08.23_113037_20secCPA.wav,0.7201386628931133,0.9218109326144618,4.0,-50.047615
Hear My Ship: Motor Boats,Motorboat_03.08.23_114136_20secCPA.wav,0.8938504958379707,0.8376088456690389,7.0,-40.79859
Hear My Ship: Motor Boats,Motorboat_03.08.23_114947_20secCPA.wav,0.929954490468534,0.7961734294598559,2.0,-40.799595
Hear My Ship: Motor Boats,Motorboat_03.08.23_115414_20secCPA.wav,0.6054760292397504,0.9260318076647822,2.0,-44.485363
Hear My Ship: Motor Boats,Motorboat_03.08.23_124920_20secCPA.wav,0.66693354683747,0.9124070590982101,3.0,-47.886993
Hear My Ship: Motor Boats,Motorboat_03.08.23_125226_20secCPA.wav,0.9617114336828847,0.874875337799809,3.0,-43.10843
Hear My Ship: Motor Boats,Motorboat_03.08.23_131323_20secCPA.wav,0.8914461167126448,0.9210358853500407,4.0,-46.01539
Hear My Ship: Motor Boats,Motorboat_03.08.23_133124_20secCPA.wav,0.9367519685396438,0.8581261495480357,7.0,-42.925415
Hear My Ship: Motor Boats,Motorboat_03.08.23_134309_20secCPA.wav,0.8546123697543256,0.9556855838092623,3.0,-44.43312
Hear My Ship: Motor Boats,Motorboat_03.08.23_134619_20secCPA.wav,0.9672482411198611,0.8915209640935371,2.0,-45.00904
Hear My Ship: Motor Boats,Motorboat_03.08.23_135706_20secCPA.wav,0.7874391103082139,0.9035526594713409,2.0,-47.86682
Hear My Ship: Motor Boats,Motorboat_03.08.23_140401_20secCPA.wav,0.9509362883327459,0.9199473358652093,4.0,-50.697056
Hear My Ship: Motor Boats,Motorboat_03.08.23_140558_20secCPA.wav,0.45417208148557703,0.8842129380887012,8.0,-47.305073
Hear My Ship: Motor Boats,Motorboat_03.08.23_143024_20secCPA.wav,0.48798859734597816,0.8080557391841138,2.0,-42.967606
Hear My Ship: Motor Boats,Motorboat_03.08.23_144209_20secCPA.wav,0.6229952767865706,0.9562816780976702,2.0,-45.996223
Hear My Ship: Motor Boats,Motorboat_03.08.23_145116_20secCPA.wav,0.6013331182318165,0.5325890034414439,3.0,-44.410736
Hear My Ship: Motor Boats,Motorboat_03.08.23_145810_20secCPA.wav,0.8131340316758225,0.9687403176798639,4.0,-42.188614
Hear My Ship: Motor Boats,Motorboat_03.08.23_150137_20secCPA.wav,0.7431005924698987,0.8130466021522421,5.0,-42.27962
Hear My Ship: Motor Boats,Motorboat_03.08.23_150830_20secCPA.wav,0.44005897123160187,0.8870991877840291,3.0,-43.309258
Hear My Ship: Motor Boats,Motorboat_03.08.23_153303_20secCPA.wav,0.5157848128165976,0.908136096292326,3.0,-48.229275
Hear My Ship: Motor Boats,Motorboat_03.08.23_154422_20secCPA.wav,0.6027359928698688,0.9457911484918654,3.0,-39.971157
Hear My Ship: Motor Boats,Motorboat_03.08.23_155048_20secCPA.wav,0.9552638371928422,0.9259533828518653,4.0,-44.319763
Hear My Ship: Motor Boats,Motorboat_03.08.23_155351_20secCPA.wav,0.947405158121193,0.8164092286644522,4.0,-40.51929
Hear My Ship: Motor Boats,Motorboat_03.08.23_161603_20secCPA.wav,0.8160726636119997,0.9114458557853293,3.0,-41.84368
Hear My Ship: Motor Boats,Motorboat_03.08.23_163400_20secCPA.wav,0.5585040009063628,0.7956764581944478,3.0,-41.98745
Hear My Ship: Motor Boats,Motorboat_03.08.23_164221_20secCPA.wav,0.9573152719035958,0.9667667478807439,3.0,-50.247044
Hear My Ship: Motor Boats,Motorboat_03.08.23_164404_20secCPA.wav,0.9999916822624246,0.8489376694730005,3.0,-40.56336
Hear My Ship: Motor Boats,Motorboat_03.08.23_165615_20secCPA.wav,0.9992783701041618,0.8216878687211459,3.0,-37.990704
Hear My Ship: Motor Boats,Motorboat_03.08.23_170540_20secCPA.wav,0.9999565157687554,0.8882237867645919,3.0,-44.634415
Hear My Ship: Motor Boats,Motorboat_03.08.23_170716_20secCPA.wav,0.8409759886519225,0.847162111615003,10.0,-38.961296
Hear My Ship: Motor Boats,Motorboat_03.08.23_172544_20secCPA.wav,0.3140856073520635,0.9664242041677139,3.0,-44.48628
Hear My Ship: Motor Boats,Motorboat_03.08.23_172823_20secCPA.wav,0.9971503613080577,0.8732875994948425,3.0,-39.694675
Hear My Ship: Motor Boats,Motorboat_03.09.23_084827_20secCPA.wav,0.9838048438751,0.9142036102105168,3.0,-40.15225
Hear My Ship: Motor Boats,Motorboat_03.09.23_085052_20secCPA.wav,0.8837739356576128,0.8370961140011449,3.0,-40.266777
Hear My Ship: Motor Boats,Motorboat_03.09.23_091931_20secCPA.wav,0.9889105066514761,0.8030088506661424,2.0,-42.68391
Hear My Ship: Motor Boats,Motorboat_03.09.23_092442_20secCPA.wav,0.7465931069512458,0.9659026797875141,5.0,-46.40834
Hear My Ship: Motor Boats,Motorboat_03.09.23_094324_20secCPA.wav,1.0,0.9134804570818208,3.0,-45.02167
Hear My Ship: Motor Boats,Motorboat_03.09.23_100212_20secCPA.wav,0.761891792399799,0.9229644975464784,4.0,-42.955166
Hear My Ship: Motor Boats,Motorboat_03.09.23_100413_20secCPA.wav,0.7618614609763441,0.9284154350089195,3.0,-49.212822
Hear My Ship: Motor Boats,Motorboat_03.09.23_100531_20secCPA.wav,0.600265992769777,0.9346754330747358,3.0,-49.780087
Hear My Ship: Motor Boats,Motorboat_03.09.23_102748_20secCPA.wav,1.0,0.9152029645367834,2.0,-37.80576
Hear My Ship: Motor Boats,Motorboat_03.09.23_102924_20secCPA.wav,0.6911668293551564,0.9499049915256745,4.0,-42.52629
Hear My Ship: Motor Boats,Motorboat_03.09.23_104221_20secCPA.wav,0.5068042185379231,0.8889998709148518,3.0,-44.54256
Hear My Ship: Motor Boats,Motorboat_03.09.23_111042_20secCPA.wav,0.8902678075421876,0.9144526690280698,3.0,-40.026726
Hear My Ship: Motor Boats,Motorboat_03.09.23_120113_20secCPA.wav,0.49902440029956724,0.8816426092702309,3.0,-38.54447
Hear My Ship: Motor Boats,Motorboat_03.09.23_134608_20secCPA.wav,0.9966778891761686,0.6295696587599352,2.0,-42.983913
Hear My Ship: Motor Boats,Motorboat_03.09.23_140319_20secCPA.wav,0.9755932797488391,0.8450842866779579,4.0,-44.80038
Hear My Ship: Motor Boats,Motorboat_03.09.23_142155_20secCPA.wav,0.9992380598865787,0.8728759775664376,3.0,-37.58333
Hear My Ship: Motor Boats,Motorboat_03.09.23_142916_20secCPA.wav,0.2852401542051689,0.8536411592500391,4.0,-45.49563
Hear My Ship: Motor Boats,Motorboat_03.09.23_152129_20secCPA.wav,0.9999902923534401,0.8727611056584206,3.0,-38.950535
Hear My Ship: Motor Boats,Motorboat_03.09.23_155919_20secCPA.wav,0.803056026216097,0.8235704996887995,4.0,-41.98956
Hear My Ship: Motor Boats,Motorboat_03.09.23_160738_20secCPA.wav,0.8162704623022369,0.8526820588112453,18.0,-39.966766
Hear My Ship: Motor Boats,Motorboat_03.09.23_165602_20secCPA.wav,0.9441672531541331,0.870894480041945,5.0,-39.396465
Hear My Ship: Motor Boats,Motorboat_03.09.23_170749_20secCPA.wav,0.9135138196647032,0.8344920522309619,2.0,-37.91753
Hear My Ship: Motor Boats,Motorboat_03.09.23_171827_20secCPA.wav,0.48307070041040695,0.9497047766343223,3.0,-42.423702
Hear My Ship: Motor Boats,Motorboat_03.09.23_183707_20secCPA.wav,0.9752511468251053,0.8911506877673899,2.0,-47.96551
Hear My Ship: Motor Boats,Motorboat_03.09.23_185632_20secCPA.wav,0.9582562682890793,0.8840888875993648,7.0,-41.74694
Hear My Ship: Motor Boats,Motorboat_04.08.23_111208_20secCPA.wav,0.4800126731041116,0.7267382525340425,3.0,-42.84332
Hear My Ship: Motor Boats,Motorboat_04.09.23_094149_20secCPA.wav,0.9339192075275482,0.9244633056089911,3.0,-44.1861
Hear My Ship: Motor Boats,Motorboat_04.09.23_100111_20secCPA.wav,0.40497772046890235,0.8689632707877,3.0,-40.096413
Hear My Ship: Motor Boats,Motorboat_04.09.23_101352_20secCPA.wav,0.5760053039681919,0.9637756341435342,2.0,-51.41808
Hear My Ship: Motor Boats,Motorboat_04.09.23_101938_20secCPA.wav,0.909574944603941,0.8899653495739929,3.0,-38.009842
Hear My Ship: Motor Boats,Motorboat_04.09.23_102300_20secCPA.wav,0.46839128067900204,0.889259080497848,5.0,-47.95543
Hear My Ship: Motor Boats,Motorboat_04.09.23_104507_20secCPA.wav,0.9999997804512668,0.9296227644173984,3.0,-40.29487
Hear My Ship: Motor Boats,Motorboat_04.09.23_113223_20secCPA.wav,0.8563514225225789,0.9375416057011665,5.0,-45.118275
Hear My Ship: Motor Boats,Motorboat_04.09.23_114717_20secCPA.wav,0.8114526624936153,0.921447264417683,3.0,-41.413643
Hear My Ship: Motor Boats,Motorboat_04.09.23_121322_20secCPA.wav,0.9467342190549307,0.7938902911706094,2.0,-46.12276
Hear My Ship: Motor Boats,Motorboat_04.09.23_121542_20secCPA.wav,0.6398126083910802,0.9525878082258826,5.0,-48.541656
Hear My Ship: Motor Boats,Motorboat_04.09.23_122259_20secCPA.wav,0.6120219239683399,0.8998855750260867,4.0,-45.8296
Hear My Ship: Motor Boats,Motorboat_04.09.23_123517_20secCPA.wav,0.8989598811292719,0.8837287633880416,4.0,-44.90723
Hear My Ship: Motor Boats,Motorboat_04.09.23_123701_20secCPA.wav,0.6632223840832738,0.9470039917821383,4.0,-46.34935
Hear My Ship: Motor Boats,Motorboat_04.09.23_124201_20secCPA.wav,0.5501174083647411,0.8769950214388924,4.0,-41.10403
Hear My Ship: Motor Boats,Motorboat_04.09.23_124810_20secCPA.wav,0.8001660782917047,0.8602441008636386,4.0,-43.121483
Hear My Ship: Motor Boats,Motorboat_04.09.23_125024_20secCPA.wav,0.8890498100522283,0.8808906769590218,3.0,-36.921467
Hear My Ship: Motor Boats,Motorboat_04.09.23_125221_20secCPA.wav,0.3525040520003396,0.9683244852103727,3.0,-45.90933
Hear My Ship: Motor Boats,Motorboat_04.09.23_135751_20secCPA.wav,0.9219577777516779,0.8816819355603045,6.0,-42.99238
Hear My Ship: Motor Boats,Motorboat_04.09.23_135856_20secCPA.wav,0.49203491770227875,0.8934762384130005,3.0,-46.04118
Hear My Ship: Motor Boats,Motorboat_04.09.23_140004_20secCPA.wav,0.7491516220850621,0.9613902314186588,3.0,-49.39151
Hear My Ship: Motor Boats,Motorboat_04.09.23_145213_20secCPA.wav,0.7177756420103024,0.7592801663295436,4.0,-39.085964
Hear My Ship: Motor Boats,Motorboat_04.09.23_145541_20secCPA.wav,0.2978738924331931,0.8530989564671245,3.0,-49.566765
Hear My Ship: Motor Boats,Motorboat_04.09.23_150504_20secCPA.wav,0.8558484059163761,0.7881947778744693,5.0,-41.937374
Hear My Ship: Motor Boats,Motorboat_04.09.23_152654_20secCPA.wav,0.9008859965351429,0.913071538680419,9.0,-45.868145
Hear My Ship: Motor Boats,Motorboat_04.09.23_154128_20secCPA.wav,0.9534889268724263,0.731929725549232,3.0,-53.295437
Hear My Ship: Motor Boats,Motorboat_04.09.23_155659_20secCPA.wav,0.6637021325583605,0.8340244370670774,3.0,-42.524906
Hear My Ship: Motor Boats,Motorboat_04.09.23_162005_20secCPA.wav,0.7951240727251511,0.9313372595407848,3.0,-47.544815
Hear My Ship: Motor Boats,Motorboat_04.09.23_162841_20secCPA.wav,0.9935989187999937,0.8886282035835306,4.0,-50.021507
Hear My Ship: Motor Boats,Motorboat_04.09.23_164042_20secCPA.wav,0.8157370344587539,0.8911914911898987,3.0,-43.264202
Hear My Ship: Motor Boats,Motorboat_04.09.23_165835_20secCPA.wav,0.7609639066670122,0.8240777528634172,12.0,-39.633327
Hear My Ship: Motor Boats,Motorboat_04.09.23_170527_20secCPA.wav,0.95862090367428,0.8916716441582663,3.0,-41.23404
Hear My Ship: Motor Boats,Motorboat_04.09.23_171233_20secCPA.wav,0.8923851374951619,0.8787782889543913,2.0,-44.77981
Hear My Ship: Motor Boats,Motorboat_04.09.23_173458_20secCPA.wav,0.9999967197017596,0.8479549212711529,3.0,-48.832344
Hear My Ship: Motor Boats,Motorboat_04.09.23_174910_20secCPA.wav,0.45374206292312935,0.8796643222392427,3.0,-41.707325
Hear My Ship: Motor Boats,Motorboat_04.09.23_175700_20secCPA.wav,0.4495235273906073,0.9478245464779981,3.0,-46.763836
Hear My Ship: Motor Boats,Motorboat_04.09.23_181023_20secCPA.wav,0.9999726064922614,0.9515305875238464,3.0,-50.44977
Hear My Ship: Motor Boats,Motorboat_04.09.23_185315_20secCPA.wav,0.9151166976660466,0.8930491722984837,2.0,-36.448826
Hear My Ship: Motor Boats,Motorboat_05.09.23_114415_20secCPA.wav,0.7201656151968115,0.9114137224796635,2.0,-42.914536
Hear My Ship: Motor Boats,Motorboat_05.09.23_115847_20secCPA.wav,0.9542077641354196,0.8840170887441045,2.0,-40.291996
Hear My Ship: Motor Boats,Motorboat_05.09.23_124842_20secCPA.wav,0.9999848773553519,0.9136762853001901,3.0,-46.766705
Hear My Ship: Motor Boats,Motorboat_05.09.23_131539_20secCPA.wav,0.958850137306779,0.8264713193273967,3.0,-37.08272
Hear My Ship: Motor Boats,Motorboat_05.09.23_133605_20secCPA.wav,0.7839145333258549,0.8068400204857412,3.0,-43.112484
Hear My Ship: Motor Boats,Motorboat_05.09.23_134003_20secCPA.wav,0.8889708537207883,0.9308743806163733,3.0,-51.69018
Hear My Ship: Motor Boats,Motorboat_05.09.23_135008_20secCPA.wav,0.9930656721918858,0.8369184522460934,2.0,-47.388283
Hear My Ship: Motor Boats,Motorboat_05.09.23_141017_20secCPA.wav,0.5485286563943469,0.941928691375023,10.0,-41.05052
Hear My Ship: Motor Boats,Motorboat_05.09.23_141759_20secCPA.wav,0.7682847826727572,0.9504797860480418,3.0,-44.70104
Hear My Ship: Motor Boats,Motorboat_05.09.23_142331_20secCPA.wav,0.9107512862291705,0.916850397228623,2.0,-43.535404
Hear My Ship: Motor Boats,Motorboat_05.09.23_144355_20secCPA.wav,0.9999591770817445,0.9475116645064113,3.0,-54.041286
Hear My Ship: Motor Boats,Motorboat_05.09.23_150738_20secCPA.wav,0.9980949337594035,0.8469594748732987,3.0,-37.01315
Hear My Ship: Motor Boats,Motorboat_05.09.23_151100_20secCPA.wav,0.7990265636602873,0.9143936936454127,5.0,-47.47934
Hear My Ship: Motor Boats,Motorboat_05.09.23_151900_20secCPA.wav,0.42273922888835763,0.8374454789175446,3.0,-42.68936
Hear My Ship: Motor Boats,Motorboat_05.09.23_160358_20secCPA.wav,0.9999804269404583,0.7821684694450237,3.0,-30.79113
Hear My Ship: Motor Boats,Motorboat_05.09.23_160701_20secCPA.wav,0.9756164330829205,0.8134985932960862,3.0,-44.890217
Hear My Ship: Motor Boats,Motorboat_05.09.23_162058_20secCPA.wav,0.3014199478767645,0.9437002339040885,3.0,-49.001343
Hear My Ship: Motor Boats,Motorboat_05.09.23_163516_20secCPA.wav,0.8742810263645935,0.8898036243131673,3.0,-42.354923
Hear My Ship: Motor Boats,Motorboat_05.09.23_163856_20secCPA.wav,0.998137696287838,0.6828629922221339,3.0,-41.549717
Hear My Ship: Motor Boats,Motorboat_05.09.23_164409_20secCPA.wav,0.9471018439751036,0.8080044483817327,4.0,-49.056572
Hear My Ship: Motor Boats,Motorboat_05.09.23_165640_20secCPA.wav,0.9999024446229772,0.7899292980433662,4.0,-42.726166
Hear My Ship: Motor Boats,Motorboat_05.09.23_165843_20secCPA.wav,0.9405021638101927,0.8335445106486299,3.0,-47.059788
Hear My Ship: Motor Boats,Motorboat_05.09.23_170940_20secCPA.wav,0.9100478547764121,0.7925212880647864,2.0,-42.67656
Hear My Ship: Motor Boats,Motorboat_05.09.23_173846_20secCPA.wav,0.970188367138651,0.8932126062296548,3.0,-44.122066
Hear My Ship: Motor Boats,Motorboat_05.09.23_174955_20secCPA.wav,0.4093329725567065,0.7634133062307703,5.0,-38.191097
Hear My Ship: Motor Boats,Motorboat_05.09.23_180244_20secCPA.wav,0.9306468338481094,0.8973447682763216,3.0,-42.691044
Hear My Ship: Motor Boats,Motorboat_05.09.23_180710_20secCPA.wav,0.9443874892106249,0.9161569504812572,3.0,-43.710953
Hear My Ship: Motor Boats,Motorboat_05.09.23_180855_20secCPA.wav,0.9999931612003096,0.845540747011344,5.0,-45.188297
Hear My Ship: Motor Boats,Motorboat_05.09.23_184329_20secCPA.wav,0.980619502584352,0.866939302550896,3.0,-48.979816
Hear My Ship: Motor Boats,Motorboat_05.09.23_190012_20secCPA.wav,0.41966651605609634,0.8498833017762834,2.0,-42.874985
Hear My Ship: Motor Boats,Motorboat_06.09.23_083534_20secCPA.wav,0.9629432269493414,0.846643259963029,3.0,-42.246895
Hear My Ship: Motor Boats,Motorboat_06.09.23_083808_20secCPA.wav,0.5192077539003056,0.9037153738781465,2.0,-45.519844
Hear My Ship: Motor Boats,Motorboat_06.09.23_083934_20secCPA.wav,0.9999887402069432,0.7957852095260589,2.0,-42.71494
Hear My Ship: Motor Boats,Motorboat_06.09.23_084522_20secCPA.wav,0.41774530619438255,0.8818167258501816,3.0,-41.86738
Hear My Ship: Motor Boats,Motorboat_06.09.23_085250_20secCPA.wav,0.9441789902774297,0.710120661144138,3.0,-43.295532
Hear My Ship: Motor Boats,Motorboat_06.09.23_085845_20secCPA.wav,0.6243777049807513,0.8781519700295047,2.0,-44.499825
Hear My Ship: Motor Boats,Motorboat_06.09.23_090254_20secCPA.wav,0.8437327472312262,0.883899796743656,5.0,-44.395905
Hear My Ship: Motor Boats,Motorboat_06.09.23_091536_20secCPA.wav,0.6037346202948976,0.8663531390736472,4.0,-40.861816
Hear My Ship: Motor Boats,Motorboat_06.09.23_092526_20secCPA.wav,0.4857440118750134,0.9038828448648886,2.0,-40.605743
Hear My Ship: Motor Boats,Motorboat_06.09.23_092647_20secCPA.wav,0.4205822445500638,0.9183063812791643,5.0,-44.64537
Hear My Ship: Motor Boats,Motorboat_06.09.23_093429_20secCPA.wav,0.9169289608249165,0.9831216563010874,3.0,-49.16403
Hear My Ship: Motor Boats,Motorboat_06.09.23_094129_20secCPA.wav,0.8484559349712839,0.8733566625600676,3.0,-41.090294
Hear My Ship: Motor Boats,Motorboat_06.09.23_094757_20secCPA.wav,0.756469606490825,0.895599761194057,6.0,-40.939156
Hear My Ship: Motor Boats,Motorboat_06.09.23_095044_20secCPA.wav,0.9994591728525981,0.9104643321573928,2.0,-37.16178
Hear My Ship: Motor Boats,Motorboat_06.09.23_100022_20secCPA.wav,0.5190957741088463,0.8629048820574101,4.0,-37.511353
Hear My Ship: Motor Boats,Motorboat_06.09.23_101052_20secCPA.wav,0.29109414951158974,0.8852478196246238,3.0,-40.374035
Hear My Ship: Motor Boats,Motorboat_06.09.23_101950_20secCPA.wav,0.622842813848636,0.7076277329136234,3.0,-41.13075
Hear My Ship: Motor Boats,Motorboat_06.09.23_102623_20secCPA.wav,0.9999858642386986,0.8904681323608054,3.0,-44.151615
Hear My Ship: Motor Boats,Motorboat_06.09.23_103010_20secCPA.wav,0.6355503535638778,0.7981330467140015,13.0,-46.554546
Hear My Ship: Motor Boats,Motorboat_06.09.23_103331_20secCPA.wav,0.837931581963785,0.9771422873229559,2.0,-47.295094
Hear My Ship: Motor Boats,Motorboat_06.09.23_104552_20secCPA.wav,0.5573655460205045,0.7912004692232376,6.0,-41.07092
Hear My Ship: Motor Boats,Motorboat_06.09.23_113021_20secCPA.wav,0.9875063342224002,0.8958184757698071,3.0,-41.198166
Hear My Ship: Motor Boats,Motorboat_06.09.23_113554_20secCPA.wav,0.610716725550411,0.9671750552155244,6.0,-42.808224
Hear My Ship: Motor Boats,Motorboat_08.08.23_105220_20secCPA.wav,0.7507009677058419,0.8806456252006117,2.0,-47.54563
Hear My Ship: Motor Boats,Motorboat_08.08.23_110517_20secCPA.wav,0.4459536358418486,0.8616741610128928,3.0,-43.620266
Hear My Ship: Motor Boats,Motorboat_08.08.23_121051_20secCPA.wav,0.9185211677225638,0.959526603155962,2.0,-49.28402
Hear My Ship: Motor Boats,Motorboat_08.08.23_132757_20secCPA.wav,0.9999777238199193,0.8985866794300575,2.0,-42.257248
Hear My Ship: Motor Boats,Motorboat_08.08.23_133223_20secCPA.wav,0.95084310331212,0.8720259333710928,3.0,-44.66476
Hear My Ship: Motor Boats,Motorboat_08.08.23_133418_20secCPA.wav,0.9999614567678033,0.8721062800569079,2.0,-44.521263
Hear My Ship: Motor Boats,Motorboat_08.08.23_133958_20secCPA.wav,0.9842591332879836,0.8425409021002187,3.0,-41.32294
Hear My Ship: Motor Boats,Motorboat_08.08.23_134709_20secCPA.wav,0.4769613208024833,0.9607271167164928,3.0,-43.137417
Hear My Ship: Motor Boats,Motorboat_08.08.23_140537_20secCPA.wav,0.3871890674616675,0.9271799675073855,3.0,-44.727894
Hear My Ship: Motor Boats,Motorboat_08.08.23_141433_20secCPA.wav,0.9333967754205641,0.7836259711683419,4.0,-41.494026
Hear My Ship: Motor Boats,Motorboat_08.08.23_142223_20secCPA.wav,0.9930822383356214,0.8964330116764433,4.0,-41.03537
Hear My Ship: Motor Boats,Motorboat_08.08.23_142853_20secCPA.wav,0.9811075931066389,0.9079808813021577,13.0,-41.82859
Hear My Ship: Motor Boats,Motorboat_08.08.23_143004_20secCPA.wav,0.9316292947831769,0.8734069346543454,7.0,-41.76494
Hear My Ship: Motor Boats,Motorboat_08.08.23_143219_20secCPA.wav,0.9998487253838806,0.7821063957249976,3.0,-41.4463
Hear My Ship: Motor Boats,Motorboat_08.08.23_144938_20secCPA.wav,0.326631506619067,0.8895116403433077,3.0,-47.633724
Hear My Ship: Motor Boats,Motorboat_08.08.23_150236_20secCPA.wav,0.936083142397886,0.9053613001399364,4.0,-44.151463
Hear My Ship: Motor Boats,Motorboat_08.08.23_152435_20secCPA.wav,0.9232214521485733,0.7439403832390397,3.0,-41.471596
Hear My Ship: Motor Boats,Motorboat_08.08.23_153052_20secCPA.wav,0.9753637644592891,0.8307427337235266,4.0,-40.584114
Hear My Ship: Motor Boats,Motorboat_08.08.23_153540_20secCPA.wav,0.9998253693597764,0.8486902218782444,4.0,-36.1229
Hear My Ship: Motor Boats,Motorboat_08.08.23_160310_20secCPA.wav,0.798338432868709,0.94247387482354,4.0,-45.65373
Hear My Ship: Motor Boats,Motorboat_08.08.23_161338_20secCPA.wav,0.9996907975604103,0.9110626006685575,3.0,-40.93392
Hear My Ship: Motor Boats,Motorboat_08.08.23_162701_20secCPA.wav,0.9481794025754081,0.9126953357285559,2.0,-42.610092
Hear My Ship: Motor Boats,Motorboat_08.08.23_165936_20secCPA.wav,0.9999586114354425,0.6926970196192996,3.0,-38.60157
Hear My Ship: Motor Boats,Motorboat_08.08.23_172422_20secCPA.wav,0.999960332152113,0.7423974892275566,3.0,-38.331093
Hear My Ship: Motor Boats,Motorboat_08.08.23_172610_20secCPA.wav,0.9143121590023383,0.9382055900143919,6.0,-38.45658
Hear My Ship: Motor Boats,Motorboat_08.08.23_173557_20secCPA.wav,0.4289027754668061,0.9566674206217887,6.0,-45.618473
Hear My Ship: Motor Boats,Motorboat_08.08.23_173827_20secCPA.wav,0.29443216383026916,0.959596151319131,3.0,-49.761696
Hear My Ship: Motor Boats,Motorboat_08.08.23_180917_20secCPA.wav,0.8683818912131255,0.9157248602836838,11.0,-44.003925
Hear My Ship: Motor Boats,Motorboat_08.08.23_181643_20secCPA.wav,0.958742014485756,0.8814272088632547,3.0,-44.89359
Hear My Ship: Motor Boats,Motorboat_08.08.23_182358_20secCPA.wav,0.9999541254645375,0.9570266992205373,3.0,-47.532063
Hear My Ship: Motor Boats,Motorboat_09.08.23_075123_20secCPA.wav,1.0,0.9737159440172554,2.0,-50.83123
Hear My Ship: Motor Boats,Motorboat_09.08.23_084322_20secCPA.wav,0.5927018407378064,0.8996369353172163,3.0,-40.215233
Hear My Ship: Motor Boats,Motorboat_09.08.23_085255_20secCPA.wav,0.6606264434576893,0.931019947576918,7.0,-40.501648
Hear My Ship: Motor Boats,Motorboat_09.08.23_085816_20secCPA.wav,0.8356511141819495,0.7509336433591121,3.0,-44.436073
Hear My Ship: Motor Boats,Motorboat_09.08.23_091055_20secCPA.wav,0.8904296326301279,0.8781649757215858,3.0,-42.498444
Hear My Ship: Motor Boats,Motorboat_09.08.23_092346_20secCPA.wav,0.48418407299313415,0.9512315490768788,4.0,-47.376556
Hear My Ship: Motor Boats,Motorboat_09.08.23_092621_20secCPA.wav,0.5385453968411971,0.9186272345368368,5.0,-38.144306
Hear My Ship: Motor Boats,Motorboat_09.08.23_092858_20secCPA.wav,0.9112800429939206,0.8842529966360155,3.0,-44.30464
Hear My Ship: Motor Boats,Motorboat_09.08.23_100744_20secCPA.wav,0.969986592514073,0.900684958084781,3.0,-43.77033
Hear My Ship: Motor Boats,Motorboat_09.08.23_102814_20secCPA.wav,0.7999776453888026,0.953947094886448,3.0,-46.729973
Hear My Ship: Motor Boats,Motorboat_09.08.23_115534_20secCPA.wav,0.948835731238016,0.7643352816684004,2.0,-38.507694
Hear My Ship: Motor Boats,Motorboat_09.08.23_130220_20secCPA.wav,0.6657896584899963,0.8791570849803115,3.0,-44.683075
Hear My Ship: Motor Boats,Motorboat_09.08.23_152437_20secCPA.wav,0.8836825413489228,0.9565869440589444,3.0,-44.651093
Hear My Ship: Motor Boats,Motorboat_09.08.23_152819_20secCPA.wav,0.8046288643407773,0.926665842026586,3.0,-47.04424
Hear My Ship: Motor Boats,Motorboat_09.08.23_152959_20secCPA.wav,0.8522464334834552,0.8720442330051779,3.0,-45.002922
Hear My Ship: Motor Boats,Motorboat_09.08.23_153625_20secCPA.wav,0.9999841733197341,0.8835911491012579,3.0,-40.365337
Hear My Ship: Motor Boats,Motorboat_09.08.23_163433_20secCPA.wav,0.9314061681331189,0.777057576904996,3.0,-46.37832
Hear My Ship: Motor Boats,Motorboat_09.08.23_173556_20secCPA.wav,0.6303920907980001,0.8850313868599797,3.0,-38.02191
Hear My Ship: Motor Boats,Motorboat_16.08.23_115116_20secCPA.wav,0.9998886888647639,0.8720873102122286,4.0,-42.356815
Hear My Ship: Motor Boats,Motorboat_16.08.23_115310_20secCPA.wav,0.6881276705943287,0.9259832951647256,3.0,-42.077744
Hear My Ship: Motor Boats,Motorboat_16.08.23_120353_20secCPA.wav,0.9999937212540381,0.9168596480335924,3.0,-38.983334
Hear My Ship: Motor Boats,Motorboat_16.08.23_123706_20secCPA.wav,0.8872022010289564,0.94264618416536,2.0,-44.307602
Hear My Ship: Motor Boats,Motorboat_16.08.23_124022_20secCPA.wav,0.7498610094559065,0.861935477581732,6.0,-39.185406
Hear My Ship: Motor Boats,Motorboat_16.08.23_124200_20secCPA.wav,0.3867320997179464,0.8481730238098505,3.0,-40.258068
Hear My Ship: Motor Boats,Motorboat_16.08.23_124514_20secCPA.wav,0.9727187128996602,0.9139209726050724,3.0,-36.31931
Hear My Ship: Motor Boats,Motorboat_16.08.23_131240_20secCPA.wav,0.9639009806017068,0.864980401707883,3.0,-45.01331
Hear My Ship: Motor Boats,Motorboat_16.08.23_133020_20secCPA.wav,0.726654461074702,0.9531576826248096,3.0,-38.523235
Hear My Ship: Motor Boats,Motorboat_16.08.23_133240_20secCPA.wav,0.9873736574428975,0.933553737137549,6.0,-43.897423
Hear My Ship: Motor Boats,Motorboat_16.08.23_135300_20secCPA.wav,0.8952777665859635,0.909576895137116,3.0,-49.773254
Hear My Ship: Motor Boats,Motorboat_16.08.23_142725_20secCPA.wav,0.6983109882513159,0.8719495876169341,4.0,-34.747078
Hear My Ship: Motor Boats,Motorboat_16.08.23_144043_20secCPA.wav,0.7747538748628531,0.915104049206323,3.0,-43.068317
Hear My Ship: Motor Boats,Motorboat_16.08.23_153409_20secCPA.wav,0.911077108519773,0.9360028271367137,7.0,-45.879295
Hear My Ship: Motor Boats,Motorboat_16.08.23_154943_20secCPA.wav,0.7164501819768604,0.8755103559678064,6.0,-42.270058
Hear My Ship: Motor Boats,Motorboat_16.08.23_161348_20secCPA.wav,0.9396486749925836,0.9130681874254979,3.0,-38.98994
Hear My Ship: Motor Boats,Motorboat_16.08.23_163953_20secCPA.wav,0.7507048057693473,0.9557182498749841,2.0,-47.56828
Hear My Ship: Motor Boats,Motorboat_16.08.23_164733_20secCPA.wav,0.9999623635679338,0.8965144954649689,3.0,-46.269573
Hear My Ship: Motor Boats,Motorboat_16.08.23_165005_20secCPA.wav,0.2422136107071782,0.9267114624120064,2.0,-50.374035
Hear My Ship: Motor Boats,Motorboat_16.08.23_170112_20secCPA.wav,0.591849995679803,0.8657853454099754,3.0,-35.75797
Hear My Ship: Motor Boats,Motorboat_16.08.23_170434_20secCPA.wav,0.8166931079831905,0.9353459048688297,8.0,-42.321278
Hear My Ship: Motor Boats,Motorboat_16.08.23_175848_20secCPA.wav,0.9999789059856005,0.8729231372840252,4.0,-42.468933
Hear My Ship: Motor Boats,Motorboat_16.08.23_175952_20secCPA.wav,0.8652566482229839,0.8803646577579248,3.0,-41.18386
Hear My Ship: Motor Boats,Motorboat_16.08.23_180349_20secCPA.wav,0.9826508635924504,0.7951947381202389,3.0,-43.032875
Hear My Ship: Motor Boats,Motorboat_16.08.23_181055_20secCPA.wav,0.8637513061831921,0.7892241505811066,3.0,-38.365505
Hear My Ship: Motor Boats,Motorboat_16.08.23_182955_20secCPA.wav,0.4529605230346026,0.9658844869923908,3.0,-56.299118
Hear My Ship: Motor Boats,Motorboat_16.08.23_183637_20secCPA.wav,0.8522728994284606,0.9217776047828086,11.0,-43.243004
Hear My Ship: Motor Boats,Motorboat_16.08.23_190136_20secCPA.wav,0.4896811396274455,0.9453754305843655,9.0,-47.855114
Hear My Ship: Motor Boats,Motorboat_16.08.23_190314_20secCPA.wav,0.9997200549196361,0.78780124894272,7.0,-46.567837
Hear My Ship: Motor Boats,Motorboat_16.08.23_190723_20secCPA.wav,0.8028328167203214,0.9214444214885925,3.0,-46.33996
Hear My Ship: Motor Boats,Motorboat_17.08.23_071259_20secCPA.wav,0.9874274924320382,0.8803873475442234,3.0,-45.80758
Hear My Ship: Motor Boats,Motorboat_17.08.23_075315_20secCPA.wav,0.6813866436353355,0.738864271706633,3.0,-47.32462
Hear My Ship: Motor Boats,Motorboat_17.08.23_080441_20secCPA.wav,0.9054534723207062,0.9332080754007492,4.0,-50.322575
Hear My Ship: Motor Boats,Motorboat_17.08.23_080903_20secCPA.wav,0.9992674391985436,0.7687194438149176,4.0,-45.44607
Hear My Ship: Motor Boats,Motorboat_17.08.23_081839_20secCPA.wav,0.9692990718489775,0.96238746609056,2.0,-47.827457
Hear My Ship: Motor Boats,Motorboat_17.08.23_084255_20secCPA.wav,0.7682329751252652,0.8581794235612333,5.0,-43.980022
Hear My Ship: Motor Boats,Motorboat_17.08.23_084532_20secCPA.wav,0.7567950089869877,0.7667218530582821,3.0,-39.749676
Hear My Ship: Motor Boats,Motorboat_17.08.23_090417_20secCPA.wav,0.7403501594525906,0.7852876089403201,3.0,-52.417145
Hear My Ship: Motor Boats,Motorboat_17.08.23_091525_20secCPA.wav,0.8465364734104577,0.8554710993355504,6.0,-42.192337
Hear My Ship: Motor Boats,Motorboat_17.08.23_092904_20secCPA.wav,0.990347589865349,0.8806577230482928,3.0,-39.418396
Hear My Ship: Motor Boats,Motorboat_17.08.23_111135_20secCPA.wav,0.4350075742204022,0.896375290239733,3.0,-44.364494
Hear My Ship: Motor Boats,Motorboat_17.08.23_125223_20secCPA.wav,0.6503818868006553,0.955334972234231,5.0,-38.893597
Hear My Ship: Motor Boats,Motorboat_17.08.23_130916_20secCPA.wav,0.7188940053924323,0.7370421747877295,5.0,-41.241676
Hear My Ship: Motor Boats,Motorboat_17.08.23_135238_20secCPA.wav,0.9582613570089031,0.8579050499350573,3.0,-45.693848
Hear My Ship: Motor Boats,Motorboat_17.08.23_144213_20secCPA.wav,0.9682223388984154,0.8518240055265199,4.0,-39.70592
Hear My Ship: Motor Boats,Motorboat_17.08.23_144346_20secCPA.wav,0.6011089387279508,0.9678021481964688,3.0,-46.32965
Hear My Ship: Motor Boats,Motorboat_17.08.23_151710_20secCPA.wav,0.48434368708392067,0.8230473418130432,3.0,-41.447296
Hear My Ship: Motor Boats,Motorboat_17.08.23_162154_20secCPA.wav,0.9999778961949176,0.8773448410389666,3.0,-36.910095
Hear My Ship: Motor Boats,Motorboat_17.08.23_162604_20secCPA.wav,0.999928358866968,0.8949528869867728,3.0,-48.762455
Hear My Ship: Motor Boats,Motorboat_17.08.23_163043_20secCPA.wav,0.9999577006352074,0.9027716564856028,2.0,-41.685455
Hear My Ship: Motor Boats,Motorboat_17.08.23_163519_20secCPA.wav,0.9121466283951148,0.8913357851979393,4.0,-47.113068
Hear My Ship: Motor Boats,Motorboat_17.08.23_164440_20secCPA.wav,0.9999815913973971,0.9185173827318917,4.0,-36.65681
Hear My Ship: Motor Boats,Motorboat_17.08.23_164836_20secCPA.wav,0.42429273590965955,0.8910436245412808,2.0,-47.85605
Hear My Ship: Motor Boats,Motorboat_17.08.23_170613_20secCPA.wav,0.7190949688891908,0.7743489903430082,3.0,-42.80735
Hear My Ship: Motor Boats,Motorboat_17.08.23_184427_20sec.wav,0.5433019369653793,0.7966374305208709,3.0,-44.273834
Hear My Ship: Motor Boats,Motorboat_17.08.23_184905_20secCPA.wav,0.7271228990405908,0.9180345704752192,4.0,-42.57153
Hear My Ship: Motor Boats,Motorboat_18.08.23_073101_20secCPA.wav,0.6518850940827458,0.9526650819648553,3.0,-44.438904
Hear My Ship: Motor Boats,Motorboat_18.08.23_073639_20secCPA.wav,0.5703642799845453,0.834390647272575,4.0,-55.730446
Hear My Ship: Motor Boats,Motorboat_18.08.23_074435_20secCPA.wav,0.9162603685213653,0.8761528141316591,4.0,-46.724777
Hear My Ship: Motor Boats,Motorboat_18.08.23_082350_20secCPA.wav,0.8911713547450397,0.9345260578309527,3.0,-47.81538
Hear My Ship: Motor Boats,Motorboat_18.08.23_085415_20secCPA.wav,0.9104503736325268,0.8856900253790679,6.0,-46.58255
Hear My Ship: Motor Boats,Motorboat_18.08.23_094343_20secCPA.wav,0.9944604177161235,0.754064148211226,3.0,-39.440228
Hear My Ship: Motor Boats,Motorboat_18.08.23_120048_20secCPA.wav,0.9586320498242275,0.8891276385875413,5.0,-43.06528
Hear My Ship: Motor Boats,Motorboat_18.08.23_123842_20secCPA.wav,0.2923721413676143,0.9756389779585526,3.0,-55.750202
Hear My Ship: Motor Boats,Motorboat_18.08.23_131846_20secCPA.wav,0.8169793384185765,0.7975331570784646,6.0,-42.539474
Hear My Ship: Motor Boats,Motorboat_18.08.23_132827_20secCPA.wav,0.9155783661426338,0.7688114114136453,3.0,-45.19186
Hear My Ship: Motor Boats,Motorboat_18.08.23_141125_20secCPA.wav,0.8326539529612724,0.9615320821436155,3.0,-45.73797
Hear My Ship: Motor Boats,Motorboat_18.08.23_141231_20secCPA.wav,0.907555641031148,0.8454809443990898,3.0,-42.474464
Hear My Ship: Motor Boats,Motorboat_18.08.23_142215_20secCPA.wav,0.8249967642796779,0.9159311144619585,3.0,-38.574924
Hear My Ship: Motor Boats,Motorboat_18.08.23_142907_20secCPA.wav,0.9170371190522324,0.9499353946458667,3.0,-44.793266
Hear My Ship: Motor Boats,Motorboat_18.08.23_143918_20secCPA.wav,0.39119781490590244,0.937876556349044,3.0,-39.208633
Hear My Ship: Motor Boats,Motorboat_18.08.23_145027_20secCPA.wav,0.9327997745656462,0.8696830364604761,3.0,-36.108253
Hear My Ship: Motor Boats,Motorboat_18.08.23_152652_20secCPA.wav,0.6103621219727317,0.8544313040208678,5.0,-44.003696
Hear My Ship: Motor Boats,Motorboat_18.08.23_154441_20secCPA.wav,0.6174900531549312,0.8942602000411964,3.0,-35.277657
Hear My Ship: Motor Boats,Motorboat_18.08.23_185707_20secCPA.wav,0.6433287175732446,0.8821488413879358,3.0,-43.175636
Hear My Ship: Motor Boats,Motorboat_18.08.23_185954_20secCPA.wav,0.9581122987705559,0.8930773858713571,5.0,-36.76191
Hear My Ship: Motor Boats,Motorboat_19.08.23_074627_20secCPA.wav,0.9619576846680324,0.897099295896951,3.0,-40.816437
Hear My Ship: Motor Boats,Motorboat_19.08.23_074819_20secCPA.wav,0.9588103058297441,0.8950095205775458,3.0,-39.278114
Hear My Ship: Motor Boats,Motorboat_19.08.23_080333_20secCPA.wav,0.9461326369373717,0.8583142227138988,3.0,-41.32184
Hear My Ship: Motor Boats,Motorboat_19.08.23_081502_20secCPA.wav,0.8873865799990236,0.9601783900880058,3.0,-50.69164
Hear My Ship: Motor Boats,Motorboat_19.08.23_081636_20secCPA.wav,0.9999792765202975,0.9045573424472352,2.0,-42.04962
Hear My Ship: Motor Boats,Motorboat_19.08.23_082137_20secCPA.wav,0.44545246257045434,0.8967064565923211,3.0,-38.95512
Hear My Ship: Motor Boats,Motorboat_19.08.23_083734_20secCPA.wav,1.0,0.971663599733754,2.0,-52.16504
Hear My Ship: Motor Boats,Motorboat_19.08.23_090107_20secCPA.wav,0.8942939550745856,0.901759724819942,2.0,-45.194263
Hear My Ship: Motor Boats,Motorboat_19.08.23_100450_20secCPA.wav,0.9223935544961798,0.8725419601710765,3.0,-42.076942
Hear My Ship: Motor Boats,Motorboat_19.08.23_102703_20secCPA.wav,0.8893903595480335,0.980240765285494,3.0,-45.290333
Hear My Ship: Motor Boats,Motorboat_19.08.23_103459_20secCPA.wav,0.999989899942093,0.8065902082513843,3.0,-43.67363
Hear My Ship: Motor Boats,Motorboat_19.08.23_110138_20secCPA.wav,0.5993175654706802,0.8964437254878033,3.0,-40.654633
Hear My Ship: Motor Boats,Motorboat_19.08.23_110336_20secCPA.wav,0.8625141099792063,0.8715526385604361,3.0,-41.09369
Hear My Ship: Motor Boats,Motorboat_19.08.23_112414_20secCPA.wav,0.9999894835446687,0.8464440241715808,4.0,-44.91434
Hear My Ship: Motor Boats,Motorboat_19.08.23_112632_20secCPA.wav,0.6105314551234681,0.7303765557666306,3.0,-37.97694
Hear My Ship: Motor Boats,Motorboat_19.08.23_123203_20secCPA.wav,0.9979524822601319,0.8922296913297652,3.0,-42.71168
Hear My Ship: Motor Boats,Motorboat_19.08.23_123639_20secCPA.wav,0.748814942215324,0.9313620747744407,3.0,-44.53047
Hear My Ship: Motor Boats,Motorboat_21.08.23_110055_20secCPA.wav,0.5401602876077317,0.8852571839628013,3.0,-40.13576
Hear My Ship: Motor Boats,Motorboat_21.08.23_110420_20secCPA.wav,0.9797379457395042,0.8201331981971324,3.0,-46.46059
Hear My Ship: Motor Boats,Motorboat_21.08.23_110655_20secCPA.wav,0.46128057426650865,0.898199536763128,4.0,-45.158844
Hear My Ship: Motor Boats,Motorboat_21.08.23_112756_20secCPA.wav,0.7708727418816688,0.9524689781711534,3.0,-45.170525
Hear My Ship: Motor Boats,Motorboat_21.08.23_114333_20secCPA.wav,0.9469909303610364,0.8392091136665331,3.0,-40.287777
Hear My Ship: Motor Boats,Motorboat_21.08.23_122445_20secCPA.wav,0.9624140115006679,0.8610194347797758,2.0,-38.72045
Hear My Ship: Motor Boats,Motorboat_21.08.23_132307_20secCPA.wav,0.4639704274675241,0.8793645115861775,3.0,-50.212822
Hear My Ship: Motor Boats,Motorboat_21.08.23_133103_20secCPA.wav,0.9750789971483956,0.9032095827830185,3.0,-42.764183
Hear My Ship: Motor Boats,Motorboat_21.08.23_135143_20secCPA.wav,0.8902822639859403,0.9675192145042508,4.0,-43.321644
Hear My Ship: Motor Boats,Motorboat_21.08.23_141914_20secCPA.wav,0.6271433981922234,0.7865101746370234,4.0,-46.40081
Hear My Ship: Motor Boats,Motorboat_21.08.23_144206_20secCPA.wav,0.8235183677568133,0.9750121986093638,2.0,-46.795044
Hear My Ship: Motor Boats,Motorboat_21.08.23_144613_20secCPA.wav,0.8886446656131776,0.9379769628477611,3.0,-42.40679
Hear My Ship: Motor Boats,Motorboat_21.08.23_145147_20secCPA.wav,0.884855091916172,0.9426501492455045,3.0,-44.012455
Hear My Ship: Motor Boats,Motorboat_21.08.23_145711_20secCPA.wav,0.8862491868932602,0.8436000117513055,3.0,-38.624184
Hear My Ship: Motor Boats,Motorboat_21.08.23_150341_20secCPA.wav,0.9530208618676201,0.8884838322300292,2.0,-50.877945
Hear My Ship: Motor Boats,Motorboat_21.08.23_154551_20secCPA.wav,0.971920073718415,0.8894414590192488,3.0,-46.584076
Hear My Ship: Motor Boats,Motorboat_21.08.23_162544_20secCPA.wav,0.9999983615159124,0.8847611859025694,4.0,-42.220757
Hear My Ship: Motor Boats,Motorboat_21.08.23_164139_20secCPA.wav,0.9128058344551836,0.8260587072828726,3.0,-44.55887
Hear My Ship: Motor Boats,Motorboat_21.08.23_164541_20secCPA.wav,0.8800741738959544,0.8033204339264076,3.0,-41.839546
Hear My Ship: Motor Boats,Motorboat_21.08.23_165126_20secCPA.wav,0.9059913565520074,0.9014955459811261,3.0,-44.126595
Hear My Ship: Motor Boats,Motorboat_21.08.23_170338_20secCPA.wav,0.9999915475238031,0.8158641664167418,8.0,-43.2727
Hear My Ship: Motor Boats,Motorboat_21.08.23_172521_20secCPA.wav,0.7514913801747688,0.855723988923889,3.0,-43.55915
Hear My Ship: Motor Boats,Motorboat_21.08.23_173517_20secCPA.wav,0.9609248563126523,0.9533382388628749,3.0,-44.331326
Hear My Ship: Motor Boats,Motorboat_21.08.23_175257_20secCPA.wav,0.9714080757248398,0.9022505919544941,3.0,-43.788944
Hear My Ship: Motor Boats,Motorboat_21.08.23_175642_20secCPA.wav,0.5260527823139804,0.808779540604251,3.0,-42.284767
Hear My Ship: Motor Boats,Motorboat_21.08.23_181911_20secCPA.wav,0.4160994618244649,0.686162062860533,4.0,-44.352383
Hear My Ship: Motor Boats,Motorboat_21.08.23_182624_20secCPA.wav,0.3242207108736135,0.6874709676311158,2.0,-53.58624
Hear My Ship: Motor Boats,Motorboat_21.08.23_183313_20secCPA.wav,0.948580644124389,0.8664646382745645,3.0,-40.39576
Hear My Ship: Motor Boats,Motorboat_21.08.23_183709_20secCPA.wav,0.94670348598162,0.7579033656977923,2.0,-37.667152
Hear My Ship: Motor Boats,Motorboat_21.08.23_185723_20secCPA.wav,0.9999459389950427,0.8015137699996578,5.0,-46.60134
Hear My Ship: Motor Boats,Motorboat_21.08.23_185841_20secCPA.wav,0.35844956363970965,0.9724823563787699,2.0,-49.173035
Hear My Ship: Motor Boats,Motorboat_21.08.23_190020_20secCPA.wav,0.9126254730952773,0.9547201519580166,2.0,-45.81079
Hear My Ship: Motor Boats,Motorboat_22.08.23_074047_20secCPA.wav,0.9004921203608093,0.9689835429661273,2.0,-41.057667
Hear My Ship: Motor Boats,Motorboat_22.08.23_080148_20secCPA.wav,0.9155930103791503,0.7769741328329891,5.0,-45.17913
Hear My Ship: Motor Boats,Motorboat_22.08.23_080638_20secCPA.wav,0.9999906621112418,0.8878761320164722,3.0,-40.83778
Hear My Ship: Motor Boats,Motorboat_22.08.23_080742_20secCPA.wav,0.9780042109251446,0.8835536150472232,4.0,-44.856514
Hear My Ship: Motor Boats,Motorboat_22.08.23_080944_20secCPA.wav,0.7706936577779506,0.8879994669730478,7.0,-39.613422
Hear My Ship: Motor Boats,Motorboat_22.08.23_082015_20secCPA.wav,0.7965759539934574,0.9665799224233198,3.0,-50.49704
Hear My Ship: Motor Boats,Motorboat_22.08.23_101647_20secCPA.wav,0.7928686886828458,0.9430400283743737,3.0,-46.4961
Hear My Ship: Motor Boats,Motorboat_22.08.23_101757_20secCPA.wav,0.728192786858348,0.9035208816516166,6.0,-39.950874
Hear My Ship: Motor Boats,Motorboat_22.08.23_103740_20secCPA.wav,0.7280218216526082,0.780882221774157,3.0,-41.038094
Hear My Ship: Motor Boats,Motorboat_22.08.23_104034_20secCPA.wav,0.9999952409760032,0.8682584242030679,2.0,-35.62973
Hear My Ship: Motor Boats,Motorboat_22.08.23_121820_20secCPA.wav,0.9998802640387529,0.842447977755247,4.0,-43.773582
Hear My Ship: Motor Boats,Motorboat_22.08.23_122818_20secCPA.wav,0.9547322926650971,0.8207571979883316,6.0,-42.945
Hear My Ship: Motor Boats,Motorboat_22.08.23_132445_20secCPA.wav,0.777567011292827,0.9155608412902854,3.0,-44.239075
Hear My Ship: Motor Boats,Motorboat_22.08.23_133344_20secCPA.wav,0.34373129929979157,0.9145660621707132,2.0,-42.51463
Hear My Ship: Motor Boats,Motorboat_22.08.23_134943_20secCPA.wav,0.9347334765802205,0.6915493802669462,3.0,-37.698997
Hear My Ship: Motor Boats,Motorboat_22.08.23_135126_20secCPA.wav,0.9866365735880748,0.9155671967223301,3.0,-47.99804
Hear My Ship: Motor Boats,Motorboat_22.08.23_140234_20secCPA.wav,0.9875953793331941,0.8194446366221174,3.0,-42.433437
Hear My Ship: Motor Boats,Motorboat_22.08.23_142226_20secCPA.wav,0.20592308518409996,0.9431984185794497,3.0,-44.24044
Hear My Ship: Motor Boats,Motorboat_22.08.23_142846_20secCPA.wav,0.27568008968258,0.939751022381757,2.0,-45.601334
Hear My Ship: Motor Boats,Motorboat_22.08.23_144616_20secCPA.wav,0.4024987769816565,0.9155144877574376,6.0,-43.923153
Hear My Ship: Motor Boats,Motorboat_22.08.23_150040_20secCPA.wav,0.8128386880415498,0.9277785231802175,3.0,-48.10623
Hear My Ship: Motor Boats,Motorboat_22.08.23_150201_20secCPA.wav,0.9534891571570102,0.8481778980301735,4.0,-41.23682
Hear My Ship: Motor Boats,Motorboat_22.08.23_150329_20secCPA.wav,0.6045908095329015,0.9369725763533824,4.0,-46.290314
Hear My Ship: Motor Boats,Motorboat_22.08.23_153136_20secCPA.wav,0.8888249153085834,0.8922783867406091,4.0,-45.786892
Hear My Ship: Motor Boats,Motorboat_22.08.23_153501_20secCPA.wav,0.9999760003490858,0.7665486208141858,3.0,-42.925728
Hear My Ship: Motor Boats,Motorboat_22.08.23_153947_20secCPA.wav,0.9065895683556567,0.948132081242885,2.0,-47.348618
Hear My Ship: Motor Boats,Motorboat_22.08.23_154403_20secCPA.wav,0.909745839431477,0.8990404753022686,3.0,-41.850018
Hear My Ship: Motor Boats,Motorboat_22.08.23_154931_20secCPA.wav,0.9796989412897016,0.7429640091721346,3.0,-41.25667
Hear My Ship: Motor Boats,Motorboat_22.08.23_160019_20secCPA.wav,0.9989437875933379,0.8824279486728537,3.0,-33.34229
Hear My Ship: Motor Boats,Motorboat_22.08.23_163513_20secCPA.wav,0.8899890744115421,0.8019590602483023,6.0,-42.49508
Hear My Ship: Motor Boats,Motorboat_22.08.23_184116_20secCPA.wav,0.9757202310806158,0.8824302526416747,3.0,-46.933857
Hear My Ship: Motor Boats,Motorboat_22.08.23_184440_20secCPA.wav,0.6337582922239583,0.9644867858849425,3.0,-43.77672
Hear My Ship: Motor Boats,Motorboat_22.08.23_184909_20secCPA.wav,0.9653285192978143,0.9194913799700701,5.0,-50.490223
Hear My Ship: Motor Boats,Motorboat_23.08.23_072927_20secCPA.wav,0.915924945320594,0.9293815807952248,2.0,-44.94581
Hear My Ship: Motor Boats,Motorboat_23.08.23_074418_20secCPA.wav,0.9999877270664124,0.8411480820562787,3.0,-40.206776
Hear My Ship: Motor Boats,Motorboat_23.08.23_075009_20secCPA.wav,0.9292034794070152,0.9351886795947986,4.0,-48.5646
Hear My Ship: Motor Boats,Motorboat_23.08.23_083546_20secCPA.wav,0.7148184431798043,0.9134734746308492,3.0,-50.53724
Hear My Ship: Motor Boats,Motorboat_23.08.23_085002_20secCPA.wav,0.9999765396944787,0.8110135294735552,3.0,-51.83422
Hear My Ship: Motor Boats,Motorboat_23.08.23_085347_20secCPA.wav,0.9588781246946064,0.8472743675336273,3.0,-40.563225
Hear My Ship: Motor Boats,Motorboat_23.08.23_090514_20secCPA.wav,0.9999897427038232,0.8321092214624518,2.0,-41.279163
Hear My Ship: Motor Boats,Motorboat_23.08.23_104828_20secCPA.wav,0.9533148579501545,0.8643647148415137,4.0,-44.54925
Hear My Ship: Motor Boats,Motorboat_23.08.23_111726_20secCPA.wav,0.9875953768024478,0.9304143327683858,3.0,-42.82455
Hear My Ship: Motor Boats,Motorboat_23.08.23_113308_20secCPA.wav,0.6271901970276109,0.8860259799678791,3.0,-48.353317
Hear My Ship: Motor Boats,Motorboat_23.08.23_114833_20secCPA.wav,0.7555760012109314,0.7830503444539139,3.0,-45.599957
Hear My Ship: Motor Boats,Motorboat_23.08.23_120854_20secCPA.wav,0.6523494078669744,0.9340345245405465,3.0,-41.609608
Hear My Ship: Motor Boats,Motorboat_23.08.23_122835_20secCPA.wav,0.6022024627293147,0.9723855392215873,3.0,-43.494186
Hear My Ship: Motor Boats,Motorboat_23.08.23_123300_20secCPA.wav,0.8019000650655251,0.9028784078488602,3.0,-48.0682
Hear My Ship: Motor Boats,Motorboat_23.08.23_123802_20secCPA.wav,0.999989139907133,0.8792742482423007,4.0,-36.80609
Hear My Ship: Motor Boats,Motorboat_23.08.23_132515_20secCPA.wav,0.96680834554103,0.8756854676915822,3.0,-44.4351
Hear My Ship: Motor Boats,Motorboat_23.08.23_133905_20secCPA.wav,0.9999958265732515,0.900188434916489,3.0,-39.954086
Hear My Ship: Motor Boats,Motorboat_23.08.23_135948_20secCPA.wav,0.9672148870754554,0.9120159582002715,4.0,-42.977634
Hear My Ship: Motor Boats,Motorboat_23.08.23_142138_20secCPA.wav,0.8364140231493731,0.867511637809906,4.0,-46.39639
Hear My Ship: Motor Boats,Motorboat_23.08.23_145901_20secCPA.wav,0.999977052621738,0.8369339236602477,3.0,-48.6134
Hear My Ship: Motor Boats,Motorboat_23.08.23_152631_20secCPA.wav,0.7717377118802072,0.8331986337950535,6.0,-40.658264
Hear My Ship: Motor Boats,Motorboat_23.08.23_153243_20secCPA.wav,0.6502759093483294,0.7100457310605115,3.0,-46.735374
Hear My Ship: Motor Boats,Motorboat_23.08.23_155222_20secCPA.wav,0.9760252532044479,0.8566457603701914,3.0,-45.930183
Hear My Ship: Motor Boats,Motorboat_23.08.23_155701_20secCPA.wav,0.4609989233879575,0.9321836933070844,3.0,-45.374813
Hear My Ship: Motor Boats,Motorboat_23.08.23_160037_20secCPA.wav,0.7253279684814955,0.850838511397447,2.0,-45.051655
Hear My Ship: Motor Boats,Motorboat_23.08.23_162356_20secCPA.wav,0.8190894564543344,0.7889303752464967,3.0,-47.447285
Hear My Ship: Motor Boats,Motorboat_23.08.23_165453_20secCPA.wav,0.999953972102175,0.8895713360770119,3.0,-49.201035
Hear My Ship: Motor Boats,Motorboat_23.08.23_170032_20secCPA.wav,0.6953605982696395,0.9631485524390819,5.0,-46.55198
Hear My Ship: Motor Boats,Motorboat_23.08.23_170500_20secCPA.wav,0.363023093652338,0.8720421655998438,2.0,-44.696083
Hear My Ship: Motor Boats,Motorboat_23.08.23_171730_20secCPA.wav,0.9648826815920956,0.8534870688504198,3.0,-43.978745
Hear My Ship: Motor Boats,Motorboat_23.08.23_172459_20secCPA.wav,0.7457813176089424,0.9319741832736352,6.0,-40.48006
Hear My Ship: Motor Boats,Motorboat_23.08.23_173228_20secCPA.wav,0.9997794125818174,0.8544484552107326,2.0,-34.01107
Hear My Ship: Motor Boats,Motorboat_23.08.23_175651_20secCPA.wav,0.7986084447025042,0.8417516129904945,4.0,-45.332314
Hear My Ship: Motor Boats,Motorboat_23.08.23_182312_20secCPA.wav,0.4053360604428399,0.9097607000090169,3.0,-56.226162
Hear My Ship: Motor Boats,Motorboat_23.08.23_182437_20secCPA.wav,0.9032428658383759,0.9406482060110425,3.0,-47.865734
Hear My Ship: Motor Boats,Motorboat_23.08.23_185205_20secCPA.wav,0.4928278422044626,0.9771231198093117,3.0,-48.265114
Hear My Ship: Motor Boats,Motorboat_23.08.23_185915_20secCPA.wav,0.33924089337251273,0.8927039846313063,4.0,-46.67977
Hear My Ship: Motor Boats,Motorboat_23.08.23_190108_20secCPA.wav,0.346325770894143,0.8955615709381579,2.0,-45.077038
Hear My Ship: Motor Boats,Motorboat_24.08.23_072203_20secCPA.wav,0.4284401811145065,0.8364104038075267,3.0,-46.778522
Hear My Ship: Motor Boats,Motorboat_24.08.23_073835_20secCPA.wav,0.9999458947653186,0.9613506939256361,3.0,-48.83095
Hear My Ship: Motor Boats,Motorboat_24.08.23_075822_20secCPA.wav,0.6952928602505973,0.8225212570012912,4.0,-50.022774
Hear My Ship: Motor Boats,Motorboat_24.08.23_080530_20secCPA.wav,0.6027888808641245,0.9813390427610393,3.0,-48.078934
Hear My Ship: Motor Boats,Motorboat_24.08.23_081657_20secCPA.wav,0.9630776284511262,0.8081482001021615,5.0,-43.20082
Hear My Ship: Motor Boats,Motorboat_24.08.23_082646_20secCPA.wav,0.9814945463676605,0.9440772566808445,3.0,-50.405113
Hear My Ship: Motor Boats,Motorboat_24.08.23_083955_20secCPA.wav,0.7950798765313666,0.9199418424586882,3.0,-52.989613
Hear My Ship: Motor Boats,Motorboat_24.08.23_084543_20secCPA.wav,0.9452346628513341,0.9494993110492383,3.0,-51.744934
Hear My Ship: Motor Boats,Motorboat_24.08.23_084646_20secCPA.wav,0.9796228960702796,0.820022283079159,2.0,-40.286224
Hear My Ship: Motor Boats,Motorboat_24.08.23_085515_20secCPA.wav,0.8075540778407979,0.7272448849903705,3.0,-47.81942
Hear My Ship: Motor Boats,Motorboat_24.08.23_090115_20secCPA.wav,0.9999411056603286,0.7801742604054981,2.0,-47.374718
Hear My Ship: Motor Boats,Motorboat_24.08.23_090627_20secCPA.wav,0.8651741727505452,0.924862120354675,3.0,-47.70665
Hear My Ship: Motor Boats,Motorboat_24.08.23_091157_20secCPA.wav,0.8657659485166909,0.9122877845605991,7.0,-45.374847
Hear My Ship: Motor Boats,Motorboat_24.08.23_091655_20secCPA.wav,1.0,0.9388365025315006,2.0,-49.735622
Hear My Ship: Motor Boats,Motorboat_24.08.23_091811_20secCPA.wav,0.8783483620220912,0.9498223502560612,2.0,-46.919907
Hear My Ship: Motor Boats,Motorboat_24.08.23_091918_20secCPA.wav,0.7348685967241334,0.8534456640991583,12.0,-40.49344
Hear My Ship: Motor Boats,Motorboat_24.08.23_092611_20secCPA.wav,0.9877185533390402,0.9513116173977826,3.0,-45.810646
Hear My Ship: Motor Boats,Motorboat_24.08.23_095843_20secCPA.wav,0.9685385679940676,0.923109199257019,3.0,-45.46517
Hear My Ship: Motor Boats,Motorboat_24.08.23_102122_20secCPA.wav,0.9459025100478545,0.8642053827617237,3.0,-40.363457
Hear My Ship: Motor Boats,Motorboat_24.08.23_104134_20secCPA.wav,0.7558361769462306,0.8735330262125133,3.0,-43.880646
Hear My Ship: Motor Boats,Motorboat_24.08.23_104733_20secCPA.wav,0.9743280957395486,0.939174216643322,2.0,-48.54766
Hear My Ship: Motor Boats,Motorboat_24.08.23_121304_20secCPA.wav,0.8302317910822464,0.8576382438241281,5.0,-38.81664
Hear My Ship: Motor Boats,Motorboat_24.08.23_121406_20secCPA.wav,0.9896288680730079,0.917628941236133,2.0,-37.809822
Hear My Ship: Motor Boats,Motorboat_24.08.23_121915_20secCPA.wav,0.9972753479729436,0.901494662083581,5.0,-43.89966
Hear My Ship: Motor Boats,Motorboat_24.08.23_122553_20secCPA.wav,0.3797689705297321,0.8857824012753653,3.0,-46.052494
Hear My Ship: Motor Boats,Motorboat_24.08.23_130908_20secCPA.wav,0.7540299116418234,0.9395184222901949,8.0,-42.520794
Hear My Ship: Motor Boats,Motorboat_24.08.23_133305_20secCPA.wav,1.0,0.8768841402636595,2.0,-46.728333
Hear My Ship: Motor Boats,Motorboat_24.08.23_142554_20seCPA.wav,0.20127723942818496,0.9191340248555264,2.0,-43.76999
Hear My Ship: Motor Boats,Motorboat_24.08.23_143016_20secCPA.wav,0.581184303926381,0.8886161604317988,3.0,-46.630646
Hear My Ship: Motor Boats,Motorboat_24.08.23_143534_20secCPA.wav,0.3718626717686953,0.9228347038651161,3.0,-43.501923
Hear My Ship: Motor Boats,Motorboat_24.08.23_143646_20secCPA.wav,0.22088101336378796,0.8804065946907538,5.0,-42.779713
Hear My Ship: Motor Boats,Motorboat_25.08.23_105956_20secCPA.wav,0.7912438918611286,0.9224652125466697,4.0,-50.489357
Hear My Ship: Motor Boats,Motorboat_25.08.23_112359_20secCPA.wav,0.25756527477363106,0.9775008605262486,3.0,-43.763954
Hear My Ship: Motor Boats,Motorboat_25.08.23_114558_20secCPA.wav,0.9711045796888468,0.9481527984972438,3.0,-48.958237
Hear My Ship: Motor Boats,Motorboat_25.08.23_115149_20secCPA.wav,0.9306178435592535,0.8503743756336196,2.0,-43.447884
Hear My Ship: Motor Boats,Motorboat_25.08.23_121618_20secCPA.wav,0.7463830716883242,0.915001920221651,3.0,-46.28893
Hear My Ship: Motor Boats,Motorboat_25.08.23_122644_20secCPA.wav,0.948739159191742,0.8658374891897596,3.0,-37.078896
Hear My Ship: Motor Boats,Motorboat_25.08.23_124614_20secCPA.wav,0.18586961233992005,0.7356690656642024,2.0,-40.517746
Hear My Ship: Motor Boats,Motorboat_25.08.23_130322_20secCPA.wav,0.7195858810595553,0.8286944171772955,5.0,-35.40983
Hear My Ship: Motor Boats,Motorboat_25.08.23_131437_20secCPA.wav,0.9301519019704972,0.9163063099579007,4.0,-51.090286
Hear My Ship: Motor Boats,Motorboat_25.08.23_131616_20secCPA.wav,0.29186482162635197,0.8221929292402379,3.0,-50.806168
Hear My Ship: Motor Boats,Motorboat_25.08.23_133517_20secCPA.wav,0.4567223686894393,0.9097486221439034,2.0,-42.30576
Hear My Ship: Motor Boats,Motorboat_25.08.23_133631_20secCPA.wav,0.44324297493846904,0.6545493326760076,3.0,-42.25161
Hear My Ship: Motor Boats,Motorboat_25.08.23_141952_20secCPA.wav,0.7114229227727646,0.9173313883885429,9.0,-46.51594
Hear My Ship: Motor Boats,Motorboat_25.08.23_142150_20secCPA.wav,0.9996346224384474,0.7781874660527693,7.0,-37.20606
Hear My Ship: Motor Boats,Motorboat_25.08.23_142924_20secCPA.wav,0.43194471900110276,0.8817640282810509,4.0,-44.12036
Hear My Ship: Motor Boats,Motorboat_25.08.23_143256_20secCPA.wav,0.8950880975083951,0.8458154096994127,3.0,-42.229996
Hear My Ship: Motor Boats,Motorboat_25.08.23_144454_20secCPA.wav,0.5367008917689744,0.9605403883760806,3.0,-46.41822
Hear My Ship: Motor Boats,Motorboat_25.08.23_150406_20secCPA.wav,0.9159265240209932,0.817551331977847,2.0,-41.759537
Hear My Ship: Motor Boats,Motorboat_25.08.23_150627_20secCPA.wav,0.895729201160956,0.9307734511845909,3.0,-48.72873
Hear My Ship: Motor Boats,Motorboat_25.08.23_153216_20secCPA.wav,0.8070724092631404,0.928784597012582,6.0,-41.152687
Hear My Ship: Motor Boats,Motorboat_25.08.23_153709_20secCPA.wav,1.0,0.9559155517011988,2.0,-47.803673
Hear My Ship: Motor Boats,Motorboat_25.08.23_162709_20secCPA.wav,0.8149790146717936,0.916186075731366,2.0,-43.584167
Hear My Ship: Motor Boats,Motorboat_25.08.23_165719_20secCPA.wav,0.7018353253285701,0.7890430560323057,3.0,-33.357113
Hear My Ship: Motor Boats,Motorboat_25.08.23_170530_20secCPA.wav,0.9887502142979598,0.8737859787620106,6.0,-45.616676
Hear My Ship: Motor Boats,Motorboat_25.08.23_172824_20secCPA.wav,0.3734891674789097,0.9333174198707134,3.0,-46.058655
Hear My Ship: Motor Boats,Motorboat_25.08.23_173437_20secCPA.wav,0.9997225897552786,0.7755999196349873,3.0,-45.77649
Hear My Ship: Motor Boats,Motorboat_26.08.23_072812_20secCPA.wav,0.915415410952797,0.9361296510479841,3.0,-46.496475
Hear My Ship: Motor Boats,Motorboat_26.08.23_080023_20secCPA.wav,0.9301172534931376,0.8950899963723722,5.0,-44.385544
Hear My Ship: Motor Boats,Motorboat_26.08.23_082021_20secCPA.wav,0.9358389132025458,0.9407671223958443,2.0,-46.760292
Hear My Ship: Motor Boats,Motorboat_26.08.23_082805_20secCPA.wav,0.9946047731533243,0.8099432477611714,4.0,-44.254562
Hear My Ship: Motor Boats,Motorboat_26.08.23_083631_20secCPA.wav,0.9467676095298762,0.9460525973112257,3.0,-40.63218
Hear My Ship: Motor Boats,Motorboat_26.08.23_084112_20secCPA.wav,0.9680903384685061,0.8192186608690519,2.0,-39.187706
Hear My Ship: Motor Boats,Motorboat_26.08.23_084239_20seCPA.wav,0.8984780649618541,0.9161769656543473,4.0,-45.870056
Hear My Ship: Motor Boats,Motorboat_26.08.23_085000_20secCPA.wav,0.5100940089175022,0.926204420273026,5.0,-56.086388
Hear My Ship: Motor Boats,Motorboat_26.08.23_090537_20secCPA.wav,0.7672732423366845,0.9289645572967884,3.0,-39.81086
Hear My Ship: Motor Boats,Motorboat_26.08.23_091736_20secCPA.wav,0.42873256398469906,0.8503204891209334,3.0,-39.541546
Hear My Ship: Motor Boats,Motorboat_26.08.23_092026_20secCPA.wav,0.961093517439254,0.9019231550366104,3.0,-39.838898
Hear My Ship: Motor Boats,Motorboat_26.08.23_095623_20secCPA.wav,0.9999892965652616,0.8184050387635118,3.0,-39.92332
Hear My Ship: Motor Boats,Motorboat_26.08.23_100931_20secCPA.wav,0.9586093481916275,0.8509633578943839,6.0,-40.948658
Hear My Ship: Motor Boats,Motorboat_26.08.23_103703_20secCPA.wav,0.9999568764149926,0.797093299969682,3.0,-48.360237
Hear My Ship: Motor Boats,Motorboat_26.08.23_103845_20secCPA.wav,0.9999886405206108,0.8759502021652007,2.0,-32.62428
Hear My Ship: Motor Boats,Motorboat_26.08.23_104650_20secCPA.wav,0.887634337598019,0.9153443936009702,3.0,-40.145416
Hear My Ship: Motor Boats,Motorboat_26.08.23_105918_20secCPA.wav,0.6427725090654313,0.9475138637928016,3.0,-41.472607
Hear My Ship: Motor Boats,Motorboat_26.08.23_112157_20secCPA.wav,0.8116357796522142,0.9349319595105758,9.0,-47.24402
Hear My Ship: Motor Boats,Motorboat_26.08.23_113642_20secCPA.wav,0.4555481165396888,0.8307420566168146,3.0,-40.33491
Hear My Ship: Motor Boats,Motorboat_26.08.23_114159_20secCPA.wav,0.7936559834903901,0.9379682454130017,4.0,-44.21269
Hear My Ship: Motor Boats,Motorboat_26.08.23_115945_20secCPA.wav,0.45739540307120696,0.8639140006593834,3.0,-43.55023
Hear My Ship: Motor Boats,Motorboat_26.08.23_120310_20secCPA.wav,0.9829299079516534,0.8377048575677587,3.0,-44.62371
Hear My Ship: Motor Boats,Motorboat_26.08.23_121748_20secCPA.wav,0.9999512114127995,0.8505875438899527,3.0,-45.2388
Hear My Ship: Motor Boats,Motorboat_26.08.23_122455_20secCPA.wav,0.45761598183790847,0.9248868018168563,2.0,-46.396614
Hear My Ship: Motor Boats,Motorboat_26.08.23_124812_20secCPA.wav,0.36061930950337506,0.8882448968352126,3.0,-42.634956
Hear My Ship: Motor Boats,Motorboat_26.08.23_124922_20secCPA.wav,0.36555089493575044,0.940573906696931,3.0,-44.898163
Hear My Ship: Motor Boats,Motorboat_26.08.23_130407_20secCPA.wav,0.9447777451562431,0.9546349134676279,8.0,-44.28035
Hear My Ship: Motor Boats,Motorboat_26.08.23_130857_20secCPA.wav,0.8388941912127694,0.8507493741326559,3.0,-43.50376
Hear My Ship: Motor Boats,Motorboat_26.08.23_132656_20secCPA.wav,0.21368596015546323,0.9249087101699734,3.0,-42.78717
Hear My Ship: Motor Boats,Motorboat_26.08.23_133056_20secCPA.wav,0.9956455535869028,0.9553822960653501,11.0,-46.49181
Hear My Ship: Motor Boats,Motorboat_26.08.23_133900_20secCPA.wav,0.5371861985834243,0.9306519954190411,3.0,-48.915783
Hear My Ship: Motor Boats,Motorboat_26.08.23_134503_20secCPA.wav,0.6051124793095661,0.694578679729021,3.0,-40.620113
Hear My Ship: Motor Boats,Motorboat_26.08.23_140602_20secCPA.wav,0.9650569570340962,0.7592485879239999,2.0,-39.18119
Hear My Ship: Motor Boats,Motorboat_26.08.23_141722_20secCPA.wav,0.388218671960797,0.7729717860959714,3.0,-41.594013
Hear My Ship: Motor Boats,Motorboat_26.08.23_141829_20secCPA.wav,0.7597331568313245,0.8927909958390842,3.0,-46.58108
Hear My Ship: Motor Boats,Motorboat_26.08.23_142008_20secCPA.wav,0.931563208652097,0.8519391693894638,3.0,-44.69757
Hear My Ship: Motor Boats,Motorboat_26.08.23_142126_20secCPA.wav,0.9992553085974483,0.8268069179485711,3.0,-40.927895
Hear My Ship: Motor Boats,Motorboat_26.08.23_142816_20secCPA.wav,0.7617510531256284,0.794150442222049,4.0,-49.53636
Hear My Ship: Motor Boats,Motorboat_26.08.23_144900_20secCPA.wav,0.9152763208826666,0.8872502038856855,3.0,-46.354385
Hear My Ship: Motor Boats,Motorboat_26.08.23_145759_20secCPA.wav,0.9999747002597852,0.9083634667976959,3.0,-43.587
Hear My Ship: Motor Boats,Motorboat_26.08.23_150952_20secCPA.wav,0.9783493988529172,0.8946171083867543,3.0,-37.184242
Hear My Ship: Motor Boats,Motorboat_26.08.23_151104_20secCPA.wav,0.6315004103558904,0.8561916399685111,3.0,-40.035942
Hear My Ship: Motor Boats,Motorboat_26.08.23_152034_20secCPA.wav,0.9154789916541601,0.9560920538949065,3.0,-45.107494
Hear My Ship: Motor Boats,Motorboat_26.08.23_155058_20secCPA.wav,0.35819392906115266,0.9007052467910299,3.0,-44.978363
Hear My Ship: Motor Boats,Motorboat_26.08.23_155324_20secCPA.wav,0.7571506280040301,0.937319190731154,3.0,-46.81152
Hear My Ship: Motor Boats,Motorboat_26.08.23_162858_20secCPA.wav,0.33413177639209507,0.9204198115231589,2.0,-47.313652
Hear My Ship: Motor Boats,Motorboat_26.08.23_163423_20secCPA.wav,0.3123343156564896,0.8268969815456416,3.0,-45.13762
Hear My Ship: Motor Boats,Motorboat_26.08.23_163537_20secCPA.wav,0.7151022055192632,0.9263784573498666,2.0,-45.233597
Hear My Ship: Motor Boats,Motorboat_26.08.23_165203_20secCPA.wav,0.32683289401975635,0.7604146715675998,3.0,-46.551384
Hear My Ship: Motor Boats,Motorboat_26.08.23_170307_20secCPA.wav,0.4273141066551858,0.9664502249843995,3.0,-51.87651
Hear My Ship: Motor Boats,Motorboat_26.08.23_172757_20secCPA.wav,0.9999441202036509,0.8310452871696339,3.0,-36.2509
Hear My Ship: Motor Boats,Motorboat_26.08.23_181714_20secCPA.wav,0.8989460957684982,0.8720335124209992,3.0,-44.959625
Hear My Ship: Motor Boats,Motorboat_26.08.23_181907_20secCPA.wav,0.9999229896924665,0.9391145801415913,3.0,-47.24466
Hear My Ship: Motor Boats,Motorboat_27.08.23_071915_20secCPA.wav,1.0,0.9934845754009588,2.0,-48.573116
Hear My Ship: Motor Boats,Motorboat_27.08.23_072331_20secCPA.wav,0.9580301958254427,0.707903137006831,3.0,-41.002502
Hear My Ship: Motor Boats,Motorboat_27.08.23_073542_20secCPA.wav,0.40473615471626795,0.9654519366313606,3.0,-55.232563
Hear My Ship: Motor Boats,Motorboat_27.08.23_080958_20secCPA.wav,0.6301955821184222,0.9245039504885355,4.0,-47.10596
Hear My Ship: Motor Boats,Motorboat_27.08.23_082357_20secCPA.wav,0.8575529321243588,0.8826572635881016,3.0,-39.943584
Hear My Ship: Motor Boats,Motorboat_27.08.23_083912_20secCPA.wav,0.5952885101672758,0.929962534352186,2.0,-49.762455
Hear My Ship: Motor Boats,Motorboat_27.08.23_084602_20secCPA.wav,0.7609402877936114,0.9224388442949663,5.0,-46.90699
Hear My Ship: Motor Boats,Motorboat_27.08.23_084847_20secCPA.wav,0.9424728009801009,0.9331193716497675,2.0,-46.32895
Hear My Ship: Motor Boats,Motorboat_27.08.23_085306_20secCPA.wav,1.0,0.8979378017394619,2.0,-40.386894
Hear My Ship: Motor Boats,Motorboat_27.08.23_090232_20secCPA.wav,0.9643801936091836,0.9504132242268425,3.0,-48.90553
Hear My Ship: Motor Boats,Motorboat_27.08.23_090307_20secCPA.wav,0.5352183942257609,0.9079506375374112,5.0,-41.816486
Hear My Ship: Motor Boats,Motorboat_27.08.23_094429_20secCPA.wav,0.9156911491758165,0.9587971417441624,10.0,-43.571934
Hear My Ship: Motor Boats,Motorboat_27.08.23_095353_20secCPA.wav,0.9259212619977001,0.8915519414609246,3.0,-45.982304
Hear My Ship: Motor Boats,Motorboat_28.08.23_094826_20secCPA.wav,0.4232050455097816,0.9047160978096952,3.0,-42.425766
Hear My Ship: Motor Boats,Motorboat_28.08.23_095705_20secCPA.wav,0.8637539463950181,0.908528217270999,3.0,-44.10956
Hear My Ship: Motor Boats,Motorboat_28.08.23_100829_20secCPA.wav,0.5298307037680564,0.6905211134721921,4.0,-42.281143
Hear My Ship: Motor Boats,Motorboat_28.08.23_105909_20secCPA.wav,0.7586043473129124,0.8821211453130753,3.0,-47.02667
Hear My Ship: Motor Boats,Motorboat_28.08.23_111830_20secCPA.wav,0.8284910138904807,0.86499468196004,4.0,-44.776527
Hear My Ship: Motor Boats,Motorboat_28.08.23_120052_20secCPA.wav,0.9999730296980093,0.8757237276222969,3.0,-41.764923
Hear My Ship: Motor Boats,Motorboat_28.08.23_121427_20secCPA.wav,0.9505589309042003,0.8087004939229171,2.0,-40.434822
Hear My Ship: Motor Boats,Motorboat_28.08.23_124816_20secCPA.wav,0.9993600782869055,0.9049942067883456,3.0,-39.422012
Hear My Ship: Motor Boats,Motorboat_28.08.23_125120_20secCPA.wav,0.9123002904607906,0.8381920061082013,3.0,-40.255424
Hear My Ship: Motor Boats,Motorboat_28.08.23_131433_20secCPA.wav,0.5946874392574498,0.742353182136209,4.0,-42.79175
Hear My Ship: Motor Boats,Motorboat_28.08.23_132000_20secCPA.wav,0.6511466358712485,0.9147478425284017,2.0,-48.88524
Hear My Ship: Motor Boats,Motorboat_28.08.23_134449_20secCPA.wav,0.9792287312569327,0.7629777179774148,3.0,-35.325817
Hear My Ship: Motor Boats,Motorboat_28.08.23_145652_20secCPA.wav,0.7370596285823208,0.8643699221066216,3.0,-44.28859
Hear My Ship: Motor Boats,Motorboat_28.08.23_152722_20secCPA.wav,0.8142873759724731,0.9644475217239881,2.0,-45.175632
Hear My Ship: Motor Boats,Motorboat_28.08.23_155953_20secCPA.wav,0.5647224908041195,0.8317824392886803,6.0,-41.589733
Hear My Ship: Motor Boats,Motorboat_28.08.23_161353_20secCPA.wav,0.3967620186302152,0.7753753762812192,2.0,-43.70893
Hear My Ship: Motor Boats,Motorboat_28.08.23_164635_20secCPA.wav,0.7552328613443536,0.8578164008789511,7.0,-46.34241
Hear My Ship: Motor Boats,Motorboat_28.08.23_183122_20secCPA.wav,0.9588188604489458,0.8521996085999036,3.0,-49.473614
Hear My Ship: Motor Boats,Motorboat_31.08.23_091715_20secCPA.wav,0.911242604168626,0.8092717375720563,3.0,-41.60234
Hear My Ship: Motor Boats,Motorboat_31.08.23_092150_20secCPA.wav,0.35685954610749687,0.8914407731784117,3.0,-40.54243
Hear My Ship: Motor Boats,Motorboat_31.08.23_092846_20secCPA.wav,0.5464371855322598,0.9350730135900821,2.0,-42.486473
Hear My Ship: Motor Boats,Motorboat_31.08.23_111721_20secCPA.wav,0.7376311261806989,0.9058579532312008,4.0,-46.647346
Hear My Ship: Motor Boats,Motorboat_31.08.23_112731_20secCPA.wav,0.9742025306226894,0.8869409903530723,2.0,-44.456123
Hear My Ship: Motor Boats,Motorboat_31.08.23_115118_20secCPA.wav,0.9990471277708521,0.8983234473816577,3.0,-41.661446
Hear My Ship: Motor Boats,Motorboat_31.08.23_124915_20secCPA.wav,0.8738007337766567,0.8992842130986921,2.0,-46.34919
Hear My Ship: Motor Boats,Motorboat_31.08.23_130312_20secCPA.wav,0.44988643364533154,0.7302104707080961,3.0,-40.981125
Hear My Ship: Motor Boats,Motorboat_31.08.23_130520_20secCPA.wav,0.958513161796198,0.876692398457507,3.0,-39.654213
Hear My Ship: Motor Boats,Motorboat_31.08.23_132056_20secCPA.wav,0.4343757573659246,0.8546974811687426,3.0,-51.1604
Hear My Ship: Motor Boats,Motorboat_31.08.23_141107_20secCPA.wav,0.9730022770426091,0.91492300005807,3.0,-46.592087
Hear My Ship: Motor Boats,Motorboat_31.08.23_141329_20secCPA.wav,0.6287121024945673,0.9112837420793206,4.0,-40.247307
Hear My Ship: Motor Boats,Motorboat_31.08.23_142038_20secCPA.wav,0.999962728711467,0.8775094707441944,3.0,-50.472046
Hear My Ship: Motor Boats,Motorboat_31.08.23_145416_20secCPA.wav,0.33508303421658053,0.9033028369506739,3.0,-45.902077
Hear My Ship: Motor Boats,Motorboat_31.08.23_151440_20secCPA.wav,0.6897993354334786,0.9215442751652777,3.0,-39.345688
Hear My Ship: Motor Boats,Motorboat_31.08.23_155135_20secCPA.wav,0.9292088626517289,0.9066582736169146,2.0,-42.845108
Hear My Ship: Motor Boats,Motorboat_31.08.23_161841_20secCPA.wav,0.9792296665243225,0.9355179649430309,3.0,-38.92212
Hear My Ship: Motor Boats,Motorboat_31.08.23_162500_20secCPA.wav,0.6832808185412839,0.9333498166420072,2.0,-47.779564
Hear My Ship: Motor Boats,Motorboat_31.08.23_171415_20secCPA.wav,0.7303941616902994,0.9598522242109886,3.0,-43.105434
Hear My Ship: Motor Boats,Motorboat_31.08.23_171811_20secCPA.wav,0.46868802801239434,0.8877896408354551,3.0,-45.876915
Hear My Ship: Motor Boats,Motorboat_31.08.23_172650_20secCPA.wav,0.9531474410522587,0.8708505196487173,2.0,-42.19347
Hear My Ship: Motor Boats,Motorboat_31.08.23_174908_20secCPA.wav,0.9320116195510517,0.8982809266930649,3.0,-42.41951
Hear My Ship: Motor Boats,Motorboat_31.08.23_181715_20secCPA.wav,0.9999634919910555,0.920959793299001,3.0,-36.749897
Hear My Ship: Motor Boats,Motorboat_31.08.23_181842_20secCPA.wav,0.9599099472104337,0.9304032496756527,3.0,-48.332783
Hear My Ship: Motor Boats,Motorboat_31.08.23_182015_20secCPA.wav,0.8554133843388421,0.970019264453372,3.0,-50.286007
Hear My Ship: Motor Boats,Motorboat_31.08.23_185556_20secCPA.wav,0.8573357505939375,0.8074185132337968,9.0,-44.063698
Hear My Ship: Motor Boats,small_Yacht_03.08.23_124038_20secCPA.wav,0.5617364901320687,0.8730665109492252,3.0,-42.88216
Hear My Ship: Motor Boats,Yacht_01.09.23_133305_20secCPA.wav,0.9590473485051507,0.8927613610310934,3.0,-49.86948
Hear My Ship: Motor Boats,Yacht_02.09.23_072857_20secCPA.wav,0.9561636590571921,0.9490030407554714,4.0,-47.865658
Hear My Ship: Motor Boats,Yacht_02.09.23_091933_20secCPA.wav,0.9734031189674954,0.9002339719270016,11.0,-36.021664
Hear My Ship: Motor Boats,Yacht_02.09.23_132214_20secCPA.wav,0.61186703179401,0.8862381442406653,3.0,-41.79644
Hear My Ship: Motor Boats,Yacht_02.09.23_142736_20secCPA.wav,0.8607511502879556,0.8659186633411622,4.0,-50.244946
Hear My Ship: Motor Boats,yacht_02.09.23_153346_20secCPA.wav,0.9789772834541296,0.879762961855954,3.0,-41.692524
Hear My Ship: Motor Boats,Yacht_02.09.23_160034_20secCPA.wav,0.9347137040019231,0.9371604737879956,11.0,-49.826965
Hear My Ship: Motor Boats,Yacht_02.09.23_171045_20secCPA.wav,0.8623276211764429,0.8315001633686406,3.0,-37.134144
Hear My Ship: Motor Boats,Yacht_03.09.23_082122_20secCPA.wav,0.37959117950517685,0.8872138314985059,5.0,-35.110336
Hear My Ship: Motor Boats,Yacht_03.09.23_135335_20secCPA.wav,0.8723151239846411,0.8642257863343475,3.0,-42.3156
Hear My Ship: Motor Boats,Yacht_03.09.23_153123_20secCPA.wav,0.9077819503949098,0.9705444473943408,3.0,-52.300648
Hear My Ship: Motor Boats,Yacht_04.09.23_102413_20secCPA.wav,0.9202919808488901,0.9434124352132729,4.0,-54.81085
Hear My Ship: Motor Boats,Yacht_04.09.23_111457_20secCPA.wav,0.9999991004645483,0.9517118134846245,4.0,-48.025173
Hear My Ship: Motor Boats,Yacht_04.09.23_173103_20secCPA.wav,0.6031702204126845,0.9043106521205467,3.0,-41.576157
Hear My Ship: Motor Boats,Yacht_05.09.23_155957_20secCPA.wav,0.9674001739884499,0.920249730707549,6.0,-46.512608
Hear My Ship: Motor Boats,Yacht_06.09.23_111140_20secCPA.wav,0.9916692394772049,0.9043826006674962,3.0,-36.05237
Hear My Ship: Motor Boats,Yacht_08.08.23_115539_20secCPA.wav,0.8922113574629006,0.7384420880882657,2.0,-38.727703
Hear My Ship: Motor Boats,Yacht_08.08.23_130855_20secCPA.wav,0.45238239329112223,0.8814268696302274,3.0,-39.05953
Hear My Ship: Motor Boats,Yacht_08.08.23_132214_20secCPA.wav,0.750572702609022,0.8523274695581495,5.0,-37.40793
Hear My Ship: Motor Boats,Yacht_08.08.23_145802_20secCPA.wav,0.9999572832123025,0.8638557545973807,3.0,-41.110207
Hear My Ship: Motor Boats,Yacht_08.08.23_160837_20secCPA.wav,0.40268774808577185,0.888223413137252,3.0,-39.584866
Hear My Ship: Motor Boats,Yacht_08.08.23_180655_20secCPA.wav,0.5202575165161116,0.861343213077406,2.0,-48.22721
Hear My Ship: Motor Boats,Yacht_09.08.23_130356_20secCPA.wav,0.9439874023790777,0.8988113553398251,3.0,-36.845036
Hear My Ship: Motor Boats,Yacht_16.08.23_125826_20secCPA.wav,0.17728589507918088,0.8593427313020925,2.0,-48.89348
Hear My Ship: Motor Boats,Yacht_16.08.23_132653_20secCPA.wav,0.7716486529920583,0.9307519982466744,3.0,-44.082077
Hear My Ship: Motor Boats,Yacht_16.08.23_181956_20secCPA.wav,0.9861981786952853,0.9511511492543243,18.0,-39.50814
Hear My Ship: Motor Boats,Yacht_16.08.23_184123_20secCPA.wav,0.22408095407508796,0.9193726746887279,2.0,-45.308945
Hear My Ship: Motor Boats,Yacht_17.08.23_180128_20secCPA.wav,0.8487311673698246,0.9236840172150783,3.0,-41.357666
Hear My Ship: Motor Boats,Yacht_18.08.23_080254_20secCPA.wav,0.558483922848184,0.9689148928770369,2.0,-50.67924
Hear My Ship: Motor Boats,Yacht_18.08.23_081945_20secCPA.wav,1.0,0.9503813207555499,2.0,-46.519463
Hear My Ship: Motor Boats,Yacht_18.08.23_095625_20secCPA.wav,0.9849471717562169,0.9022316736625371,7.0,-40.376694
Hear My Ship: Motor Boats,Yacht_18.08.23_120122_20secCPA.wav,0.8849428608531914,0.8172457757618883,3.0,-40.974903
Hear My Ship: Motor Boats,Yacht_18.08.23_122722_20secCPA.wav,0.4718578115194284,0.8957545022531729,3.0,-40.047413
Hear My Ship: Motor Boats,Yacht_18.08.23_134510_20secCPA.wav,0.9601077194461948,0.9118329939586945,3.0,-45.420837
Hear My Ship: Motor Boats,Yacht_19.08.23_100335_20secCPA.wav,0.21401617402681383,0.8672576170309385,3.0,-48.038284
Hear My Ship: Motor Boats,Yacht_19.08.23_114219_20secCPA.wav,0.3609972568418234,0.8806366187419543,3.0,-47.463425
Hear My Ship: Motor Boats,Yacht_21.08.23_105741_20secCPA.wav,0.788135111572279,0.75490119377599,4.0,-37.593422
Hear My Ship: Motor Boats,Yacht_21.08.23_113208_20secCPA.wav,0.5465299097911791,0.9276847589988437,3.0,-42.070484
Hear My Ship: Motor Boats,Yacht_21.08.23_141604_20secCPA.wav,0.7680714670573037,0.9381134345373631,4.0,-45.580376
Hear My Ship: Motor Boats,Yacht_21.08.23_165827_20secCPA.wav,1.0,0.958235368090106,2.0,-39.916805
Hear My Ship: Motor Boats,Yacht_21.08.23_171611_20secCPA.wav,0.9999654877883504,0.8388187447762244,2.0,-38.32547
Hear My Ship: Motor Boats,Yacht_22.08.23_084909_20secCPA.wav,0.9355066465073588,0.9489997894588947,3.0,-49.374756
Hear My Ship: Motor Boats,Yacht_22.08.23_112131_20secCPA.wav,0.91148691767709,0.9523929492168438,3.0,-39.566967
Hear My Ship: Motor Boats,Yacht_23.08.23_130229_20secCPA.wav,0.9993252180804261,0.9501560406678137,11.0,-43.105618
Hear My Ship: Motor Boats,Yacht_23.08.23_134805_20secCPA.wav,0.8993114514783015,0.8126573385354602,4.0,-41.57368
Hear My Ship: Motor Boats,Yacht_24.08.23_105812_20secCPA.wav,0.6213481792445738,0.8953701755074931,3.0,-42.411682
Hear My Ship: Motor Boats,Yacht_24.08.23_125029_20secCPA.wav,0.9465447450814207,0.9241806151140175,3.0,-45.62622
Hear My Ship: Motor Boats,Yacht_25.08.23_143635_20secCPA.wav,0.7234820378724056,0.9699702344178732,4.0,-47.650562
Hear My Ship: Motor Boats,Yacht_26.08.23_080414_20secCPA.wav,0.9993028981638041,0.8268543099440284,4.0,-40.729507
Hear My Ship: Motor Boats,Yacht_26.08.23_180114_20secCPA.wav,0.34429248079784996,0.8510663003047856,2.0,-48.594242
Hear My Ship: Motor Boats,Yacht__17.08.23_150710_20secCPA.wav,0.9998517916486918,0.9054475080283239,3.0,-40.519238
Hear My Ship: Yachts,Large_Yacht_Excellence_02.08.23_143345_20secCPA.wav,0.7233598761911125,0.9634811636486125,4.0,-36.65359
Hear My Ship: Yachts,Motorboat_08.08.23_164553_20secCPA.wav,0.9181176615905005,0.7418151886448369,3.0,-46.569633
Hear My Ship: Yachts,Motorboat_27.08.23_080342_20secCPA.wav,0.510145830923233,0.8927037116335286,2.0,-58.301323
Hear My Ship: Yachts,Yacht_01.09.23_083612_20secCPA.wav,0.9999983314482978,0.9313674299120297,4.0,-38.57431
Hear My Ship: Yachts,Yacht_01.09.23_121013_20secCPA.wav,0.6410055986239117,0.9342001218116226,2.0,-42.491623
Hear My Ship: Yachts,Yacht_01.09.23_134333_20secCPA.wav,0.8894736842105263,0.9377317104042515,2.0,-43.201214
Hear My Ship: Yachts,Yacht_01.09.23_140506_20secCPA.wav,0.4060871172122492,0.9314376967002967,3.0,-37.75366
Hear My Ship: Yachts,Yacht_02.08.23_105955_20secCPA.wav,0.3926096490022916,0.9544832257835763,3.0,-42.263226
Hear My Ship: Yachts,Yacht_02.08.23_111540_20secCPA.wav,0.5391397491675763,0.9290488796671168,4.0,-41.358
Hear My Ship: Yachts,Yacht_02.08.23_120420_20secCPA.wav,0.49662340405479405,0.8684498181729579,3.0,-38.914024
Hear My Ship: Yachts,Yacht_02.08.23_121454_20secCPA.wav,0.9148327375031018,0.8760739167492333,7.0,-39.50668
Hear My Ship: Yachts,Yacht_02.08.23_140001_20secCPA.wav,0.874222287133051,0.8571268385318265,7.0,-42.19255
Hear My Ship: Yachts,Yacht_02.09.23_071510_20secCPA.wav,0.437645959372387,0.9297949070406637,3.0,-41.683002
Hear My Ship: Yachts,Yacht_02.09.23_074420_20secCPA.wav,0.8847338194561604,0.9311354777515848,3.0,-41.397495
Hear My Ship: Yachts,Yacht_02.09.23_092827_20secCPA.wav,0.828765388776414,0.7455637276290716,5.0,-40.607025
Hear My Ship: Yachts,Yacht_02.09.23_095838_20secCPA.wav,0.17424540863805915,0.9611461261590148,2.0,-45.589146
Hear My Ship: Yachts,Yacht_02.09.23_102125_20secCPA.wav,0.5394794701562374,0.9080258557282419,2.0,-45.366905
Hear My Ship: Yachts,Yacht_02.09.23_111024_20secCPA.wav,0.7662106389992925,0.8972915357834459,3.0,-41.428757
Hear My Ship: Yachts,Yacht_02.09.23_132214_20secCPA.wav,0.61186703179401,0.8862381442406653,3.0,-41.79644
Hear My Ship: Yachts,Yacht_02.09.23_144107_20secCPA.wav,0.8890820056020825,0.9399830090171646,14.0,-44.31252
Hear My Ship: Yachts,Yacht_02.09.23_170906_20secCPA.wav,0.9999609028827607,0.9224616050090076,3.0,-37.687374
Hear My Ship: Yachts,Yacht_03.08.23_123829_20secCPA.wav,0.6831257466229669,0.9306836216579338,3.0,-39.13005
Hear My Ship: Yachts,Yacht_03.08.23_125918_20secCPA.wav,0.27157103060631427,0.9015440518441044,2.0,-45.614365
Hear My Ship: Yachts,Yacht_03.08.23_145424_20secCPA.wav,0.32988030222928244,0.9082832549656715,3.0,-47.31956
Hear My Ship: Yachts,Yacht_03.08.23_152747_20secCPA.wav,0.8316907584862758,0.8638230631891214,3.0,-45.60307
Hear My Ship: Yachts,Yacht_03.08.23_160021_20secCPA.wav,0.21557359789664665,0.9007248090338922,2.0,-45.345955
Hear My Ship: Yachts,Yacht_03.09.23_080617_20secCPA.wav,0.8888753117728394,0.9343260458240842,4.0,-45.5518
Hear My Ship: Yachts,Yacht_03.09.23_081218_20secCPA.wav,0.8816520206967942,0.9689383680258619,3.0,-41.39166
Hear My Ship: Yachts,Yacht_03.09.23_100017_20secCPA.wav,0.8546180601500917,0.8542187968387136,3.0,-35.465958
Hear My Ship: Yachts,Yacht_03.09.23_132725_20secCPA.wav,0.961764190298265,0.83209879762611,2.0,-40.539303
Hear My Ship: Yachts,Yacht_03.09.23_144857_20secCPA.wav,0.6966554193998604,0.9352550793757293,3.0,-45.487907
Hear My Ship: Yachts,Yacht_03.09.23_170030_20secCPA.wav,0.9582086685451394,0.9497553532033807,3.0,-48.451553
Hear My Ship: Yachts,Yacht_04.09.23_090139_20secCPA.wav,0.8243549343547052,0.9437944818206029,2.0,-37.884743
Hear My Ship: Yachts,Yacht_04.09.23_092452_20secCPA.wav,0.41221905559130784,0.8675362198734469,2.0,-42.4347
Hear My Ship: Yachts,Yacht_04.09.23_094840_20seCPA.wav,0.7710327135965627,0.9664080943940035,3.0,-45.912086
Hear My Ship: Yachts,Yacht_04.09.23_100632_20secCPA.wav,0.5811551370492611,0.8579894662394333,5.0,-44.650803
Hear My Ship: Yachts,Yacht_04.09.23_104716_20secCPA.wav,0.9770395916259002,0.896532910390912,10.0,-31.967102
Hear My Ship: Yachts,Yacht_04.09.23_113354_20secCPA.wav,0.5591844132257344,0.9698300427295871,2.0,-56.024864
Hear My Ship: Yachts,Yacht_04.09.23_115826_20secCPA.wav,0.777502984096831,0.900106310034853,3.0,-43.708282
Hear My Ship: Yachts,Yacht_04.09.23_115912_20secCPA.wav,0.8678751348264704,0.8018729822842716,3.0,-32.578922
Hear My Ship: Yachts,Yacht_04.09.23_120708_20secCPA.wav,0.9884362418415193,0.9235224573721759,3.0,-42.26156
Hear My Ship: Yachts,Yacht_04.09.23_132431_20secCPA.wav,0.8297688374529938,0.9622545952895694,5.0,-50.098877
Hear My Ship: Yachts,Yacht_04.09.23_140610_20secCPA.wav,0.8839259052961514,0.9736361489825038,11.0,-46.742035
Hear My Ship: Yachts,Yacht_04.09.23_172151_20secCPA.wav,0.9733096647855183,0.9546610133333545,17.0,-41.008423
Hear My Ship: Yachts,Yacht_04.09.23_180224_20secCPA.wav,0.8392961876832845,0.9301125311959542,2.0,-42.17306
Hear My Ship: Yachts,Yacht_05.09.23_125359_20secCPA.wav,0.5148633287420329,0.9064175047539758,3.0,-44.807545
Hear My Ship: Yachts,Yacht_05.09.23_150427_20secCPA.wav,0.9999757693775013,0.8881266381634072,3.0,-40.764236
Hear My Ship: Yachts,Yacht_05.09.23_163348_20secCPA.wav,0.35525534424485233,0.8369772796795016,4.0,-42.074127
Hear My Ship: Yachts,Yacht_05.09.23_164943_20secCPA.wav,0.9932617380809975,0.8829150626445926,9.0,-35.972595
Hear My Ship: Yachts,Yacht_05.09.23_181626_20secCPA.wav,0.7021553620018357,0.8771136148472695,3.0,-38.962112
Hear My Ship: Yachts,Yacht_05.09.23_182617_20secCPA.wav,0.8765502256272899,0.9174987351217274,4.0,-43.955673
Hear My Ship: Yachts,Yacht_06.09.23_082824_20secCPA.wav,0.9198143251825183,0.9280643007744852,3.0,-47.452335
Hear My Ship: Yachts,Yacht_06.09.23_084728_20secCPA.wav,0.7858322458291476,0.9708983248378796,3.0,-31.378052
Hear My Ship: Yachts,Yacht_06.09.23_102044_20secCPA.wav,0.9435994475976517,0.9049725743982625,2.0,-51.613213
Hear My Ship: Yachts,Yacht_06.09.23_103758_20secCPA.wav,0.646852397994766,0.8291075977648545,2.0,-41.84546
Hear My Ship: Yachts,Yacht_06.09.23_103907_20secCPA.wav,0.6495514455116613,0.9673175887507053,3.0,-46.967056
Hear My Ship: Yachts,Yacht_06.09.23_110309_20secCPA.wav,0.5092715870380468,0.9529827053019626,2.0,-48.58048
Hear My Ship: Yachts,Yacht_08.08.23_110632_20secCPA.wav,0.507750805522479,0.954493116854415,2.0,-42.43022
Hear My Ship: Yachts,Yacht_08.08.23_115046_20secCPA.wav,0.9977068629401233,0.8390824995115992,10.0,-35.46674
Hear My Ship: Yachts,Yacht_08.08.23_121418_20secCPA.wav,0.9935597937501535,0.9220300622781328,2.0,-38.37856
Hear My Ship: Yachts,Yacht_08.08.23_125009_20secCPA.wav,0.4601616711425121,0.9472849998185545,2.0,-34.606117
Hear My Ship: Yachts,Yacht_08.08.23_143715_20secCPA.wav,0.9947795525889366,0.9109562917285721,3.0,-40.944344
Hear My Ship: Yachts,Yacht_08.08.23_161522_20secCPA.wav,0.9413707355893942,0.728586878543466,3.0,-41.61844
Hear My Ship: Yachts,Yacht_08.08.23_164916_20secCPA.wav,0.9864344169985583,0.9008247500264039,6.0,-50.176292
Hear My Ship: Yachts,Yacht_08.08.23_185634_20secCPA.wav,0.6937388321460787,0.948528085533311,3.0,-46.514
Hear My Ship: Yachts,Yacht_09.08.23_081725_20secCPA.wav,0.5766010951389771,0.9798834290047015,2.0,-50.994534
Hear My Ship: Yachts,Yacht_09.08.23_083541_20secCPA.wav,0.9624845983216193,0.810806463184027,3.0,-45.854527
Hear My Ship: Yachts,Yacht_09.08.23_091813_20secCPA.wav,0.3579843270137731,0.8750137345884439,3.0,-46.211006
Hear My Ship: Yachts,Yacht_09.08.23_102522_20secCPA.wav,0.7475900060339241,0.8984932152046022,2.0,-45.95795
Hear My Ship: Yachts,Yacht_09.08.23_132831_20secCPA.wav,0.9410034290931666,0.9038716903011144,3.0,-31.14249
Hear My Ship: Yachts,Yacht_09.08.23_140327_20secCPA.wav,0.8758877671819917,0.8779114240036794,2.0,-32.988914
Hear My Ship: Yachts,Yacht_09.08.23_145626_20secCPA.wav,0.9307692307692308,0.8539781771429205,2.0,-41.810986
Hear My Ship: Yachts,Yacht_09.08.23_153427_20secCPA.wav,0.2987720744224321,0.923141853365678,2.0,-46.720623
Hear My Ship: Yachts,Yacht_16.08.23_120014_20secCPA.wav,0.6290779561614369,0.8912177743807592,3.0,-44.147778
Hear My Ship: Yachts,Yacht_16.08.23_165921_20secCPA.wav,0.999999291521864,0.8734742828239694,3.0,-45.185196
Hear My Ship: Yachts,Yacht_17.08.23_070822_20secCPA.wav,0.6619313850063533,0.9670855318666277,2.0,-45.427643
Hear My Ship: Yachts,Yacht_17.08.23_072022_20secCPA.wav,0.9974300055710512,0.9549844234182949,20.0,-40.255352
Hear My Ship: Yachts,Yacht_17.08.23_072520_20secCPA.wav,0.5841435912804693,0.8791998205343653,2.0,-37.341446
Hear My Ship: Yachts,Yacht_17.08.23_080644(excellence)_20secCPA.wav,0.791715575504747,0.9414866149349439,3.0,-44.51123
Hear My Ship: Yachts,Yacht_18.08.23_102841_20secCPA.wav,0.32499912981966117,0.8410596492035846,3.0,-45.528408
Hear My Ship: Yachts,Yacht_18.08.23_125756_20secCPA.wav,0.9307605848366062,0.9440292524884831,2.0,-46.329346
Hear My Ship: Yachts,Yacht_19.08.23_070846_20secCPA.wav,0.3244959621948718,0.9504451807705859,3.0,-53.34388
Hear My Ship: Yachts,Yacht_19.08.23_075708_20secCPA.wav,0.6289540219862584,0.9611871109909095,3.0,-41.972168
Hear My Ship: Yachts,Yacht_19.08.23_083539_20secCPA.wav,0.9312847118961882,0.9801846059637226,3.0,-52.494324
Hear My Ship: Yachts,Yacht_19.08.23_091726_20secCPA.wav,0.9529525205266095,0.8913525536279291,3.0,-50.23771
Hear My Ship: Yachts,Yacht_19.08.23_094813_20secCPA.wav,0.9956025430911724,0.8685883827054239,6.0,-36.639885
Hear My Ship: Yachts,Yacht_21.08.23_112559_20secCPA.wav,0.9998782714546561,0.832426823687091,3.0,-38.281876
Hear My Ship: Yachts,Yacht_21.08.23_113849_20secCPA.wav,0.995749987625328,0.9624236167132488,19.0,-37.70835
Hear My Ship: Yachts,Yacht_21.08.23_125600_20secCPA.wav,0.9999930277148336,0.9292355277746897,3.0,-33.741806
Hear My Ship: Yachts,Yacht_21.08.23_174741_20secCPA.wav,0.9280087369352131,0.8693758534378798,3.0,-50.196213
Hear My Ship: Yachts,Yacht_22.08.23_103400_20secCPA.wav,0.8808979248522278,0.9616790107000212,5.0,-36.929058
Hear My Ship: Yachts,Yacht_22.08.23_125410_20secCPA.wav,0.6718683349003254,0.8447081632739526,4.0,-36.600143
Hear My Ship: Yachts,Yacht_22.08.23_140935_20secCPA.wav,0.18372307497404525,0.9059870749471444,3.0,-45.41768
Hear My Ship: Yachts,Yacht_22.08.23_150934_20secCPA.wav,0.9219536829102501,0.8532842284726678,3.0,-46.47149
Hear My Ship: Yachts,Yacht_22.08.23_155240_20secCPA.wav,0.8764884998007736,0.8956204126512077,3.0,-48.981358
Hear My Ship: Yachts,Yacht_22.08.23_162809_20secCPA.wav,0.6698851679935591,0.9225227011534888,3.0,-41.68037
Hear My Ship: Yachts,Yacht_23.08.23_074452_20secCPA.wav,0.778460191915634,0.9160570345469916,2.0,-35.68361
Hear My Ship: Yachts,Yacht_23.08.23_075308_20secCPA.wav,0.3708485864982081,0.8737033361431139,3.0,-34.388264
Hear My Ship: Yachts,Yacht_23.08.23_084326_20secCPA.wav,0.7639150718315124,0.9585217796310762,3.0,-42.76008
Hear My Ship: Yachts,Yacht_23.08.23_111609_20secCPA.wav,0.7232276631443271,0.9406106082962674,3.0,-42.57763
Hear My Ship: Yachts,Yacht_23.08.23_114724_20secCPA.wav,0.690533641798362,0.9766884211514767,3.0,-43.948433
Hear My Ship: Yachts,Yacht_23.08.23_125501_20secCPA.wav,0.9999423095864582,0.9566994967835036,3.0,-36.243164
Hear My Ship: Yachts,Yacht_23.08.23_144609_20secCPA.wav,0.7985248840605188,0.9702948758304322,4.0,-44.756805
Hear My Ship: Yachts,Yacht_23.08.23_150046_20secCPA.wav,0.8680612970609104,0.8674159427456449,3.0,-37.2165
Hear My Ship: Yachts,Yacht_24.08.23_073045_20secCPA.wav,0.8213576523645356,0.9251216665278925,5.0,-39.35019
Hear My Ship: Yachts,Yacht_24.08.23_092216_20secCPA.wav,0.309190994587281,0.9356337422089013,3.0,-41.03001
Hear My Ship: Yachts,Yacht_24.08.23_131046_20secCPA.wav,0.7365478494486348,0.9528450832259028,3.0,-37.488503
Hear My Ship: Yachts,Yacht_24.08.23_135926_20secCPA.wav,0.6612287021015296,0.9622452024606799,4.0,-36.974785
Hear My Ship: Yachts,Yacht_25.08.23_133707_20secCPA.wav,0.9750862137395154,0.9549576961199497,24.0,-41.78278
Hear My Ship: Yachts,Yacht_25.08.23_134405_20secCPA.wav,0.36301886662142957,0.8509761563907077,2.0,-43.096474
Hear My Ship: Yachts,Yacht_25.08.23_144257_20secCPA.wav,0.8979228060657409,0.9328000272234716,4.0,-39.56481
Hear My Ship: Yachts,Yacht_25.08.23_144720_20secCPA.wav,0.9429853655827386,0.9797470411376482,27.0,-48.467674
Hear My Ship: Yachts,Yacht_25.08.23_151657_20secCPA.wav,0.7388282522272248,0.8919672872769413,3.0,-38.719894
Hear My Ship: Yachts,Yacht_26.08.23_075533_20secCPA.wav,0.9919620215688243,0.9635538755399311,4.0,-48.219673
Hear My Ship: Yachts,Yacht_26.08.23_114054_20secCPA.wav,0.943380308747856,0.8555420493201247,3.0,-41.26345
Hear My Ship: Yachts,Yacht_26.08.23_125504_20secCPA.wav,0.9469385537305555,0.9288918855478692,4.0,-44.191093
Hear My Ship: Yachts,Yacht_26.08.23_132201_20secCPA.wav,0.893375017484963,0.939687794769931,3.0,-46.345364
Hear My Ship: Yachts,Yacht_26.08.23_164144_20secCPA.wav,0.9346356452140766,0.9441916961137452,48.0,-41.854267
Hear My Ship: Yachts,Yacht_26.08.23_174507_20secCPA.wav,0.9484111187801071,0.9550989071544295,3.0,-41.07317
Hear My Ship: Yachts,Yacht_28.08.23_115417_20secCPA.wav,0.7136645529604284,0.9043637240990992,4.0,-41.596714
Hear My Ship: Yachts,Yacht_28.08.23_125837_20secCPA.wav,0.7872668471561954,0.972789379472,2.0,-42.254234
Hear My Ship: Yachts,Yacht_31.08.23_094337_20secCPA.wav,0.9998164565080944,0.9426597799211526,5.0,-47.291473
Hear My Ship: Yachts,Yacht_31.08.23_173659_20secCPA.wav,0.6189762521321344,0.9394345057311138,2.0,-32.27455
Hear My Ship: Sail Boats,Sail Boat_01.09.23_075421_20secCPA.wav,0.9999991291218971,0.8717004495210492,3.0,-56.449795
Hear My Ship: Sail Boats,Sail Boat_01.09.23_080332_20secCPA.wav,0.9995028252283401,0.8833136969536839,4.0,-51.79576
Hear My Ship: Sail Boats,Sail Boat_01.09.23_082547_20secCPA.wav,0.7639039680698974,0.9515084165240942,3.0,-57.346916
Hear My Ship: Sail Boats,Sail Boat_01.09.23_084357_20secCPA.wav,0.8871690198868957,0.977455199814281,4.0,-59.30947
Hear My Ship: Sail Boats,Sail Boat_01.09.23_093122_20secCPA.wav,0.9002244486489,0.9390067080326258,4.0,-54.83654
Hear My Ship: Sail Boats,Sail Boat_01.09.23_094454_20secCPA.wav,0.7295051245771993,0.9028944697880258,3.0,-57.114166
Hear My Ship: Sail Boats,Sail Boat_01.09.23_095621_20secCPA.wav,0.9999995263813857,0.9070011513590218,3.0,-53.434902
Hear My Ship: Sail Boats,Sail Boat_01.09.23_105917_20secCPA.wav,0.27203411720389603,0.9473617516100896,2.0,-52.68406
Hear My Ship: Sail Boats,Sail Boat_01.09.23_120850_20secCPA.wav,0.975752218568681,0.9028714467635106,4.0,-51.36084
Hear My Ship: Sail Boats,Sail Boat_01.09.23_133744_20secCPA.wav,0.9139137522052428,0.9624839211692254,4.0,-53.13519
Hear My Ship: Sail Boats,Sail Boat_01.09.23_160823_20secCPA.wav,0.9105551359516616,0.9816726184794048,3.0,-50.417526
Hear My Ship: Sail Boats,Sail Boat_01.09.23_161014_20secCPA.wav,0.7649090812534182,0.9542584325602237,4.0,-53.240208
Hear My Ship: Sail Boats,Sail Boat_01.09.23_162011_20secCPA.wav,1.0,0.9453033123917627,3.0,-45.0203
Hear My Ship: Sail Boats,Sail Boat_01.09.23_162702_20secCPA.wav,0.7806445910184701,0.9517942883958961,6.0,-49.368286
Hear My Ship: Sail Boats,Sail Boat_01.09.23_184231_20secCPA.wav,0.9308573643926533,0.9495937991549765,7.0,-53.521748
Hear My Ship: Sail Boats,Sail Boat_02.09.23_073415_20secCPA.wav,0.9999999457879923,0.8950546134619202,2.0,-48.476227
Hear My Ship: Sail Boats,Sail Boat_02.09.23_074656_20secCPA.wav,0.927482374993719,0.9125132076975804,3.0,-54.377903
Hear My Ship: Sail Boats,Sail Boat_02.09.23_075655_20secCPA.wav,0.9279888029471869,0.9662041558054618,3.0,-56.27788
Hear My Ship: Sail Boats,Sail Boat_02.09.23_100601_20secCPA.wav,0.3461716971744891,0.94621972162507,3.0,-53.69987
Hear My Ship: Sail Boats,Sail Boat_02.09.23_103845_20secCPA.wav,0.8376836389333135,0.942027069624302,3.0,-38.37925
Hear My Ship: Sail Boats,Sail Boat_02.09.23_125213_20secCPA.wav,0.7817300389296962,0.8870287208119865,4.0,-53.95391
Hear My Ship: Sail Boats,Sail Boat_02.09.23_134700_20secCPA.wav,0.8941723008926539,0.935211595862298,4.0,-48.053467
Hear My Ship: Sail Boats,Sail Boat_02.09.23_141617_20secCPA.wav,0.7951007809546907,0.9227449608502929,3.0,-47.995743
Hear My Ship: Sail Boats,Sail Boat_02.09.23_141948_20secCPA.wav,0.9759214537404319,0.8284953460284722,4.0,-46.36234
Hear My Ship: Sail Boats,Sail Boat_02.09.23_143018_20secCPA.wav,0.7262100416374889,0.8695234729165563,3.0,-56.36413
Hear My Ship: Sail Boats,Sail Boat_02.09.23_155300_20secCPA.wav,0.9891971454058875,0.9371444726197471,3.0,-51.995358
Hear My Ship: Sail Boats,Sail Boat_02.09.23_160427_20secCPA.wav,0.7002042991637983,0.8896037147429164,2.0,-54.737785
Hear My Ship: Sail Boats,Sail Boat_02.09.23_160609_20secCPA.wav,0.26102899231599563,0.9777152801123096,3.0,-49.464535
Hear My Ship: Sail Boats,Sail Boat_02.09.23_163452_20secCPA.wav,0.41797855211845186,0.9417329596102006,3.0,-46.700188
Hear My Ship: Sail Boats,Sail Boat_02.09.23_172735_20secCPA.wav,0.46785206684695163,0.9278465598493076,3.0,-52.60665
Hear My Ship: Sail Boats,Sail Boat_02.09.23_174457_20secCPA.wav,0.8767454842136321,0.9436490968132781,3.0,-56.145367
Hear My Ship: Sail Boats,Sail Boat_03.09.23_070658_20secCPA.wav,0.9474828375286041,0.45597045184709495,3.0,-55.220734
Hear My Ship: Sail Boats,Sail Boat_03.09.23_081405_20secCPA.wav,0.7724370480217669,0.9308102286610043,4.0,-54.724983
Hear My Ship: Sail Boats,Sail Boat_03.09.23_081619_20secCPA.wav,0.3455141676273428,0.881426935242822,2.0,-54.62473
Hear My Ship: Sail Boats,Sail Boat_03.09.23_083642_20secCPA.wav,0.8962285536528819,0.8637552518725788,7.0,-59.28051
Hear My Ship: Sail Boats,Sail Boat_03.09.23_085357_20secCPA.wav,0.3548693359185504,0.9414478884686086,3.0,-48.933468
Hear My Ship: Sail Boats,Sail Boat_03.09.23_103716_20secCPA.wav,0.48121935404467947,0.983897337715216,3.0,-56.3477
Hear My Ship: Sail Boats,Sail Boat_03.09.23_130848_20secCPA.wav,0.29557862360630527,0.897486678302394,3.0,-49.014046
Hear My Ship: Sail Boats,Sail Boat_03.09.23_131350_20secCPA.wav,0.6469992139607385,0.9415075200250526,2.0,-45.107887
Hear My Ship: Sail Boats,Sail Boat_03.09.23_131840_20secCPA.wav,0.8610423129496733,0.9166683114177544,4.0,-57.986717
Hear My Ship: Sail Boats,Sail Boat_03.09.23_132106_20secCPA.wav,0.3471069005123577,0.9885136778039022,3.0,-59.337193
Hear My Ship: Sail Boats,Sail Boat_03.09.23_141540_20secCPA.wav,0.9965015203280895,0.9742434034399149,5.0,-54.661263
Hear My Ship: Sail Boats,Sail Boat_03.09.23_172030_20secCPA.wav,0.9970425658840367,0.9664239619113407,4.0,-49.650032
Hear My Ship: Sail Boats,Sail Boat_09.08.23_080517_20secCPA.wav,0.9153688311264722,0.9115905714970624,3.0,-49.06662
Hear My Ship: Sail Boats,Sail Boat_09.08.23_082921_20secCPA.wav,0.25627090013554077,0.8876877910541944,3.0,-57.39945
Hear My Ship: Sail Boats,Sail Boat_09.08.23_162053_20secCPA.wav,0.6558834786533576,0.9058290974245493,3.0,-44.944885
Hear My Ship: Sail Boats,Sail Boat_16.08.22_143007_20secCPA.wav,0.7321071648670322,0.947670672630248,3.0,-46.1159
Hear My Ship: Sail Boats,Sail Boat_16.08.23_133733_20secCPA.wav,0.5300592526366584,0.9607541822362375,3.0,-53.91339
Hear My Ship: Sail Boats,Sail Boat_16.08.23_155042_20secCPA.wav,0.3116154149196144,0.9592749815092242,3.0,-56.458107
Hear My Ship: Sail Boats,Sail Boat_16.08.23_161825_20secCPA.wav,0.6526993757828851,0.8346487226736781,5.0,-57.066784
Hear My Ship: Sail Boats,Sail Boat_16.08.23_175354_20secCPA.wav,0.8263209688664862,0.9572814763658053,5.0,-55.52115
Hear My Ship: Sail Boats,Sail Boat_17.08.23_092037_20secCPA.wav,0.9411533034990134,0.9297090486069239,2.0,-46.227818
Hear My Ship: Sail Boats,Sail Boat_17.08.23_134124_20secCPA.wav,0.9998024213227539,0.830421400848032,3.0,-50.163265
Hear My Ship: Sail Boats,Sail Boat_17.08.23_161134_20secCPA.wav,0.8188116282773419,0.929102036800452,4.0,-51.385803
Hear My Ship: Sail Boats,Sail Boat_18.08.23_072816_20secCPA.wav,0.8634045554087514,0.9459078331895325,4.0,-58.322502
Hear My Ship: Sail Boats,Sail Boat_18.08.23_073356_20secCPA.wav,0.6913078874654267,0.9531160484262657,2.0,-54.712578
Hear My Ship: Sail Boats,Sail Boat_18.08.23_080953_20secCPA.wav,0.7710137024571317,0.8993160587494852,3.0,-56.77927
Hear My Ship: Sail Boats,Sail Boat_18.08.23_082635_20secCPA.wav,1.0,0.9862067960589255,2.0,-56.714405
Hear My Ship: Sail Boats,Sail Boat_18.08.23_084033_20secCPA.wav,0.8946433184729831,0.9143136326339416,5.0,-45.02865
Hear My Ship: Sail Boats,Sail Boat_18.08.23_085239_20secCPA.wav,0.28703381526098826,0.9153350757111977,3.0,-48.17738
Hear My Ship: Sail Boats,Sail Boat_18.08.23_111454_20secCPA.wav,0.9688816473898466,0.9129746941925175,5.0,-47.122284
Hear My Ship: Sail Boats,Sail Boat_18.08.23_132636_20secCPA.wav,0.8511699157173852,0.9057272570016902,15.0,-57.40339
Hear My Ship: Sail Boats,Sail Boat_19.08.23_072040_20secCPA.wav,0.5091164627322656,0.9463630031230372,2.0,-45.649494
Hear My Ship: Sail Boats,Sail Boat_19.08.23_072658_20secCPA.wav,0.9802277276653584,0.9267886936084488,3.0,-49.296158
Hear My Ship: Sail Boats,Sail Boat_19.08.23_073346_20secCPA.wav,0.9759245185348565,0.9499209232530051,11.0,-51.8748
Hear My Ship: Sail Boats,Sail Boat_19.08.23_073958_20secCPA.wav,1.0,0.9882020630785731,3.0,-58.214725
Hear My Ship: Sail Boats,Sail Boat_19.08.23_075213_20secCPA.wav,0.9999993781665971,0.9085504537421125,5.0,-54.15031
Hear My Ship: Sail Boats,Sail Boat_19.08.23_085018_20secCPA.wav,0.9887893596709777,0.9254668347636177,5.0,-59.074173
Hear My Ship: Sail Boats,Sail Boat_19.08.23_093440_20secCPA.wav,0.8079748318619014,0.9421460051123636,3.0,-55.475838
Hear My Ship: Sail Boats,Sail Boat_19.08.23_123030_20secCPA.wav,0.8247447112916789,0.9428572160348747,3.0,-50.361588
Hear My Ship: Sail Boats,Sail Boat_21.08.23_102850_20secCPA.wav,0.5516232014694173,0.7833545690018349,3.0,-53.33097
Hear My Ship: Sail Boats,Sail Boat_21.08.23_150059_20secCPA.wav,0.9996519963087205,0.9012554270614908,3.0,-56.143852
Hear My Ship: Sail Boats,Sail Boat_21.08.23_150550_20secCPA.wav,0.3181970624894486,0.9630934128038863,4.0,-51.65171
Hear My Ship: Sail Boats,Sail Boat_21.08.23_151233_20secCPA.wav,0.9999970409392558,0.9217155051803609,6.0,-53.66873
Hear My Ship: Sail Boats,Sail Boat_21.08.23_165426_20secCPA.wav,0.6942685640912443,0.9107496217977737,4.0,-53.805588
Hear My Ship: Sail Boats,Sail Boat_22.08.23_103031_20secCPA.wav,0.8065554736605755,0.938536467645432,3.0,-59.104897
Hear My Ship: Sail Boats,Sail Boat_22.08.23_130501_20secCPA.wav,0.6567193397189446,0.9528668264114282,3.0,-55.27339
Hear My Ship: Sail Boats,Sail Boat_22.08.23_130938_20secCPA.wav,0.8299573323485951,0.9288586733107925,3.0,-52.59031
Hear My Ship: Sail Boats,Sail Boat_22.08.23_141254_20secCPA.wav,0.5084344191867144,0.9788293814037955,3.0,-52.537636
Hear My Ship: Sail Boats,Sail Boat_22.08.23_154524_20secCPA.wav,0.9999992556392668,0.9438797989477277,7.0,-53.99247
Hear My Ship: Sail Boats,Sail Boat_22.08.23_170735_20secCPA.wav,0.6136085344274962,0.9442218227113934,13.0,-41.568455
Hear My Ship: Sail Boats,Sail Boat_22.08.23_184551_20secCPA.wav,0.9627657941255451,0.784860697079896,2.0,-51.75869
Hear My Ship: Sail Boats,Sail Boat_22.08.23_190114_20secCPA.wav,0.9330331034682284,0.924774085148037,6.0,-33.87585
Hear My Ship: Sail Boats,Sail Boat_23.08.23_082920_20secCPA.wav,0.297082782388387,0.8636227184944452,2.0,-56.75878
Hear My Ship: Sail Boats,Sail Boat_23.08.23_085728_20secCPA.wav,1.0,0.9684067425695602,2.0,-60.138622
Hear My Ship: Sail Boats,Sail Boat_23.08.23_121510_20secCPA.wav,0.9999987799572088,0.83898505970801,3.0,-51.650345
Hear My Ship: Sail Boats,Sail Boat_23.08.23_162852_20secCPA.wav,0.42759041658016894,0.9242476521842176,3.0,-53.57883
Hear My Ship: Sail Boats,Sail Boat_23.08.23_164834_20secCPA.wav,0.9163654529307282,0.9636389178696659,3.0,-57.424774
Hear My Ship: Sail Boats,Sail Boat_23.08.23_165254_20secCPA.wav,0.2737240819832502,0.9255939341413084,3.0,-53.22899
Hear My Ship: Sail Boats,Sail Boat_23.08.23_172855_20secCPA.wav,0.8520210702691623,0.9579791739939041,4.0,-57.953648
Hear My Ship: Sail Boats,Sail Boat_23.08.23_175443_20secCPA.wav,0.4954727948700064,0.9109710913766588,3.0,-53.173508
Hear My Ship: Sail Boats,Sail Boat_23.08.23_181854_20secCPA.wav,0.35956098212171134,0.9834136816454997,2.0,-54.742588
Hear My Ship: Sail Boats,Sail Boat_24.08.23_074909_20secCPA.wav,0.19162779066074576,0.9959863009903803,3.0,-58.117256
Hear My Ship: Sail Boats,Sail Boat_24.08.23_083742_20secCPA.wav,0.7175992597686071,0.9326956609825436,3.0,-51.491657
Hear My Ship: Sail Boats,Sail Boat_24.08.23_130720_20secCPA.wav,0.6210501975488985,0.9634570971769953,3.0,-57.35989
Hear My Ship: Sail Boats,Sail Boat_24.08.23_131842_20secCPA.wav,0.8401589477977375,0.8364743890441532,3.0,-43.036682
Hear My Ship: Sail Boats,Sail Boat_25.08.23_102358_20secCPA.wav,0.4249928274284609,0.976466349345077,2.0,-56.78714
Hear My Ship: Sail Boats,Sail Boat_25.08.23_104224_20secCPA.wav,0.47011077736167267,0.9540559790275568,2.0,-59.84322
Hear My Ship: Sail Boats,Sail Boat_25.08.23_145353_20secCPA.wav,0.5038874531356354,0.891829422222351,3.0,-53.56161
Hear My Ship: Sail Boats,Sail Boat_26.08.23_074840_20secCPA.wav,0.22639314652910522,0.9618276545972148,2.0,-50.782066
Hear My Ship: Sail Boats,Sail Boat_26.08.23_080711_20secCPA.wav,0.4863740511767599,0.9199154408404616,5.0,-57.68353
Hear My Ship: Sail Boats,Sail Boat_26.08.23_081505_20secCPA.wav,0.9999987789279322,0.9181350417307526,5.0,-53.767017
Hear My Ship: Sail Boats,Sail Boat_26.08.23_081657_20secCPA.wav,0.22895470236676077,0.9306187837189188,3.0,-49.152313
Hear My Ship: Sail Boats,Sail Boat_26.08.23_082619_20secCPA.wav,0.9096866892046339,0.9385567742806861,4.0,-52.607426
Hear My Ship: Sail Boats,Sail Boat_26.08.23_084723_20secCPA.wav,0.40285441703916264,0.9739493425472386,3.0,-51.57969
Hear My Ship: Sail Boats,Sail Boat_26.08.23_112308_20secCPA.wav,0.7409222463944697,0.9340761372752588,4.0,-56.349125
Hear My Ship: Sail Boats,Sail Boat_26.08.23_131226_20secCPA.wav,0.9433689434538521,0.9703674624362364,5.0,-49.491318
Hear My Ship: Sail Boats,Sail Boat_26.08.23_134144_20secCPA.wav,0.9001374983814387,0.8568389466552518,4.0,-47.982323
Hear My Ship: Sail Boats,Sail Boat_26.08.23_140119_20secCPA.wav,0.782939522056907,0.9466925756398318,3.0,-47.69495
Hear My Ship: Sail Boats,Sail Boat_26.08.23_143249_20secCPA.wav,0.6641416260482385,0.9546322697666911,3.0,-49.25163
Hear My Ship: Sail Boats,Sail Boat_26.08.23_143950_20secCPA.wav,0.9907584011474447,0.9205061756961457,4.0,-41.232983
Hear My Ship: Sail Boats,Sail Boat_26.08.23_150326_20secCPA.wav,0.6071822464445102,0.9427194305044845,2.0,-46.989548
Hear My Ship: Sail Boats,Sail Boat_26.08.23_150528_20secCPA.wav,0.4112068931803974,0.9235321327084846,2.0,-57.26252
Hear My Ship: Sail Boats,Sail Boat_26.08.23_153547_20secCPA.wav,0.861416202721833,0.9471659590310515,4.0,-55.29622
Hear My Ship: Sail Boats,Sail Boat_26.08.23_184651_20secCPA.wav,0.9999978096089388,0.8438077072873003,3.0,-36.649696
Hear My Ship: Sail Boats,Sail Boat_27.08.23_081515_20secCPA.wav,0.4817764712567292,0.9121546424753226,2.0,-56.60013
Hear My Ship: Sail Boats,Sail Boat_27.08.23_083709_20secCPA.wav,0.9527664064767496,0.911416621602133,4.0,-50.260662
Hear My Ship: Sail Boats,Sail Boat_27.08.23_084921_20secCPA.wav,0.8902461865097476,0.9368883837188109,3.0,-56.46263
Hear My Ship: Sail Boats,Sail Boat_27.08.23_092317_20secCPA.wav,0.5921655476887994,0.9315158036660881,2.0,-44.51256
Hear My Ship: Sail Boats,Sail Boat_27.08.23_095149_20secCPA.wav,0.9995402242926995,0.9510633859305087,2.0,-52.88616
Hear My Ship: Sail Boats,Sail Boat_31.08.23_104636_20secCPA.wav,0.7365312773186099,0.9190673727065968,3.0,-49.745335
Hear My Ship: Sail Boats,Sail Boat_31.08.23_104815_20secCPA.wav,0.6802042907859647,0.9204365021843062,2.0,-47.883965
Hear My Ship: Sail Boats,Sail Boat_31.08.23_115812_20secCPA.wav,0.8108839232699719,0.943866693087057,3.0,-52.363495
Hear My Ship: Sail Boats,Sail Boat_31.08.23_124720_20secCPA.wav,0.9678869019050693,0.9376681822740842,3.0,-46.145607
Hear My Ship: Sail Boats,Sail Boat_31.08.23_131122_20secCPA.wav,0.5908595578834733,0.9714177298573453,3.0,-51.34838
Hear My Ship: Sail Boats,Sail Boat_31.08.23_131317_20secCPA.wav,0.513356340079136,0.9105047866685266,2.0,-55.21639
Hear My Ship: Sail Boats,Sail Boat_31.08.23_133212_20secCPA.wav,0.5862297158693496,0.8526732227326687,3.0,-55.2342
Hear My Ship: Sail Boats,Sail Boat_31.08.23_141703_20secCPA.wav,0.9978743985046403,0.9168313539822708,5.0,-56.30772
Hear My Ship: Sail Boats,Sail Boat_31.08.23_161418_20secCPA.wav,0.9980452105492571,0.9665035359147729,6.0,-52.529503
Hear My Ship: Sail Boats,Sail Boat_31.08.23_182629_20secCPA.wav,0.9874437151863708,0.9666714859755313,20.0,-40.16648
Hear My Ship: Sail Boats,Sail Boat_31.08.23_183518_20secCPA.wav,0.3028896295501858,0.975894601218988,2.0,-54.29455
Hear My Ship: Sail Boats,Sail Boat_31.08.23_183930_20secCPA.wav,0.8503098352502197,0.9437254962364785,7.0,-51.268852
Hear My Ship: Sail Boats,SailBoat_02.08.23_112605_20secCPA.wav,0.5373130040727806,0.9046195775445536,3.0,-49.356083
Hear My Ship: Sail Boats,SailBoat_03.08.23_111457_20secCPA.wav,0.5635574668323771,0.9106307971413956,3.0,-49.420773
Hear My Ship: Sail Boats,Sailboat_03.08.23_131030_20secCPA.wav,0.8565343343623365,0.8718139007774299,5.0,-48.77773
Hear My Ship: Sail Boats,Sailboat_03.08.23_131646_20secCPA.wav,0.898419354774946,0.9184806100510757,3.0,-38.22995
Hear My Ship: Sail Boats,Sailboat_03.08.23_132247_20secCPA.wav,0.8436533483247238,0.9607403412806241,16.0,-48.057407
Hear My Ship: Sail Boats,Sailboat_03.08.23_132440_20secCPA.wav,0.21301918354455773,0.9878253750994686,2.0,-51.561447
Hear My Ship: Sail Boats,Sailboat_03.08.23_135950_20secCPA.wav,0.8936352005023772,0.9778376404797114,3.0,-59.073364
Hear My Ship: Sail Boats,Sailboat_03.08.23_140928_20secCPA.wav,0.9021921553522566,0.9891199783794885,3.0,-47.626617
Hear My Ship: Sail Boats,Sailboat_03.08.23_150704_20secCPA.wav,0.9206195041733857,0.9902472770445252,5.0,-47.6949
Hear My Ship: Sail Boats,Sailboat_03.08.23_151852_20secCPA.wav,0.4723988917873633,0.9492610930411636,2.0,-55.579376
Hear My Ship: Sail Boats,Sailboat_03.08.23_161808_20secCPA.wav,0.3871177148524795,0.9070894435457214,3.0,-52.343475
Hear My Ship: Sail Boats,sailboat_03.09.23_155602_20secCPA.wav,0.8240239920698481,0.9418669729703099,2.0,-36.384274
Hear My Ship: Sail Boats,Sailboat_04.09.23_091727_20secCPA.wav,0.9461377317598687,0.9319833481828299,5.0,-52.994156
Hear My Ship: Sail Boats,Sailboat_04.09.23_103143_20secCPA.wav,0.9999235481823556,0.8821487423770201,7.0,-52.56682
Hear My Ship: Sail Boats,Sailboat_04.09.23_105330_20secCPA.wav,0.48529698942229454,0.9814156901357435,2.0,-53.68105
Hear My Ship: Sail Boats,Sailboat_04.09.23_105641_20secCPA.wav,0.4808422239847057,0.9298138298366198,2.0,-52.090458
Hear My Ship: Sail Boats,Sailboat_04.09.23_110015_20secCPA.wav,0.6760374727207882,0.9792026495309542,3.0,-56.69949
Hear My Ship: Sail Boats,Sailboat_04.09.23_112818_20secCPA.wav,0.6602698478633018,0.8902026080398777,3.0,-56.69247
Hear My Ship: Sail Boats,Sailboat_04.09.23_113903_20secCPA.wav,0.5334425240882115,0.9692075931715786,2.0,-57.33601
Hear My Ship: Sail Boats,Sailboat_04.09.23_122022_20secCPA.wav,0.8978415489601681,0.9784807323926605,4.0,-51.602158
Hear My Ship: Sail Boats,Sailboat_04.09.23_132729_20secCPA.wav,0.955620132643239,0.8536204776943037,2.0,-58.972923
Hear My Ship: Sail Boats,Sailboat_04.09.23_135607_20secCPA.wav,0.9969672985229627,0.9330644779077245,6.0,-48.61809
Hear My Ship: Sail Boats,Sailboat_04.09.23_141823_20secCPA.wav,0.33156436850170967,0.9119371419305059,3.0,-51.64166
Hear My Ship: Sail Boats,Sailboat_04.09.23_143434_20secCPA.wav,0.9999960457334442,0.9708268759805153,4.0,-55.93914
Hear My Ship: Sail Boats,Sailboat_04.09.23_144302_20secCPA.wav,0.37289433217211365,0.9244290676790311,2.0,-59.523453
Hear My Ship: Sail Boats,Sailboat_04.09.23_153601_20secCPA.wav,0.9893035463220131,0.8958996123575413,3.0,-51.57554
Hear My Ship: Sail Boats,Sailboat_04.09.23_154414_20secCPA.wav,0.6328269118748373,0.9275893076761386,3.0,-51.927032
Hear My Ship: Sail Boats,Sailboat_04.09.23_162709_20secCPA.wav,0.35495644182310365,0.9470217040130896,2.0,-60.727787
Hear My Ship: Sail Boats,Sailboat_04.09.23_165220_20secCPA.wav,0.6414190464382638,0.9706627350978964,3.0,-59.299652
Hear My Ship: Sail Boats,Sailboat_04.09.23_175928_20secCPA.wav,0.8450216714346784,0.9412225996286873,3.0,-55.136913
Hear My Ship: Sail Boats,Sailboat_05.09.23_121427_20secCPA.wav,0.5141298733779731,0.93833060627618,3.0,-55.092514
Hear My Ship: Sail Boats,Sailboat_05.09.23_131823_20secCPA.wav,0.8864662473345172,0.9417309093771111,3.0,-52.854866
Hear My Ship: Sail Boats,Sailboat_05.09.23_132014_20secCPA.wav,0.989075908446057,0.8994068148302915,6.0,-50.407734
Hear My Ship: Sail Boats,Sailboat_05.09.23_133425_20secCPA.wav,0.7537669051407949,0.9551451157672213,5.0,-52.004322
Hear My Ship: Sail Boats,Sailboat_05.09.23_140336_20secCPA.wav,0.8170894626567081,0.9720116248395568,3.0,-52.393875
Hear My Ship: Sail Boats,Sailboat_05.09.23_143720_20secCPA.wav,0.9642461578930052,0.9619410165256052,3.0,-53.60901
Hear My Ship: Sail Boats,Sailboat_05.09.23_144200_20secCPA.wav,0.22522961649093273,0.7765637205432602,3.0,-54.511864
Hear My Ship: Sail Boats,Sailboat_05.09.23_144813_20secCPA.wav,0.8518314315679991,0.9720100596034339,3.0,-57.857204
Hear My Ship: Sail Boats,Sailboat_05.09.23_145325_20secCPA.wav,0.9065137828806025,0.943941048049676,3.0,-56.202637
Hear My Ship: Sail Boats,Sailboat_05.09.23_175257_20secCPA.wav,0.9633411020932376,0.9457023016033215,4.0,-47.77362
Hear My Ship: Sail Boats,Sailboat_05.09.23_185616_20secCPA.wav,0.4694681658559498,0.9395174881827697,3.0,-53.51534
Hear My Ship: Sail Boats,Sailboat_06.09.23_091032_20secCPA.wav,0.8588672729070607,0.9369484774043745,6.0,-54.80637
Hear My Ship: Sail Boats,Sailboat_06.09.23_091755_20secCPA.wav,0.6019615616678418,0.939379635092695,2.0,-55.025665
Hear My Ship: Sail Boats,Sailboat_06.09.23_104026_20secCPA.wav,0.9063973675485324,0.9042532320400807,4.0,-49.61206
Hear My Ship: Sail Boats,Sailboat_08.08.23_110033_20secCPA.wav,0.8028245207585158,0.94053743723452,4.0,-47.742252
Hear My Ship: Sail Boats,Sailboat_08.08.23_145557_20secCPA.wav,0.4571909834798378,0.9596797676682522,3.0,-57.646774
Hear My Ship: Sail Boats,Sailboat_08.08.23_182415_20secCPA.wav,0.41000265348569265,0.9690424451468047,3.0,-54.34254
Hear My Ship: Sail Boats,Sailboat_16.08.23_113553_20secCPA.wav,0.7749349871408168,0.8697192714051379,3.0,-49.675785
Hear My Ship: Sail Boats,Sailboat_16.08.23_122507_20secCPA.wav,0.6439933593905393,0.887856253565997,3.0,-56.49225
Hear My Ship: Sail Boats,Sailboat_28.08.23_100113_20secCPA.wav,0.27125857554525107,0.9843264430199675,3.0,-49.518417
Hear My Ship: Sail Boats,Sailboat_28.08.23_103135_20secCPA.wav,0.9812344560944881,0.9271933860990229,5.0,-50.11734
Hear My Ship: Sail Boats,Sailboat_28.08.23_105802_20secCPA.wav,0.8210345972307249,0.9214125672279756,3.0,-52.05702
Hear My Ship: Sail Boats,Sailboat_28.08.23_110126_20secCPA.wav,0.9999990296259451,0.9482339420964043,6.0,-52.628498
Hear My Ship: Sail Boats,Sailboat_28.08.23_111044_20secCPA.wav,0.3212786542770977,0.951606506344286,3.0,-55.312366
Hear My Ship: Sail Boats,Sailboat_28.08.23_112633_20secCPA.wav,0.9999989093943524,0.8545207672132582,4.0,-53.252594
Hear My Ship: Sail Boats,Sailboat_28.08.23_135200_20secCPA.wav,0.952555902972043,0.9431952662220169,4.0,-59.465527
Hear My Ship: Sail Boats,Sailboat_28.08.23_142421_20secCPA.wav,0.2030191762464415,0.1505290322389524,6.0,-47.427746
Hear My Ship: Sail Boats,Yacht_09.08.23_113013_20secCPA.wav,0.9643918747776788,0.9673026406693631,17.0,-34.542946
Hear My Ship: Sail Boats,Yacht_16.08.22_132136_20secCPA.wav,0.726626350885261,0.8601628468894823,2.0,-44.88075
Hear My Ship: Ferries,Postira_Ferry_02.09.23_075820_20secCPA.wav,0.9120689655172414,0.8387749640096598,2.0,-36.756897
Hear My Ship: Ferries,Postira_Ferry_09.08.23_132030_20secCPA.wav,0.5367660795081913,0.9204453835198163,2.0,-30.121872
Hear My Ship: Ferries,Postira_Ferry_09.08.23_154736_20secCPA.wav,0.9966109670255706,0.9316738419656442,16.0,-30.621168
Hear My Ship: Ferries,Postira_Ferry_16.08.23_132548_20secCPA.wav,0.6405551724137931,0.9390616931414699,3.0,-30.785398
Hear My Ship: Ferries,Postira_Ferry_17.08.23_071810_20secCPA.wav,0.6229112323136511,0.9215573639232282,3.0,-33.82273
Hear My Ship: Ferries,Postira_Ferry_18.08.23_071341_20secCPA.wav,0.8349771594410719,0.9683525773212384,3.0,-34.199753
Hear My Ship: Ferries,Postira_Ferry_18.08.23_123557_20secCPA.wav,0.7069167903125448,0.9143123957641344,3.0,-31.76078
Hear My Ship: Ferries,Postira_Ferry_22.08.23_123417_20secCPA.wav,0.7833339986655337,0.974125814703251,3.0,-33.833374
Hear My Ship: Ferries,Postira_Ferry_23.08.23_071407_20secCPA.wav,0.5782585576004471,0.933983120730412,3.0,-34.038902
Hear My Ship: Ferries,Postira_Ferry_24.08.23_071337_20secCPA.wav,0.9292798323831798,0.9476198066239327,14.0,-33.13439
Hear My Ship: Ferries,Postira_Ferry_24.08.23_093720_20secCPA.wav,0.5780974143063342,0.9388415632564496,2.0,-29.462717
Hear My Ship: Ferries,Postira_Ferry_24.08.23_125143_20secCPA.wav,0.4622408199917483,0.9134547708409652,2.0,-30.495033
Hear My Ship: Ferries,Postira_Ferry_25.08.23_093942_20secCPA.wav,0.5856292813594319,0.9379804314966536,2.0,-29.17834
Hear My Ship: Ferries,Postira_Ferry_25.08.23_151303_20secCPA.wav,0.7178065186689181,0.904759434613574,3.0,-33.52862
Hear My Ship: Ferries,Postira_Ferry_26.08.23_154942_20secCPA.wav,0.5081808016909951,0.9455823212889339,2.0,-31.81948
Hear My Ship: Ferries,Postira_Ferry_27.08.23_090941_20secCPA.wav,0.752161712440355,0.9477852084091015,2.0,-32.753838
Hear My Ship: Ferries,Jadrolinija_01.09.23_100856_20secCPA.wav,0.23251084264820565,0.9522641256775295,2.0,-35.860046
Hear My Ship: Ferries,Jadrolinija_01.09.23_113815_20secCPA.wav,0.29695270878760904,0.8812510187715988,3.0,-32.553947
Hear My Ship: Ferries,Jadrolinija_03.08.23_113715_20secCPA.wav,0.31486721103856247,0.8524866913111069,3.0,-31.801598
Hear My Ship: Ferries,Jadrolinija_04.09.23_113659_20secCPA.wav,0.7900642640354866,0.8536818738234153,2.0,-31.44163
Hear My Ship: Ferries,Jadrolinija_04.09.23_155830_20secCPA.wav,0.23513869039334367,0.9513211860316638,2.0,-33.339264
Hear My Ship: Ferries,Jadrolinija_05.09.23_163931_20secCPA.wav,0.7390294259337548,0.9256627888476219,3.0,-33.062626
Hear My Ship: Ferries,Jadrolinija_09.08.23_083923_20secCPA.wav,0.7851203616440107,0.9692145874668718,3.0,-33.44538
Hear My Ship: Ferries,Jadrolinija_09.08.23_163936_20secCPA.wav,0.8221559212591932,0.95084321375895,3.0,-33.72581
Hear My Ship: Ferries,Jadrolinija_16.08.23_154324_20secCPA.wav,0.36581454810229597,0.9272018474229078,2.0,-36.25909
Hear My Ship: Ferries,Jadrolinija_16.08.23_163759_20secCPA.wav,0.8633569787594212,0.8739817787641133,3.0,-33.31089
Hear My Ship: Ferries,Jadrolinija_21.08.23_114110_20secCPA.wav,0.7622661885629748,0.8576527696307237,2.0,-30.049612
Hear My Ship: Ferries,Jadrolinija_21.08.23_163905_20secCPA.wav,0.8072006070454881,0.9307358878429854,2.0,-33.050175
Hear My Ship: Ferries,Jadrolinija_22.08.23_113853_20secCPA.wav,0.8196354718706487,0.8888302387899427,3.0,-33.922714
Hear My Ship: Ferries,Jadrolinija_23.08.23_083955_20secCPA.wav,0.7798514661686682,0.95303688726683,2.0,-32.252125
Hear My Ship: Ferries,Jadrolinija_26.08.23_163835_20secCPA.wav,0.7445417414154094,0.9500101981511982,3.0,-32.19127
Hear My Ship: Ferries,Jadrolinija_31.08.23_113807_20secCPA.wav,0.7922183673622974,0.9451593566824419,3.0,-31.641975
Hear My Ship: Ferries,Jadrolinija_Lara_01.09.23_071227_20secCPA.wav,0.195643974353913,0.9453102555021171,2.0,-46.58346
Hear My Ship: Ferries,Jadrolinija_Lara_02.09.23_125128_20secCPA.wav,0.8216676734551511,0.8793639236393098,4.0,-43.110676
Hear My Ship: Ferries,Jadrolinija_Lara_03.09.23_081906_20secCPA.wav,0.2598395641122401,0.8634369413360151,3.0,-41.5111
Hear My Ship: Ferries,Jadrolinija_Lara_04.09.23_093746_20secCPA.wav,0.2802566391859391,0.9708070181209845,2.0,-51.65537
Hear My Ship: Ferries,Jadrolinija_Lara_04.09.23_131136_20secCPA.wav,0.5489564855454983,0.8975568019980675,2.0,-42.91821
Hear My Ship: Ferries,Jadrolinija_Lara_04.09.23_150354_20secCPA.wav,0.49595164550874005,0.9458521535950493,3.0,-47.134052
Hear My Ship: Ferries,Jadrolinija_Lara_05.09.23_131204_20secCPA.wav,0.4239952463177938,0.8865689847039999,3.0,-41.194153
Hear My Ship: Ferries,Jadrolinija_Lara_31.08.23_093647_20secCPA.wav,0.8217814400708626,0.7871322055586188,3.0,-42.88932
Hear My Ship: Ferries,Jadrolinija_Lara_31.08.23_125402_20secCPA.wav,0.8205512102133953,0.8839439903698109,3.0,-42.240433
Hear My Ship: Ferries,Miatours_Blue_Yellow_Ferry_01.09.23_135624_20secCPA.wav,0.8591079954292438,0.877078790036952,2.0,-43.71777
Hear My Ship: Ferries,Miatours_Blue_Yellow_Ferry_04.09.23_090627_20secCPA.wav,0.48221086441639144,0.9429492895103286,2.0,-45.359528
Hear My Ship: Ferries,Miatours_Blue_Yellow_Ferry_17.08.23_072322_20secCPA.wav,0.7251689270139454,0.9418550280890009,3.0,-40.43067
Hear My Ship: Ferries,Miatours_Blue_Yellow_Ferry_21.08.23_135742_20secCPA.wav,0.8823483972595613,0.880029298073805,4.0,-42.899708
Hear My Ship: Ferries,Miatours_Blue_Yellow_Ferry_24.08.23_072024_20secCPA.wav,0.7811251026859999,0.5853024609473066,3.0,-40.833553
Hear My Ship: Ferries,Miatours_Blue_Yellow_Ferry_24.08.23_135734_20secCPA.wav,0.8019097022046244,0.8295649463508317,3.0,-41.840393
Hear My Ship: Ferries,Miatours_Blue_Yellow_Ferry_26.08.23_135838_20secCPA.wav,0.8759404670653383,0.876963830496858,6.0,-41.942276
Hear My Ship: Ferries,Miatours_Blue_Yellow_Ferry_27.08.23_082110_20secCPA.wav,0.7145934698767327,0.7796397023554748,2.0,-40.725082
Hear My Ship: Ferries,Miatours_Blue_Yellow_Ferry_28.08.23_140336_20secCPA.wav,0.7605290086372339,0.8307091640642132,3.0,-40.32303
Hear My Ship: Ferries,Miatours_Blue_Yellow_Ferry_31.08.23_135728_20secCPA.wav,0.9379913425475648,0.9149283863722888,3.0,-44.759933
Departmental Cruise,RBW6922_20250612_051531.wav,0.9876623376623377,0.8895874416639548,2.0,-20.815765
Departmental Cruise,RBW6922_20250612_051600.wav,0.7924074554383539,0.773738289498112,3.0,-49.28709
Departmental Cruise,RBW6922_20250612_051700.wav,0.9131082844200386,0.8148358582325287,2.0,-59.762962
Departmental Cruise,RBW6922_20250612_051800.wav,0.6850093522127308,0.24581713016954568,5.0,-34.89123
Departmental Cruise,RBW6922_20250612_051900.wav,0.8613957467321963,0.754203110810085,3.0,-49.66724
Departmental Cruise,RBW6922_20250612_052000.wav,0.9369250112865832,0.9078095941188445,2.0,-57.735424
Departmental Cruise,RBW6922_20250612_052100.wav,0.8993269134242124,0.6954739969429014,2.0,-10.74524
Departmental Cruise,RBW6922_20250612_052200.wav,0.9876753771687387,0.9099194371905815,2.0,-7.446684
Departmental Cruise,RBW6922_20250612_052300.wav,0.949905609250086,0.8291445966809183,2.0,-7.8376064
Departmental Cruise,RBW6922_20250612_052400.wav,0.7262110846454822,0.3490450930663942,7.0,-15.479347
Departmental Cruise,RBW6922_20250612_052500.wav,0.34009126998599887,0.7012750304842866,2.0,-36.51738
Departmental Cruise,RBW6922_20250612_052600.wav,0.3510153294567813,0.7919658288478414,2.0,-41.94929
Departmental Cruise,RBW6922_20250612_052700.wav,0.5430924867146671,0.8413671532219947,2.0,-45.567875
Departmental Cruise,RBW6922_20250612_052800.wav,0.7660186352780293,0.8174309920717499,3.0,-41.17251
Departmental Cruise,RBW6922_20250612_052900.wav,0.9919387208573226,0.8323256872978256,2.0,-43.426094
Departmental Cruise,RBW6922_20250612_053000.wav,0.9323799207726028,0.6443778946665374,6.0,-33.940865
Departmental Cruise,RBW6922_20250612_053100.wav,0.9111675696272078,0.21621807447269906,4.0,-18.629791
Departmental Cruise,RBW6922_20250612_053200.wav,0.917116688197236,0.4498299462152949,5.0,-44.977093
Departmental Cruise,RBW6922_20250612_053300.wav,0.9507340631866766,0.6092296651351458,5.0,-51.668205
Departmental Cruise,RBW6922_20250612_053400.wav,0.9482768400146749,0.47701843445160136,5.0,-49.294724
Departmental Cruise,RBW6922_20250612_053500.wav,0.9240704221217341,0.6098365663156019,3.0,-48.84232
Departmental Cruise,RBW6922_20250612_053600.wav,0.7814186556222046,0.42771726508773683,3.0,-27.665941
Departmental Cruise,RBW6922_20250612_053700.wav,0.9469163040697373,0.3858156210020658,30.0,-41.876007
Departmental Cruise,RBW6922_20250612_053800.wav,0.9439351731466208,0.6449536634852819,5.0,-54.050823
Departmental Cruise,RBW6922_20250612_053900.wav,0.7935983331978034,0.5001739961758381,2.0,-27.19491
Departmental Cruise,RBW6922_20250612_054000.wav,0.8849035204794861,0.8720085180738505,2.0,-64.10007
Departmental Cruise,RBW6922_20250612_054100.wav,0.9820584745706221,0.8693663751160248,3.0,-54.737125
Departmental Cruise,RBW6922_20250612_054200.wav,0.991176600191276,0.929403622875559,5.0,-49.96163
Departmental Cruise,RBW6922_20250612_054300.wav,0.9605290458538449,0.6838863295256181,3.0,-39.922127
Departmental Cruise,RBW6922_20250612_054400.wav,0.8614938964820097,0.48053311605495974,2.0,-27.449547
Departmental Cruise,RBW6922_20250612_054500.wav,0.7354447857732698,0.34973242183030834,9.0,-29.544575
Departmental Cruise,RBW6922_20250612_054600.wav,0.7769622100278767,0.39903466912280106,4.0,-45.046875
Departmental Cruise,RBW6922_20250612_054700.wav,0.8344538199704153,0.30724141527893795,1.0,-21.41246
Departmental Cruise,RBW6922_20250612_054800.wav,0.8569652647918472,0.43592255547676423,3.0,-22.51147
Departmental Cruise,RBW6922_20250612_054900.wav,0.8023087910821216,0.9613137270856823,2.0,-57.925247
Departmental Cruise,RBW6922_20250612_055000.wav,0.6339815406700199,0.5757156347714779,17.0,-28.972857
Departmental Cruise,RBW6922_20250612_055100.wav,0.7121132508699167,0.7550569448555747,15.0,-31.854155
Departmental Cruise,RBW6922_20250612_055200.wav,0.8396308105851369,0.8088182741950183,11.0,-36.0796
Departmental Cruise,RBW6922_20250612_055300.wav,0.9743251604526108,0.8779574794463345,6.0,-35.919632
Departmental Cruise,RBW6922_20250612_055400.wav,0.7071783341374753,0.8718455639538645,9.0,-36.237724
Departmental Cruise,RBW6922_20250612_055500.wav,0.7876086381694059,0.6400190419684849,7.0,-37.377846
Departmental Cruise,RBW6922_20250612_055600.wav,0.9217734284375335,0.66432480485295,7.0,-38.589424
Departmental Cruise,RBW6922_20250612_055700.wav,0.9614164191912504,0.7217057797501752,9.0,-38.309807
Departmental Cruise,RBW6922_20250612_055800.wav,0.9614077852386544,0.7774808472117066,8.0,-38.57045
Departmental Cruise,RBW6922_20250612_055900.wav,0.9623812153431833,0.7238501780178077,7.0,-38.44114
Departmental Cruise,RBW6922_20250612_060000.wav,0.9648864961593414,0.6229829698293287,5.0,-36.93936
Departmental Cruise,RBW6922_20250612_060100.wav,0.9719325063005725,0.6352488528015487,7.0,-38.17109
Departmental Cruise,RBW6922_20250612_060200.wav,0.9635076921685902,0.7325921035988406,10.0,-38.4088
Departmental Cruise,RBW6922_20250612_060300.wav,0.965909737304732,0.6761189611761519,10.0,-37.716114
Departmental Cruise,RBW6922_20250612_060400.wav,0.9379764316302478,0.7118792923995002,3.0,-37.349995
Departmental Cruise,RBW6922_20250612_060500.wav,0.9482032172977828,0.4602978941739429,5.0,-35.417526
Departmental Cruise,RBW6922_20250612_060600.wav,0.9574248098113083,0.6602198729388019,9.0,-36.692448
Departmental Cruise,RBW6922_20250612_060700.wav,0.9249655927764447,0.7117309255544452,14.0,-38.841347
Departmental Cruise,RBW6922_20250612_060800.wav,0.9473164932755394,0.6789221234872085,4.0,-36.108654
Departmental Cruise,RBW6922_20250612_060900.wav,0.8694348622772177,0.5970853531500203,2.0,-37.41802
Departmental Cruise,RBW6922_20250612_061000.wav,0.9571564322051874,0.7002191634823504,9.0,-37.3781
Departmental Cruise,RBW6922_20250612_061100.wav,0.9545828477407884,0.7914044248811004,9.0,-38.365856
Departmental Cruise,RBW6922_20250612_061200.wav,0.958554396235566,0.6595004047163391,9.0,-37.855312
Departmental Cruise,RBW6922_20250612_061300.wav,0.96893827926483,0.7366439721288337,8.0,-37.816093
Departmental Cruise,RBW6922_20250612_061400.wav,0.9640445751256395,0.6824546305057759,6.0,-38.047325
Departmental Cruise,RBW6922_20250612_061500.wav,0.9547460499905732,0.6538696957741984,4.0,-37.78833
Departmental Cruise,RBW6922_20250612_061600.wav,0.9515595858021212,0.5553074387568051,4.0,-36.21363
Departmental Cruise,RBW6922_20250612_061700.wav,0.9416052786594667,0.6545434416904384,7.0,-37.091362
Departmental Cruise,RBW6922_20250612_061800.wav,0.9620897182666517,0.7621459715290242,10.0,-38.645157
Departmental Cruise,RBW6922_20250612_061900.wav,0.9445800423193972,0.6585018169432382,8.0,-36.705956
Departmental Cruise,RBW6922_20250612_062000.wav,0.9704088259218784,0.7199236272671872,5.0,-37.902943
Departmental Cruise,RBW6922_20250612_062100.wav,0.9521595190668384,0.5974509078313894,7.0,-36.539482
Departmental Cruise,RBW6922_20250612_062200.wav,0.9251680919907751,0.7080857212277509,4.0,-37.099545
Departmental Cruise,RBW6922_20250612_062300.wav,0.9497585461154151,0.7025994956523404,4.0,-38.186333
Departmental Cruise,RBW6922_20250612_062400.wav,0.927964241960962,0.7446165476885999,6.0,-37.4457
Departmental Cruise,RBW6922_20250612_062500.wav,0.9511551771993356,0.6488504464657099,6.0,-36.653534
Departmental Cruise,RBW6922_20250612_062600.wav,0.9635865850681987,0.6619349937242659,8.0,-37.249004
Departmental Cruise,RBW6922_20250612_062700.wav,0.9425308906957147,0.6869317056415637,6.0,-37.687317
Departmental Cruise,RBW6922_20250612_062800.wav,0.9667498752545942,0.6830345406379287,9.0,-37.63098
Departmental Cruise,RBW6922_20250612_062900.wav,0.9552176210154633,0.6661333006852314,10.0,-37.31494
Departmental Cruise,RBW6922_20250612_063000.wav,0.9547335994427556,0.664491913457336,8.0,-37.421288
Departmental Cruise,RBW6922_20250612_063100.wav,0.9560521170200841,0.6180584470368292,7.0,-36.897446
Departmental Cruise,RBW6922_20250612_063200.wav,0.9613405398687441,0.6826257468067571,7.0,-37.4817
Departmental Cruise,RBW6922_20250612_063300.wav,0.9664762740738988,0.6767222073861706,8.0,-37.646812
Departmental Cruise,RBW6922_20250612_063400.wav,0.9577794642832217,0.5707739136711527,3.0,-37.312023
Departmental Cruise,RBW6922_20250612_063500.wav,0.9516461841283835,0.6236239587681082,7.0,-37.22141
Departmental Cruise,RBW6922_20250612_063600.wav,0.961164464954129,0.726933459506903,9.0,-37.05626
Departmental Cruise,RBW6922_20250612_063700.wav,0.9560911788603511,0.7168704174931008,6.0,-36.769432
Departmental Cruise,RBW6922_20250612_063800.wav,0.9475156176027434,0.7105594623750243,9.0,-37.709118
Departmental Cruise,RBW6922_20250612_063900.wav,0.9488224520161067,0.7340694207770557,10.0,-37.502625
Departmental Cruise,RBW6922_20250612_064000.wav,0.9526393618192558,0.5817081424438251,6.0,-37.111862
Departmental Cruise,RBW6922_20250612_064100.wav,0.9561193352248015,0.6721866587098626,7.0,-36.838787
Departmental Cruise,RBW6922_20250612_064200.wav,0.957946087369936,0.6764192523063958,8.0,-36.39755
Departmental Cruise,RBW6922_20250612_064300.wav,0.9497304349886514,0.630438491432559,5.0,-37.262436
Departmental Cruise,RBW6922_20250612_064400.wav,0.9409486744042989,0.7036175918084795,9.0,-37.307373
Departmental Cruise,RBW6922_20250612_064500.wav,0.9522871382456102,0.6244994461416831,5.0,-36.155403
Departmental Cruise,RBW6922_20250612_064600.wav,0.9574431205045468,0.6651751052919276,7.0,-37.526737
Departmental Cruise,RBW6922_20250612_064700.wav,0.9487135908587169,0.66414808515026,5.0,-37.12293
Departmental Cruise,RBW6922_20250612_064800.wav,0.9309599449572644,0.6522585810621386,5.0,-37.167744
Departmental Cruise,RBW6922_20250612_064900.wav,0.7204059024586188,0.6780522388858694,7.0,-38.210674
Departmental Cruise,RBW6922_20250612_065000.wav,0.7495262794058788,0.6171876675814564,3.0,-37.611675
Departmental Cruise,RBW6922_20250612_065100.wav,0.932868187454412,0.6383332739098693,8.0,-36.183426
Departmental Cruise,RBW6922_20250612_065200.wav,0.952072428536295,0.6011496777977344,7.0,-36.64499
Departmental Cruise,RBW6922_20250612_065300.wav,0.9285744088184602,0.6126353890071979,11.0,-37.161633
Departmental Cruise,RBW6922_20250612_065400.wav,0.9446984599225811,0.7014125129864134,6.0,-37.66388
Departmental Cruise,RBW6922_20250612_065600.wav,0.9650610983293982,0.6856944134727875,7.0,-37.260735
Departmental Cruise,RBW6922_20250612_065700.wav,0.9474389288646782,0.6644479697155322,4.0,-36.720596
Departmental Cruise,RBW6922_20250612_065800.wav,0.9507252116752568,0.6829940001642898,10.0,-37.244392
Departmental Cruise,RBW6922_20250612_065900.wav,0.9712799588956793,0.7343036439378533,10.0,-36.86252
Departmental Cruise,RBW6922_20250612_070000.wav,0.9626736107413595,0.6985177677846962,8.0,-36.6744
Departmental Cruise,RBW6922_20250612_070100.wav,0.9416077491868529,0.5845626789668884,10.0,-36.372314
Departmental Cruise,RBW6922_20250612_070200.wav,0.9500898835093922,0.7086694500810328,5.0,-37.86772
Departmental Cruise,RBW6922_20250612_070300.wav,0.9407879715652121,0.6689101198255131,11.0,-37.129387
Departmental Cruise,RBW6922_20250612_070400.wav,0.9651226866652399,0.7240776619706621,7.0,-37.47668
Departmental Cruise,RBW6922_20250612_070500.wav,0.9391939813519024,0.6069233594759675,10.0,-37.658493
Departmental Cruise,RBW6922_20250612_070600.wav,0.9531994970083701,0.6422184549862607,11.0,-37.034203
Departmental Cruise,RBW6922_20250612_070700.wav,0.9556035392668453,0.639892837662772,8.0,-37.008366
Departmental Cruise,RBW6922_20250612_070800.wav,0.9567117356316287,0.6564924529850585,8.0,-36.401047
Departmental Cruise,RBW6922_20250612_070900.wav,0.9642277519235353,0.6614827479053329,7.0,-36.71105
Departmental Cruise,RBW6922_20250612_071000.wav,0.9674305297264855,0.6133551720093146,2.0,-36.979614
Departmental Cruise,RBW6922_20250612_071100.wav,0.9563749162430816,0.6835870334932469,8.0,-36.60325
Departmental Cruise,RBW6922_20250612_071200.wav,0.9552987517906413,0.6292954864504154,8.0,-36.009903
Departmental Cruise,RBW6922_20250612_071300.wav,0.970732594651592,0.6400915293349901,6.0,-36.748287
Departmental Cruise,RBW6922_20250612_071400.wav,0.9602610407787302,0.5663495325097653,4.0,-36.80265
Departmental Cruise,RBW6922_20250612_071500.wav,0.9633079382701372,0.6043166421877826,9.0,-36.81622
Departmental Cruise,RBW6922_20250612_071600.wav,0.9554518056632575,0.5993355691016058,11.0,-36.32949
Departmental Cruise,RBW6922_20250612_071700.wav,0.9596293580960311,0.5591833974276913,4.0,-36.869865
Departmental Cruise,RBW6922_20250612_071800.wav,0.9283478938165682,0.7036703465037778,5.0,-37.424698
Departmental Cruise,RBW6922_20250612_071900.wav,0.9305721205140127,0.6950112350799449,8.0,-36.91254
Departmental Cruise,RBW6922_20250612_072000.wav,0.9485108229471996,0.647125874819228,6.0,-37.04007
Departmental Cruise,RBW6922_20250612_072100.wav,0.9671656496971429,0.7072742062556374,9.0,-37.0597
Departmental Cruise,RBW6922_20250612_072200.wav,0.9567422558903721,0.6655928532227168,9.0,-36.578686
Departmental Cruise,RBW6922_20250612_072300.wav,0.9462643342686609,0.6686681604713124,8.0,-37.325817
Departmental Cruise,RBW6922_20250612_072400.wav,0.9646780883800229,0.5742975087891818,7.0,-36.658672
Departmental Cruise,RBW6922_20250612_072500.wav,0.9387073968327503,0.63357652161266,4.0,-36.33635
Departmental Cruise,RBW6922_20250612_072600.wav,0.9625448833735407,0.6101764169938685,10.0,-35.624954
Departmental Cruise,RBW6922_20250612_072700.wav,0.9471808892037954,0.6598214098851198,7.0,-36.412434
Departmental Cruise,RBW6922_20250612_072800.wav,0.9447336282977655,0.5683026233634777,7.0,-35.79616
Departmental Cruise,RBW6922_20250612_072900.wav,0.9584372697190587,0.6740399370413072,6.0,-36.973778
Departmental Cruise,RBW6922_20250612_073000.wav,0.9776443112969405,0.7010005855589164,5.0,-37.367626
Departmental Cruise,RBW6922_20250612_073100.wav,0.9541790679199073,0.7191191702677786,10.0,-37.012928
Departmental Cruise,RBW6922_20250612_073200.wav,0.9560015537799383,0.6138353933667566,11.0,-36.375984
Departmental Cruise,RBW6922_20250612_073300.wav,0.9230480369123937,0.6754245305233658,7.0,-36.846695
Departmental Cruise,RBW6922_20250612_073400.wav,0.9434280467787657,0.6754381759518208,10.0,-37.2208
Departmental Cruise,RBW6922_20250612_073500.wav,0.9301086959836065,0.6200238921283828,8.0,-36.915257
Departmental Cruise,RBW6922_20250612_073600.wav,0.9506956200830721,0.5932317492828004,8.0,-36.622997
Departmental Cruise,RBW6922_20250612_073700.wav,0.9471010323031656,0.6841960859783885,8.0,-37.319874
Departmental Cruise,RBW6922_20250612_073800.wav,0.9456170662991155,0.7292743944440487,13.0,-36.524105
Departmental Cruise,RBW6922_20250612_073900.wav,0.9343147565701467,0.6562292910094939,9.0,-36.69996
Departmental Cruise,RBW6922_20250612_074000.wav,0.9572123659680415,0.5448666282562471,7.0,-36.313297
Departmental Cruise,RBW6922_20250612_074100.wav,0.944002839816192,0.6523785961129657,11.0,-37.054173
Departmental Cruise,RBW6922_20250612_074200.wav,0.9598064842860374,0.6558089997695454,7.0,-37.052273
Departmental Cruise,RBW6922_20250612_074300.wav,0.9443130473460034,0.686140423440138,7.0,-37.617165
Departmental Cruise,RBW6922_20250612_074400.wav,0.9386431441094055,0.6378452139323078,10.0,-36.786507
Departmental Cruise,RBW6922_20250612_074500.wav,0.9533376313866321,0.7180446791548887,10.0,-37.64032
Departmental Cruise,RBW6922_20250612_074600.wav,0.9425188417234298,0.6489682396516918,13.0,-36.898083
Departmental Cruise,RBW6922_20250612_074700.wav,0.9110210103950713,0.6853940994494723,12.0,-37.063114
Departmental Cruise,RBW6922_20250612_074800.wav,0.9331900464282007,0.685698305393454,3.0,-36.541935
Departmental Cruise,RBW6922_20250612_074900.wav,0.953641878449532,0.6314774043662518,4.0,-36.65852
Departmental Cruise,RBW6922_20250612_075000.wav,0.9270510379715091,0.7459835031330821,14.0,-36.76886
Departmental Cruise,RBW6922_20250612_075100.wav,0.9416790075959375,0.7012853667430173,8.0,-36.80288
Departmental Cruise,RBW6922_20250612_075200.wav,0.9444285957318784,0.7010219500792941,8.0,-36.54104
Departmental Cruise,RBW6922_20250612_075300.wav,0.9242718228601471,0.596860263252644,10.0,-36.77565
Departmental Cruise,RBW6922_20250612_075400.wav,0.9015704608133586,0.6346696145482819,9.0,-36.672935
Departmental Cruise,RBW6922_20250612_075500.wav,0.710738140059738,0.6730221618202107,10.0,-35.47233
Departmental Cruise,RBW6922_20250612_075600.wav,0.8168472709743887,0.6072181854899972,5.0,-18.531439
Departmental Cruise,RBW6922_20250612_075700.wav,0.9815458559290581,0.9216482974449193,6.0,-19.840878
Departmental Cruise,RBW6922_20250612_075800.wav,0.954901439563474,0.8971660623090773,2.0,-25.892292
Departmental Cruise,RBW6922_20250612_075900.wav,0.9706896551724138,0.9235981593522946,2.0,-23.692307
Departmental Cruise,RBW6922_20250612_080000.wav,0.9631549609810479,0.885905590772096,2.0,-24.273163
Departmental Cruise,RBW6922_20250612_080100.wav,0.986231884057971,0.9051630107689906,2.0,-25.38171
Departmental Cruise,RBW6922_20250612_080200.wav,0.9528985507246377,0.892532347064433,2.0,-26.37634
Departmental Cruise,RBW6922_20250612_080300.wav,0.9636363636363635,0.9061737509109707,2.0,-25.933502
Departmental Cruise,RBW6922_20250612_080400.wav,0.8980335540311867,0.9220107640408485,2.0,-29.61962
Departmental Cruise,RBW6922_20250612_080500.wav,0.9775744221229626,0.9020825215623436,4.0,-26.045311
Departmental Cruise,RBW6922_20250612_080600.wav,0.993991415198113,0.9238838901149832,3.0,-25.286152
Departmental Cruise,RBW6922_20250612_080700.wav,0.9499682860252032,0.9005344856719816,3.0,-25.862263
Departmental Cruise,RBW6922_20250612_080800.wav,0.9801743773950827,0.9038248087331748,3.0,-25.267365
Departmental Cruise,RBW6922_20250612_080900.wav,0.950653847312938,0.9258573459885854,2.0,-26.830463
Departmental Cruise,RBW6922_20250612_081000.wav,1.0,0.9947021256855361,2.0,-27.06972
Departmental Cruise,RBW6922_20250612_081100.wav,0.9999824668253879,0.9693604129088759,2.0,-27.573154
Departmental Cruise,RBW6922_20250612_081200.wav,0.8966680250502287,0.8901490274759296,3.0,-26.496565
Departmental Cruise,RBW6922_20250612_081300.wav,0.7976486177743651,0.7434841457926259,3.0,-19.621496
Departmental Cruise,RBW6922_20250612_081400.wav,0.811391834345978,0.6918553775832682,3.0,-16.149347
Departmental Cruise,RBW6922_20250612_081500.wav,0.867497834585205,0.36824806186723436,5.0,-12.22168
Departmental Cruise,RBW6922_20250612_081600.wav,0.944053976725415,0.6570746054152634,10.0,-30.527027
Departmental Cruise,RBW6922_20250612_081700.wav,0.9797595239397907,0.6931193923456807,5.0,-17.034655
Departmental Cruise,RBW6922_20250612_081800.wav,0.81590369526013,0.4553285745849111,4.0,-17.160892
Departmental Cruise,RBW6922_20250612_081900.wav,0.910534931989523,0.6446910090876108,3.0,-13.885481
Departmental Cruise,RBW6922_20250612_082000.wav,0.9995727281124536,0.9463131355064996,3.0,-2.4622283
Departmental Cruise,RBW6922_20250612_082100.wav,0.9998905850650509,0.9672223102206413,2.0,-1.7380637
Departmental Cruise,RBW6922_20250612_082200.wav,0.9967273705973363,0.9734921880482772,3.0,-1.5639813
Departmental Cruise,RBW6922_20250612_082300.wav,0.9992720732356303,0.9723622334272731,3.0,-1.4393495
Departmental Cruise,RBW6922_20250612_082400.wav,0.9991938911695262,0.9748354648703561,2.0,-1.2145352
Departmental Cruise,RBW6922_20250612_082500.wav,0.9989121486407111,0.9769325904046392,2.0,-1.1087177
Departmental Cruise,RBW6922_20250612_082600.wav,0.9990639087033224,0.9793521458073634,2.0,-1.2067792
Departmental Cruise,RBW6922_20250612_082700.wav,0.998781783374655,0.979654833701539,5.0,-1.1163772
Departmental Cruise,RBW6922_20250612_082800.wav,0.9989066912053114,0.980479574538482,3.0,-1.1253062
Departmental Cruise,RBW6922_20250612_082900.wav,0.998744151436329,0.9651072265146646,2.0,-1.102006
Departmental Cruise,RBW6922_20250612_083000.wav,0.9990910947070596,0.9620106111211048,2.0,-1.1839952
Departmental Cruise,RBW6922_20250612_083100.wav,0.9989092516684076,0.9709654507271411,5.0,-1.2338756
Departmental Cruise,RBW6922_20250612_083200.wav,0.9989393669331711,0.9755463456921495,5.0,-1.217878
Departmental Cruise,RBW6922_20250612_083300.wav,0.9990515466135039,0.9804439797263532,2.0,-1.2452893
Departmental Cruise,RBW6922_20250612_083400.wav,0.9989710458271955,0.9782911992294349,2.0,-1.2033479
Departmental Cruise,RBW6922_20250612_083500.wav,0.9986603784042875,0.9670699154661723,2.0,-1.1996905
Departmental Cruise,RBW6922_20250612_083600.wav,0.9989583925163688,0.9789466836569997,2.0,-1.1904976
Departmental Cruise,RBW6922_20250612_083700.wav,0.9990313512980612,0.9844496931142453,3.0,-1.1635519
Departmental Cruise,RBW6922_20250612_083800.wav,0.9989768493793175,0.964877546818582,2.0,-1.1470858
Departmental Cruise,RBW6922_20250612_083900.wav,0.9987999538530676,0.9748799367384812,2.0,-1.2300943
Departmental Cruise,RBW6922_20250612_084000.wav,0.9990485640202533,0.9751600929402681,2.0,-1.2226528
Departmental Cruise,RBW6922_20250612_084100.wav,0.999125624282558,0.9756317752901315,2.0,-1.1420547
Departmental Cruise,RBW6922_20250612_084200.wav,0.9990189066707815,0.9783125572278862,2.0,-1.0310305
Departmental Cruise,RBW6922_20250612_084300.wav,0.9834602475259904,0.9365874307492185,2.0,-1.3225975
Departmental Cruise,RBW6922_20250612_084400.wav,0.9993916328323075,0.973809311704216,2.0,-1.3146338
Departmental Cruise,RBW6922_20250612_084500.wav,0.999277628899138,0.9746271915226098,2.0,-1.3803356
Departmental Cruise,RBW6922_20250612_084600.wav,0.9990483398854259,0.973332074952047,2.0,-1.3548392
Departmental Cruise,RBW6922_20250612_084700.wav,0.9987766870712124,0.9778723109072051,2.0,-1.2764615
Departmental Cruise,RBW6922_20250612_084800.wav,1.0,0.9854534307351335,2.0,-1.1556379
Departmental Cruise,RBW6922_20250612_084900.wav,1.0,0.9965025947777865,2.0,-1.0795658
Departmental Cruise,RBW6922_20250612_085000.wav,0.9999854171463657,0.9900324717604532,2.0,-1.1556982
Departmental Cruise,RBW6922_20250612_085100.wav,1.0,0.9907975353626486,2.0,-1.0450686
Departmental Cruise,RBW6922_20250612_085200.wav,1.0,0.9896746727762529,2.0,-1.0456076
Departmental Cruise,RBW6922_20250612_085300.wav,1.0,0.9922594171662822,2.0,-1.0324128
Departmental Cruise,RBW6922_20250612_085400.wav,1.0,0.9894664692800209,2.0,-1.0594858
Departmental Cruise,RBW6922_20250612_085500.wav,1.0,0.9891646738669219,2.0,-1.1297928
Departmental Cruise,RBW6922_20250612_085600.wav,1.0,0.9854751163770588,2.0,-1.1251601
Departmental Cruise,RBW6922_20250612_085700.wav,1.0,0.9799550492890231,2.0,-1.1032026
Departmental Cruise,RBW6922_20250612_085800.wav,0.9999855052562517,0.9851175906077968,2.0,-1.036371
Departmental Cruise,RBW6922_20250612_085900.wav,0.9998703779506072,0.9872617324774763,2.0,-1.1458759
Departmental Cruise,RBW6922_20250612_090000.wav,0.9981267616010266,0.9473802883594832,3.0,-2.1906288
Departmental Cruise,RBW6922_20250612_090100.wav,0.9975073716596384,0.9676516800277001,3.0,-3.0605695
Departmental Cruise,RBW6922_20250612_090200.wav,0.9979614632036524,0.9711831923707074,3.0,-2.6798406
Departmental Cruise,RBW6922_20250612_090300.wav,0.9971666422901326,0.9569524349511057,3.0,-2.8792253
Departmental Cruise,RBW6922_20250612_090400.wav,0.9974326646887635,0.9485352100296921,3.0,-2.5586078
Departmental Cruise,RBW6922_20250612_090500.wav,0.9988455064939642,0.9659717776809238,3.0,-2.6233876
Departmental Cruise,RBW6922_20250612_090600.wav,0.9992890363700337,0.9671098074432956,3.0,-2.3743885
Departmental Cruise,RBW6922_20250612_090700.wav,0.9293265805550441,0.8331794443709836,3.0,-2.5923393
Departmental Cruise,RBW6922_20250612_090800.wav,0.6196294252704565,0.5853975952997011,9.0,-18.100016
Departmental Cruise,RBW6922_20250612_090900.wav,0.9999666715685227,0.981365814481643,3.0,-32.309574
Departmental Cruise,RBW6922_20250612_091000.wav,0.9999576744513504,0.9836470611369571,3.0,-32.23138
Departmental Cruise,RBW6922_20250612_091100.wav,0.9888720728932482,0.9730506843561931,3.0,-31.824032
Departmental Cruise,RBW6922_20250612_091200.wav,0.9999051755785612,0.9762641727112239,2.0,-31.276184
Departmental Cruise,RBW6922_20250612_091300.wav,0.9998803674054537,0.9752098382658776,3.0,-31.226234
Departmental Cruise,RBW6922_20250612_091400.wav,0.999846003797585,0.9643372624241758,3.0,-31.867054
Departmental Cruise,RBW6922_20250612_091500.wav,0.9999448771624202,0.9862964214284279,3.0,-31.806976
Departmental Cruise,RBW6922_20250612_091600.wav,0.9998503065718278,0.9577784181106516,3.0,-31.629955
Departmental Cruise,RBW6922_20250612_091700.wav,0.9998209518151758,0.9734943494158991,3.0,-31.223848
Departmental Cruise,RBW6922_20250612_091800.wav,0.9999256196645204,0.9743378362295797,3.0,-31.833364
Departmental Cruise,RBW6922_20250612_091900.wav,0.9998834791961183,0.975166884344397,3.0,-31.606792
Departmental Cruise,RBW6922_20250612_092000.wav,0.9998985818145023,0.9712135232425142,3.0,-31.980797
Departmental Cruise,RBW6922_20250612_092100.wav,0.9997732572875973,0.9185468929438897,3.0,-33.319237
Departmental Cruise,RBW6922_20250612_092200.wav,0.9993336444336145,0.9637699783952695,3.0,-33.455753
Departmental Cruise,RBW6922_20250612_092300.wav,0.9986870092610493,0.9421537238706428,3.0,-34.04512
Departmental Cruise,RBW6922_20250612_092400.wav,0.9990534790499491,0.9658168969871411,3.0,-34.108818
Departmental Cruise,RBW6922_20250612_092500.wav,0.9809058857987251,0.8430450292933905,3.0,-24.179571
Departmental Cruise,RBW6922_20250612_092600.wav,0.9996045184253948,0.9640305614595198,3.0,-30.592764
Departmental Cruise,RBW6922_20250612_092700.wav,0.9918739571335199,0.8630857443564574,3.0,-28.93436
Departmental Cruise,RBW6922_20250612_092800.wav,0.9462486002239642,0.929397787007877,5.0,-33.644367
Departmental Cruise,RBW6922_20250612_115214.wav,0.9872254933927275,0.7266546418022327,2.0,-33.87182
